viz: http://127.0.0.1:8788/  (rebuilds data.js on refresh)
22/Sep/2026 09:08:13 - "GET /data.js?t=1 HTTP/1.1" 200 -
22/Sep/2026 09:08:13 - "GET / HTTP/1.1" 200 -
22/Sep/2026 09:08:13 - "GET /ctrl/a28/0127_agentview.png HTTP/1.1" 200 -
22/Sep/2026 09:08:13 - "GET /ctrl/a28/0127_wrist.png HTTP/1.1" 200 -
22/Sep/2026 09:08:26 - "GET /ctrl/a28/0128_agentview.png HTTP/1.1" 200 -
22/Sep/2026 09:08:26 - "GET /ctrl/a28/0134_agentview.png HTTP/1.1" 200 -
22/Sep/2026 09:08:26 - "GET /ctrl/a28/0135_agentview.png HTTP/1.1" 200 -
22/Sep/2026 09:08:26 - "GET /ctrl/a28/0135_wrist.png HTTP/1.1" 200 -
22/Sep/2026 09:08:26 - "GET /ctrl/a28/0136_agentview.png HTTP/1.1" 304 -
22/Sep/2026 09:08:26 - "GET /ctrl/a28/0136_wrist.png HTTP/1.1" 304 -
22/Sep/2026 09:08:26 - "GET /ctrl/a28/0137_agentview.png HTTP/1.1" 200 -
22/Sep/2026 09:08:26 - "GET /ctrl/a28/0141_agentview.png HTTP/1.1" 304 -
22/Sep/2026 09:08:26 - "GET /ctrl/a28/0141_wrist.png HTTP/1.1" 304 -
22/Sep/2026 09:08:26 - "GET /ctrl/a28/0142_agentview.png HTTP/1.1" 200 -
22/Sep/2026 09:08:26 - "GET /ctrl/a28/0142_wrist.png HTTP/1.1" 200 -
22/Sep/2026 09:08:26 - "GET /ctrl/a28/0143_agentview.png HTTP/1.1" 200 -
22/Sep/2026 09:08:26 - "GET /ctrl/a28/0144_agentview.png HTTP/1.1" 304 -
22/Sep/2026 09:08:27 - "GET /ctrl/a28/0147_wrist.png HTTP/1.1" 200 -
----------------------------------------
Exception occurred during processing of request from ('127.0.0.1', 60218)
Traceback (most recent call last):
  File "/home/chener/miniconda3/lib/python3.14/socketserver.py", line 697, in process_request_thread
    self.finish_request(request, client_address)
    ~~~~~~~~~~~~~~~~~~~^^^^^^^^^^^^^^^^^^^^^^^^^
  File "/home/chener/miniconda3/lib/python3.14/socketserver.py", line 362, in finish_request
    self.RequestHandlerClass(request, client_address, self)
    ~~~~~~~~~~~~~~~~~~~~~~~~^^^^^^^^^^^^^^^^^^^^^^^^^^^^^^^
  File "/home/chener/miniconda3/lib/python3.14/http/server.py", line 736, in __init__
    super().__init__(*args, **kwargs)
    ~~~~~~~~~~~~~~~~^^^^^^^^^^^^^^^^^
  File "/home/chener/miniconda3/lib/python3.14/socketserver.py", line 766, in __init__
    self.handle()
    ~~~~~~~~~~~^^
  File "/home/chener/miniconda3/lib/python3.14/http/server.py", line 500, in handle
    self.handle_one_request()
    ~~~~~~~~~~~~~~~~~~~~~~~^^
  File "/home/chener/miniconda3/lib/python3.14/http/server.py", line 488, in handle_one_request
    method()
    ~~~~~~^^
  File "/home/chener/LIBERO/astra_eval/viz/serve.py", line 33, in do_GET
    return SimpleHTTPRequestHandler.do_GET(self)
           ~~~~~~~~~~~~~~~~~~~~~~~~~~~~~~~^^^^^^
  File "/home/chener/miniconda3/lib/python3.14/http/server.py", line 743, in do_GET
    self.copyfile(f, self.wfile)
    ~~~~~~~~~~~~~^^^^^^^^^^^^^^^
  File "/home/chener/miniconda3/lib/python3.14/http/server.py", line 946, in copyfile
    shutil.copyfileobj(source, outputfile)
    ~~~~~~~~~~~~~~~~~~^^^^^^^^^^^^^^^^^^^^
  File "/home/chener/miniconda3/lib/python3.14/shutil.py", line 257, in copyfileobj
    fdst_write(buf)
    ~~~~~~~~~~^^^^^
  File "/home/chener/miniconda3/lib/python3.14/socketserver.py", line 845, in write
    self._sock.sendall(b)
    ~~~~~~~~~~~~~~~~~~^^^
BrokenPipeError: [Errno 32] Broken pipe
----------------------------------------
22/Sep/2026 09:08:27 - "GET /ctrl/a28/0148_agentview.png HTTP/1.1" 200 -
22/Sep/2026 09:08:27 - "GET /ctrl/a28/0149_agentview.png HTTP/1.1" 200 -
22/Sep/2026 09:08:27 - "GET /ctrl/a28/0149_wrist.png HTTP/1.1" 200 -
22/Sep/2026 09:08:27 - "GET /ctrl/a28/0150_agentview.png HTTP/1.1" 304 -
22/Sep/2026 09:08:27 - "GET /ctrl/a28/0150_wrist.png HTTP/1.1" 304 -
22/Sep/2026 09:08:27 - "GET /ctrl/a28/0153_agentview.png HTTP/1.1" 200 -
----------------------------------------
Exception occurred during processing of request from ('127.0.0.1', 60292)
Traceback (most recent call last):
  File "/home/chener/miniconda3/lib/python3.14/socketserver.py", line 697, in process_request_thread
    self.finish_request(request, client_address)
    ~~~~~~~~~~~~~~~~~~~^^^^^^^^^^^^^^^^^^^^^^^^^
  File "/home/chener/miniconda3/lib/python3.14/socketserver.py", line 362, in finish_request
    self.RequestHandlerClass(request, client_address, self)
    ~~~~~~~~~~~~~~~~~~~~~~~~^^^^^^^^^^^^^^^^^^^^^^^^^^^^^^^
  File "/home/chener/miniconda3/lib/python3.14/http/server.py", line 736, in __init__
    super().__init__(*args, **kwargs)
    ~~~~~~~~~~~~~~~~^^^^^^^^^^^^^^^^^
  File "/home/chener/miniconda3/lib/python3.14/socketserver.py", line 766, in __init__
    self.handle()
    ~~~~~~~~~~~^^
  File "/home/chener/miniconda3/lib/python3.14/http/server.py", line 500, in handle
    self.handle_one_request()
    ~~~~~~~~~~~~~~~~~~~~~~~^^
  File "/home/chener/miniconda3/lib/python3.14/http/server.py", line 488, in handle_one_request
    method()
    ~~~~~~^^
  File "/home/chener/LIBERO/astra_eval/viz/serve.py", line 33, in do_GET
    return SimpleHTTPRequestHandler.do_GET(self)
           ~~~~~~~~~~~~~~~~~~~~~~~~~~~~~~~^^^^^^
  File "/home/chener/miniconda3/lib/python3.14/http/server.py", line 743, in do_GET
    self.copyfile(f, self.wfile)
    ~~~~~~~~~~~~~^^^^^^^^^^^^^^^
  File "/home/chener/miniconda3/lib/python3.14/http/server.py", line 946, in copyfile
    shutil.copyfileobj(source, outputfile)
    ~~~~~~~~~~~~~~~~~~^^^^^^^^^^^^^^^^^^^^
  File "/home/chener/miniconda3/lib/python3.14/shutil.py", line 257, in copyfileobj
    fdst_write(buf)
    ~~~~~~~~~~^^^^^
  File "/home/chener/miniconda3/lib/python3.14/socketserver.py", line 845, in write
    self._sock.sendall(b)
    ~~~~~~~~~~~~~~~~~~^^^
BrokenPipeError: [Errno 32] Broken pipe
----------------------------------------
22/Sep/2026 09:08:27 - "GET /ctrl/a28/0156_agentview.png HTTP/1.1" 200 -
22/Sep/2026 09:08:27 - "GET /ctrl/a28/0156_wrist.png HTTP/1.1" 200 -
22/Sep/2026 09:08:27 - "GET /ctrl/a28/0157_agentview.png HTTP/1.1" 200 -
22/Sep/2026 09:08:27 - "GET / HTTP/1.1" 200 -
22/Sep/2026 09:08:27 - "GET /data.js?t=1790039307723 HTTP/1.1" 200 -
22/Sep/2026 09:08:27 - "GET /frames/a28/0005_agentview.png HTTP/1.1" 200 -
22/Sep/2026 09:08:27 - "GET /ctrl/a28/0001_agentview.png HTTP/1.1" 200 -
22/Sep/2026 09:08:27 - "GET /ctrl/a28/0001_wrist.png HTTP/1.1" 200 -
22/Sep/2026 09:08:28 - "GET /frames/a28/0124_agentview.png HTTP/1.1" 200 -
22/Sep/2026 09:08:28 - "GET /frames/a28/0195_agentview.png HTTP/1.1" 200 -
22/Sep/2026 09:08:28 - "GET /frames/a28/0286_agentview.png HTTP/1.1" 200 -
22/Sep/2026 09:08:28 - "GET /frames/a28/0298_agentview.png HTTP/1.1" 200 -
22/Sep/2026 09:08:28 - "GET /frames/a28/0320_agentview.png HTTP/1.1" 200 -
22/Sep/2026 09:08:28 - "GET /frames/a28/0334_agentview.png HTTP/1.1" 200 -
22/Sep/2026 09:08:28 - code 404, message File not found
22/Sep/2026 09:08:28 - "GET /favicon.ico HTTP/1.1" 404 -
22/Sep/2026 09:08:57 - "GET /frames/a31/0005_agentview.png HTTP/1.1" 200 -
22/Sep/2026 09:08:58 - "GET /frames/a31/0131_agentview.png HTTP/1.1" 200 -
22/Sep/2026 09:08:58 - "GET /frames/a31/0095_agentview.png HTTP/1.1" 200 -
22/Sep/2026 09:08:58 - "GET /frames/a31/0160_agentview.png HTTP/1.1" 200 -
22/Sep/2026 09:08:58 - "GET /frames/a31/0192_agentview.png HTTP/1.1" 200 -
22/Sep/2026 09:08:58 - "GET /ctrl/a31/0001_agentview.png HTTP/1.1" 200 -
22/Sep/2026 09:08:58 - "GET /frames/a31/0172_agentview.png HTTP/1.1" 200 -
22/Sep/2026 09:08:58 - "GET /ctrl/a31/0001_wrist.png HTTP/1.1" 200 -
22/Sep/2026 09:09:00 - "GET /ctrl/a31/0007_agentview.png HTTP/1.1" 200 -
22/Sep/2026 09:09:00 - "GET /ctrl/a31/0007_wrist.png HTTP/1.1" 200 -
22/Sep/2026 09:09:00 - "GET /ctrl/a31/0009_agentview.png HTTP/1.1" 200 -
22/Sep/2026 09:09:00 - "GET /ctrl/a31/0009_wrist.png HTTP/1.1" 200 -
22/Sep/2026 09:09:00 - "GET /ctrl/a31/0010_agentview.png HTTP/1.1" 200 -
22/Sep/2026 09:09:00 - "GET /ctrl/a31/0010_wrist.png HTTP/1.1" 200 -
22/Sep/2026 09:09:00 - "GET /ctrl/a31/0014_agentview.png HTTP/1.1" 200 -
22/Sep/2026 09:09:00 - "GET /ctrl/a31/0014_wrist.png HTTP/1.1" 200 -
22/Sep/2026 09:09:00 - "GET /ctrl/a31/0015_agentview.png HTTP/1.1" 200 -
22/Sep/2026 09:09:00 - "GET /ctrl/a31/0015_wrist.png HTTP/1.1" 200 -
22/Sep/2026 09:09:00 - "GET /ctrl/a31/0016_agentview.png HTTP/1.1" 200 -
22/Sep/2026 09:09:00 - "GET /ctrl/a31/0016_wrist.png HTTP/1.1" 200 -
----------------------------------------
Exception occurred during processing of request from ('127.0.0.1', 52308)
----------------------------------------Traceback (most recent call last):

  File "/home/chener/miniconda3/lib/python3.14/socketserver.py", line 697, in process_request_thread
    self.finish_request(request, client_address)
    ~~~~~~~~~~~~~~~~~~~^^^^^^^^^^^^^^^^^^^^^^^^^
Exception occurred during processing of request from  File "/home/chener/miniconda3/lib/python3.14/socketserver.py", line 362, in finish_request
    self.RequestHandlerClass(request, client_address, self)
    ~~~~~~~~~~~~~~~~~~~~~~~~^^^^^^^^^^^^^^^^^^^^^^^^^^^^^^^
  File "/home/chener/miniconda3/lib/python3.14/http/server.py", line 736, in __init__
    super().__init__(*args, **kwargs)
    ~~~~~~~~~~~~~~~~^^^^^^^^^^^^^^^^^
  File "/home/chener/miniconda3/lib/python3.14/socketserver.py", line 766, in __init__
    self.handle()
    ~~~~~~~~~~~^^
  File "/home/chener/miniconda3/lib/python3.14/http/server.py", line 500, in handle
    self.handle_one_request()
    ~~~~~~~~~~~~~~~~~~~~~~~^^
   File "/home/chener/miniconda3/lib/python3.14/http/server.py", line 488, in handle_one_request
    method()
    ~~~~~~^^
('127.0.0.1', 52316)
  File "/home/chener/LIBERO/astra_eval/viz/serve.py", line 33, in do_GET
    return SimpleHTTPRequestHandler.do_GET(self)
           ~~~~~~~~~~~~~~~~~~~~~~~~~~~~~~~^^^^^^
  File "/home/chener/miniconda3/lib/python3.14/http/server.py", line 743, in do_GET
    self.copyfile(f, self.wfile)
    ~~~~~~~~~~~~~^^^^^^^^^^^^^^^
  File "/home/chener/miniconda3/lib/python3.14/http/server.py", line 946, in copyfile
    shutil.copyfileobj(source, outputfile)
    ~~~~~~~~~~~~~~~~~~^^^^^^^^^^^^^^^^^^^^
  File "/home/chener/miniconda3/lib/python3.14/shutil.py", line 257, in copyfileobj
    fdst_write(buf)
    ~~~~~~~~~~^^^^^
Traceback (most recent call last):
  File "/home/chener/miniconda3/lib/python3.14/socketserver.py", line 845, in write
    self._sock.sendall(b)
    ~~~~~~~~~~~~~~~~~~^^^
  File "/home/chener/miniconda3/lib/python3.14/socketserver.py", line 697, in process_request_thread
    self.finish_request(request, client_address)
    ~~~~~~~~~~~~~~~~~~~^^^^^^^^^^^^^^^^^^^^^^^^^
BrokenPipeError: [Errno 32] Broken pipe
----------------------------------------  File "/home/chener/miniconda3/lib/python3.14/socketserver.py", line 362, in finish_request
    self.RequestHandlerClass(request, client_address, self)
    ~~~~~~~~~~~~~~~~~~~~~~~~^^^^^^^^^^^^^^^^^^^^^^^^^^^^^^^
  File "/home/chener/miniconda3/lib/python3.14/http/server.py", line 736, in __init__
    super().__init__(*args, **kwargs)
    ~~~~~~~~~~~~~~~~^^^^^^^^^^^^^^^^^

  File "/home/chener/miniconda3/lib/python3.14/socketserver.py", line 766, in __init__
    self.handle()
    ~~~~~~~~~~~^^
  File "/home/chener/miniconda3/lib/python3.14/http/server.py", line 500, in handle
    self.handle_one_request()
    ~~~~~~~~~~~~~~~~~~~~~~~^^
  File "/home/chener/miniconda3/lib/python3.14/http/server.py", line 488, in handle_one_request
    method()
    ~~~~~~^^
  File "/home/chener/LIBERO/astra_eval/viz/serve.py", line 33, in do_GET
    return SimpleHTTPRequestHandler.do_GET(self)
           ~~~~~~~~~~~~~~~~~~~~~~~~~~~~~~~^^^^^^
  File "/home/chener/miniconda3/lib/python3.14/http/server.py", line 743, in do_GET
    self.copyfile(f, self.wfile)
    ~~~~~~~~~~~~~^^^^^^^^^^^^^^^
  File "/home/chener/miniconda3/lib/python3.14/http/server.py", line 946, in copyfile
    shutil.copyfileobj(source, outputfile)
    ~~~~~~~~~~~~~~~~~~^^^^^^^^^^^^^^^^^^^^
  File "/home/chener/miniconda3/lib/python3.14/shutil.py", line 257, in copyfileobj
    fdst_write(buf)
    ~~~~~~~~~~^^^^^
  File "/home/chener/miniconda3/lib/python3.14/socketserver.py", line 845, in write
    self._sock.sendall(b)
    ~~~~~~~~~~~~~~~~~~^^^
BrokenPipeError: [Errno 32] Broken pipe
----------------------------------------
22/Sep/2026 09:09:01 - "GET /ctrl/a31/0021_agentview.png HTTP/1.1" 200 -
22/Sep/2026 09:09:01 - "GET /ctrl/a31/0021_wrist.png HTTP/1.1" 200 -
----------------------------------------
Exception occurred during processing of request from----------------------------------------
 ('127.0.0.1', 52330)Exception occurred during processing of request from ('127.0.0.1', 52332)

Traceback (most recent call last):
Traceback (most recent call last):
  File "/home/chener/miniconda3/lib/python3.14/socketserver.py", line 697, in process_request_thread
    self.finish_request(request, client_address)
    ~~~~~~~~~~~~~~~~~~~^^^^^^^^^^^^^^^^^^^^^^^^^
  File "/home/chener/miniconda3/lib/python3.14/socketserver.py", line 697, in process_request_thread
    self.finish_request(request, client_address)
    ~~~~~~~~~~~~~~~~~~~^^^^^^^^^^^^^^^^^^^^^^^^^
  File "/home/chener/miniconda3/lib/python3.14/socketserver.py", line 362, in finish_request
    self.RequestHandlerClass(request, client_address, self)
    ~~~~~~~~~~~~~~~~~~~~~~~~^^^^^^^^^^^^^^^^^^^^^^^^^^^^^^^
  File "/home/chener/miniconda3/lib/python3.14/socketserver.py", line 362, in finish_request
    self.RequestHandlerClass(request, client_address, self)
    ~~~~~~~~~~~~~~~~~~~~~~~~^^^^^^^^^^^^^^^^^^^^^^^^^^^^^^^
  File "/home/chener/miniconda3/lib/python3.14/http/server.py", line 736, in __init__
    super().__init__(*args, **kwargs)
    ~~~~~~~~~~~~~~~~^^^^^^^^^^^^^^^^^
  File "/home/chener/miniconda3/lib/python3.14/http/server.py", line 736, in __init__
    super().__init__(*args, **kwargs)
    ~~~~~~~~~~~~~~~~^^^^^^^^^^^^^^^^^
  File "/home/chener/miniconda3/lib/python3.14/socketserver.py", line 766, in __init__
    self.handle()
    ~~~~~~~~~~~^^
  File "/home/chener/miniconda3/lib/python3.14/http/server.py", line 500, in handle
    self.handle_one_request()
    ~~~~~~~~~~~~~~~~~~~~~~~^^
  File "/home/chener/miniconda3/lib/python3.14/socketserver.py", line 766, in __init__
    self.handle()
    ~~~~~~~~~~~^^
  File "/home/chener/miniconda3/lib/python3.14/http/server.py", line 488, in handle_one_request
    method()
    ~~~~~~^^
  File "/home/chener/miniconda3/lib/python3.14/http/server.py", line 500, in handle
    self.handle_one_request()
    ~~~~~~~~~~~~~~~~~~~~~~~^^
  File "/home/chener/miniconda3/lib/python3.14/http/server.py", line 488, in handle_one_request
    method()
    ~~~~~~^^
  File "/home/chener/LIBERO/astra_eval/viz/serve.py", line 33, in do_GET
    return SimpleHTTPRequestHandler.do_GET(self)
           ~~~~~~~~~~~~~~~~~~~~~~~~~~~~~~~^^^^^^
  File "/home/chener/LIBERO/astra_eval/viz/serve.py", line 33, in do_GET
    return SimpleHTTPRequestHandler.do_GET(self)
           ~~~~~~~~~~~~~~~~~~~~~~~~~~~~~~~^^^^^^
  File "/home/chener/miniconda3/lib/python3.14/http/server.py", line 743, in do_GET
    self.copyfile(f, self.wfile)
    ~~~~~~~~~~~~~^^^^^^^^^^^^^^^
  File "/home/chener/miniconda3/lib/python3.14/http/server.py", line 946, in copyfile
    shutil.copyfileobj(source, outputfile)
    ~~~~~~~~~~~~~~~~~~^^^^^^^^^^^^^^^^^^^^
  File "/home/chener/miniconda3/lib/python3.14/shutil.py", line 257, in copyfileobj
    fdst_write(buf)
    ~~~~~~~~~~^^^^^
  File "/home/chener/miniconda3/lib/python3.14/socketserver.py", line 845, in write
    self._sock.sendall(b)
    ~~~~~~~~~~~~~~~~~~^^^
BrokenPipeError: [Errno 32] Broken pipe
----------------------------------------
  File "/home/chener/miniconda3/lib/python3.14/http/server.py", line 743, in do_GET
    self.copyfile(f, self.wfile)
    ~~~~~~~~~~~~~^^^^^^^^^^^^^^^
  File "/home/chener/miniconda3/lib/python3.14/http/server.py", line 946, in copyfile
    shutil.copyfileobj(source, outputfile)
    ~~~~~~~~~~~~~~~~~~^^^^^^^^^^^^^^^^^^^^
  File "/home/chener/miniconda3/lib/python3.14/shutil.py", line 257, in copyfileobj
    fdst_write(buf)
    ~~~~~~~~~~^^^^^
  File "/home/chener/miniconda3/lib/python3.14/socketserver.py", line 845, in write
    self._sock.sendall(b)
    ~~~~~~~~~~~~~~~~~~^^^
BrokenPipeError: [Errno 32] Broken pipe
----------------------------------------
22/Sep/2026 09:09:01 - "GET /ctrl/a31/0023_agentview.png HTTP/1.1" 200 -
22/Sep/2026 09:09:01 - "GET /ctrl/a31/0023_wrist.png HTTP/1.1" 200 -
22/Sep/2026 09:09:01 - "GET /ctrl/a31/0024_agentview.png HTTP/1.1" 200 -
22/Sep/2026 09:09:01 - "GET /ctrl/a31/0024_wrist.png HTTP/1.1" 200 -
22/Sep/2026 09:09:01 - "GET /ctrl/a31/0028_agentview.png HTTP/1.1" 200 -
22/Sep/2026 09:09:01 - "GET /ctrl/a31/0028_wrist.png HTTP/1.1" 200 -
22/Sep/2026 09:09:01 - "GET /ctrl/a31/0029_agentview.png HTTP/1.1" 200 -
22/Sep/2026 09:09:01 - "GET /ctrl/a31/0029_wrist.png HTTP/1.1" 200 -
22/Sep/2026 09:09:01 - "GET /ctrl/a31/0032_agentview.png HTTP/1.1" 200 -
22/Sep/2026 09:09:01 - "GET /ctrl/a31/0032_wrist.png HTTP/1.1" 200 -
22/Sep/2026 09:09:01 - "GET /ctrl/a31/0034_agentview.png HTTP/1.1" 200 -
22/Sep/2026 09:09:01 - "GET /ctrl/a31/0034_wrist.png HTTP/1.1" 200 -
----------------------------------------
Exception occurred during processing of request from ('127.0.0.1', 52412)
----------------------------------------
Traceback (most recent call last):
Exception occurred during processing of request from  File "/home/chener/miniconda3/lib/python3.14/socketserver.py", line 697, in process_request_thread
    self.finish_request(request, client_address)
    ~~~~~~~~~~~~~~~~~~~^^^^^^^^^^^^^^^^^^^^^^^^^
   File "/home/chener/miniconda3/lib/python3.14/socketserver.py", line 362, in finish_request
    self.RequestHandlerClass(request, client_address, self)
    ~~~~~~~~~~~~~~~~~~~~~~~~^^^^^^^^^^^^^^^^^^^^^^^^^^^^^^^
('127.0.0.1', 52424)
  File "/home/chener/miniconda3/lib/python3.14/http/server.py", line 736, in __init__
    super().__init__(*args, **kwargs)
    ~~~~~~~~~~~~~~~~^^^^^^^^^^^^^^^^^
Traceback (most recent call last):
  File "/home/chener/miniconda3/lib/python3.14/socketserver.py", line 766, in __init__
    self.handle()
    ~~~~~~~~~~~^^
  File "/home/chener/miniconda3/lib/python3.14/socketserver.py", line 697, in process_request_thread
    self.finish_request(request, client_address)
    ~~~~~~~~~~~~~~~~~~~^^^^^^^^^^^^^^^^^^^^^^^^^
  File "/home/chener/miniconda3/lib/python3.14/socketserver.py", line 362, in finish_request
    self.RequestHandlerClass(request, client_address, self)
    ~~~~~~~~~~~~~~~~~~~~~~~~^^^^^^^^^^^^^^^^^^^^^^^^^^^^^^^
  File "/home/chener/miniconda3/lib/python3.14/http/server.py", line 736, in __init__
    super().__init__(*args, **kwargs)
    ~~~~~~~~~~~~~~~~^^^^^^^^^^^^^^^^^
  File "/home/chener/miniconda3/lib/python3.14/socketserver.py", line 766, in __init__
    self.handle()
    ~~~~~~~~~~~^^
  File "/home/chener/miniconda3/lib/python3.14/http/server.py", line 500, in handle
    self.handle_one_request()
    ~~~~~~~~~~~~~~~~~~~~~~~^^
  File "/home/chener/miniconda3/lib/python3.14/http/server.py", line 500, in handle
    self.handle_one_request()
    ~~~~~~~~~~~~~~~~~~~~~~~^^
  File "/home/chener/miniconda3/lib/python3.14/http/server.py", line 488, in handle_one_request
    method()
    ~~~~~~^^
  File "/home/chener/miniconda3/lib/python3.14/http/server.py", line 488, in handle_one_request
    method()
    ~~~~~~^^
  File "/home/chener/LIBERO/astra_eval/viz/serve.py", line 33, in do_GET
    return SimpleHTTPRequestHandler.do_GET(self)
           ~~~~~~~~~~~~~~~~~~~~~~~~~~~~~~~^^^^^^
  File "/home/chener/miniconda3/lib/python3.14/http/server.py", line 743, in do_GET
    self.copyfile(f, self.wfile)
    ~~~~~~~~~~~~~^^^^^^^^^^^^^^^
  File "/home/chener/miniconda3/lib/python3.14/http/server.py", line 946, in copyfile
    shutil.copyfileobj(source, outputfile)
    ~~~~~~~~~~~~~~~~~~^^^^^^^^^^^^^^^^^^^^
  File "/home/chener/miniconda3/lib/python3.14/shutil.py", line 257, in copyfileobj
    fdst_write(buf)
    ~~~~~~~~~~^^^^^
  File "/home/chener/LIBERO/astra_eval/viz/serve.py", line 33, in do_GET
    return SimpleHTTPRequestHandler.do_GET(self)
           ~~~~~~~~~~~~~~~~~~~~~~~~~~~~~~~^^^^^^
  File "/home/chener/miniconda3/lib/python3.14/http/server.py", line 743, in do_GET
    self.copyfile(f, self.wfile)
    ~~~~~~~~~~~~~^^^^^^^^^^^^^^^
  File "/home/chener/miniconda3/lib/python3.14/http/server.py", line 946, in copyfile
    shutil.copyfileobj(source, outputfile)
    ~~~~~~~~~~~~~~~~~~^^^^^^^^^^^^^^^^^^^^
  File "/home/chener/miniconda3/lib/python3.14/shutil.py", line 257, in copyfileobj
    fdst_write(buf)
    ~~~~~~~~~~^^^^^
  File "/home/chener/miniconda3/lib/python3.14/socketserver.py", line 845, in write
    self._sock.sendall(b)
    ~~~~~~~~~~~~~~~~~~^^^
  File "/home/chener/miniconda3/lib/python3.14/socketserver.py", line 845, in write
    self._sock.sendall(b)
    ~~~~~~~~~~~~~~~~~~^^^
BrokenPipeError: [Errno 32] Broken pipe
----------------------------------------
BrokenPipeError: [Errno 32] Broken pipe
----------------------------------------
22/Sep/2026 09:09:01 - "GET /ctrl/a31/0036_agentview.png HTTP/1.1" 200 -
22/Sep/2026 09:09:01 - "GET /ctrl/a31/0036_wrist.png HTTP/1.1" 200 -
----------------------------------------
----------------------------------------
Exception occurred during processing of request from ('127.0.0.1', 52430)Exception occurred during processing of request from
 ('127.0.0.1', 52438)
Traceback (most recent call last):
  File "/home/chener/miniconda3/lib/python3.14/socketserver.py", line 697, in process_request_thread
    self.finish_request(request, client_address)
    ~~~~~~~~~~~~~~~~~~~^^^^^^^^^^^^^^^^^^^^^^^^^
Traceback (most recent call last):
  File "/home/chener/miniconda3/lib/python3.14/socketserver.py", line 697, in process_request_thread
    self.finish_request(request, client_address)
    ~~~~~~~~~~~~~~~~~~~^^^^^^^^^^^^^^^^^^^^^^^^^
  File "/home/chener/miniconda3/lib/python3.14/socketserver.py", line 362, in finish_request
    self.RequestHandlerClass(request, client_address, self)
    ~~~~~~~~~~~~~~~~~~~~~~~~^^^^^^^^^^^^^^^^^^^^^^^^^^^^^^^
  File "/home/chener/miniconda3/lib/python3.14/http/server.py", line 736, in __init__
    super().__init__(*args, **kwargs)
    ~~~~~~~~~~~~~~~~^^^^^^^^^^^^^^^^^
  File "/home/chener/miniconda3/lib/python3.14/socketserver.py", line 766, in __init__
    self.handle()
    ~~~~~~~~~~~^^
  File "/home/chener/miniconda3/lib/python3.14/http/server.py", line 500, in handle
    self.handle_one_request()
    ~~~~~~~~~~~~~~~~~~~~~~~^^
  File "/home/chener/miniconda3/lib/python3.14/http/server.py", line 488, in handle_one_request
    method()
    ~~~~~~^^
  File "/home/chener/LIBERO/astra_eval/viz/serve.py", line 33, in do_GET
    return SimpleHTTPRequestHandler.do_GET(self)
           ~~~~~~~~~~~~~~~~~~~~~~~~~~~~~~~^^^^^^
  File "/home/chener/miniconda3/lib/python3.14/http/server.py", line 743, in do_GET
    self.copyfile(f, self.wfile)
    ~~~~~~~~~~~~~^^^^^^^^^^^^^^^
  File "/home/chener/miniconda3/lib/python3.14/socketserver.py", line 362, in finish_request
    self.RequestHandlerClass(request, client_address, self)
    ~~~~~~~~~~~~~~~~~~~~~~~~^^^^^^^^^^^^^^^^^^^^^^^^^^^^^^^
  File "/home/chener/miniconda3/lib/python3.14/http/server.py", line 736, in __init__
    super().__init__(*args, **kwargs)
    ~~~~~~~~~~~~~~~~^^^^^^^^^^^^^^^^^
  File "/home/chener/miniconda3/lib/python3.14/http/server.py", line 946, in copyfile
    shutil.copyfileobj(source, outputfile)
    ~~~~~~~~~~~~~~~~~~^^^^^^^^^^^^^^^^^^^^
  File "/home/chener/miniconda3/lib/python3.14/socketserver.py", line 766, in __init__
    self.handle()
    ~~~~~~~~~~~^^
  File "/home/chener/miniconda3/lib/python3.14/shutil.py", line 257, in copyfileobj
    fdst_write(buf)
    ~~~~~~~~~~^^^^^
  File "/home/chener/miniconda3/lib/python3.14/http/server.py", line 500, in handle
    self.handle_one_request()
    ~~~~~~~~~~~~~~~~~~~~~~~^^
  File "/home/chener/miniconda3/lib/python3.14/http/server.py", line 488, in handle_one_request
    method()
    ~~~~~~^^
  File "/home/chener/LIBERO/astra_eval/viz/serve.py", line 33, in do_GET
    return SimpleHTTPRequestHandler.do_GET(self)
           ~~~~~~~~~~~~~~~~~~~~~~~~~~~~~~~^^^^^^
  File "/home/chener/miniconda3/lib/python3.14/http/server.py", line 743, in do_GET
    self.copyfile(f, self.wfile)
    ~~~~~~~~~~~~~^^^^^^^^^^^^^^^
  File "/home/chener/miniconda3/lib/python3.14/http/server.py", line 946, in copyfile
    shutil.copyfileobj(source, outputfile)
    ~~~~~~~~~~~~~~~~~~^^^^^^^^^^^^^^^^^^^^
  File "/home/chener/miniconda3/lib/python3.14/socketserver.py", line 845, in write
    self._sock.sendall(b)
    ~~~~~~~~~~~~~~~~~~^^^
BrokenPipeError: [Errno 32] Broken pipe
----------------------------------------
  File "/home/chener/miniconda3/lib/python3.14/shutil.py", line 257, in copyfileobj
    fdst_write(buf)
    ~~~~~~~~~~^^^^^
  File "/home/chener/miniconda3/lib/python3.14/socketserver.py", line 845, in write
    self._sock.sendall(b)
    ~~~~~~~~~~~~~~~~~~^^^
BrokenPipeError: [Errno 32] Broken pipe
----------------------------------------
22/Sep/2026 09:09:01 - "GET /ctrl/a31/0039_agentview.png HTTP/1.1" 200 -
22/Sep/2026 09:09:01 - "GET /ctrl/a31/0039_wrist.png HTTP/1.1" 200 -
22/Sep/2026 09:09:02 - "GET /ctrl/a31/0040_agentview.png HTTP/1.1" 200 -
22/Sep/2026 09:09:02 - "GET /ctrl/a31/0040_wrist.png HTTP/1.1" 200 -
22/Sep/2026 09:09:02 - "GET /ctrl/a31/0043_agentview.png HTTP/1.1" 200 -
22/Sep/2026 09:09:02 - "GET /ctrl/a31/0043_wrist.png HTTP/1.1" 200 -
22/Sep/2026 09:09:02 - "GET /ctrl/a31/0047_agentview.png HTTP/1.1" 200 -
22/Sep/2026 09:09:02 - "GET /ctrl/a31/0047_wrist.png HTTP/1.1" 200 -
22/Sep/2026 09:09:02 - "GET /ctrl/a31/0048_agentview.png HTTP/1.1" 200 -
22/Sep/2026 09:09:02 - "GET /ctrl/a31/0048_wrist.png HTTP/1.1" 200 -
22/Sep/2026 09:09:02 - "GET /ctrl/a31/0049_agentview.png HTTP/1.1" 200 -
22/Sep/2026 09:09:02 - "GET /ctrl/a31/0049_wrist.png HTTP/1.1" 200 -
----------------------------------------
Exception occurred during processing of request from ('127.0.0.1', 52540)
----------------------------------------
Exception occurred during processing of request fromTraceback (most recent call last):
   File "/home/chener/miniconda3/lib/python3.14/socketserver.py", line 697, in process_request_thread
    self.finish_request(request, client_address)
    ~~~~~~~~~~~~~~~~~~~^^^^^^^^^^^^^^^^^^^^^^^^^
('127.0.0.1', 52550)  File "/home/chener/miniconda3/lib/python3.14/socketserver.py", line 362, in finish_request
    self.RequestHandlerClass(request, client_address, self)
    ~~~~~~~~~~~~~~~~~~~~~~~~^^^^^^^^^^^^^^^^^^^^^^^^^^^^^^^

  File "/home/chener/miniconda3/lib/python3.14/http/server.py", line 736, in __init__
    super().__init__(*args, **kwargs)
    ~~~~~~~~~~~~~~~~^^^^^^^^^^^^^^^^^
Traceback (most recent call last):
  File "/home/chener/miniconda3/lib/python3.14/socketserver.py", line 766, in __init__
    self.handle()
    ~~~~~~~~~~~^^
  File "/home/chener/miniconda3/lib/python3.14/http/server.py", line 500, in handle
    self.handle_one_request()
    ~~~~~~~~~~~~~~~~~~~~~~~^^
  File "/home/chener/miniconda3/lib/python3.14/socketserver.py", line 697, in process_request_thread
    self.finish_request(request, client_address)
    ~~~~~~~~~~~~~~~~~~~^^^^^^^^^^^^^^^^^^^^^^^^^
  File "/home/chener/miniconda3/lib/python3.14/http/server.py", line 488, in handle_one_request
    method()
    ~~~~~~^^
  File "/home/chener/miniconda3/lib/python3.14/socketserver.py", line 362, in finish_request
    self.RequestHandlerClass(request, client_address, self)
    ~~~~~~~~~~~~~~~~~~~~~~~~^^^^^^^^^^^^^^^^^^^^^^^^^^^^^^^
  File "/home/chener/LIBERO/astra_eval/viz/serve.py", line 33, in do_GET
    return SimpleHTTPRequestHandler.do_GET(self)
           ~~~~~~~~~~~~~~~~~~~~~~~~~~~~~~~^^^^^^
  File "/home/chener/miniconda3/lib/python3.14/http/server.py", line 743, in do_GET
    self.copyfile(f, self.wfile)
    ~~~~~~~~~~~~~^^^^^^^^^^^^^^^
  File "/home/chener/miniconda3/lib/python3.14/http/server.py", line 946, in copyfile
    shutil.copyfileobj(source, outputfile)
    ~~~~~~~~~~~~~~~~~~^^^^^^^^^^^^^^^^^^^^
  File "/home/chener/miniconda3/lib/python3.14/http/server.py", line 736, in __init__
    super().__init__(*args, **kwargs)
    ~~~~~~~~~~~~~~~~^^^^^^^^^^^^^^^^^
  File "/home/chener/miniconda3/lib/python3.14/socketserver.py", line 766, in __init__
    self.handle()
    ~~~~~~~~~~~^^
  File "/home/chener/miniconda3/lib/python3.14/shutil.py", line 257, in copyfileobj
    fdst_write(buf)
    ~~~~~~~~~~^^^^^
  File "/home/chener/miniconda3/lib/python3.14/http/server.py", line 500, in handle
    self.handle_one_request()
    ~~~~~~~~~~~~~~~~~~~~~~~^^
  File "/home/chener/miniconda3/lib/python3.14/http/server.py", line 488, in handle_one_request
    method()
    ~~~~~~^^
  File "/home/chener/LIBERO/astra_eval/viz/serve.py", line 33, in do_GET
    return SimpleHTTPRequestHandler.do_GET(self)
           ~~~~~~~~~~~~~~~~~~~~~~~~~~~~~~~^^^^^^
  File "/home/chener/miniconda3/lib/python3.14/socketserver.py", line 845, in write
    self._sock.sendall(b)
    ~~~~~~~~~~~~~~~~~~^^^
  File "/home/chener/miniconda3/lib/python3.14/http/server.py", line 743, in do_GET
    self.copyfile(f, self.wfile)
    ~~~~~~~~~~~~~^^^^^^^^^^^^^^^
  File "/home/chener/miniconda3/lib/python3.14/http/server.py", line 946, in copyfile
    shutil.copyfileobj(source, outputfile)
    ~~~~~~~~~~~~~~~~~~^^^^^^^^^^^^^^^^^^^^
  File "/home/chener/miniconda3/lib/python3.14/shutil.py", line 257, in copyfileobj
    fdst_write(buf)
    ~~~~~~~~~~^^^^^
  File "/home/chener/miniconda3/lib/python3.14/socketserver.py", line 845, in write
    self._sock.sendall(b)
    ~~~~~~~~~~~~~~~~~~^^^
BrokenPipeError: [Errno 32] Broken pipe
----------------------------------------
BrokenPipeError: [Errno 32] Broken pipe
----------------------------------------
22/Sep/2026 09:09:02 - "GET /ctrl/a31/0053_agentview.png HTTP/1.1" 200 -
22/Sep/2026 09:09:02 - "GET /ctrl/a31/0053_wrist.png HTTP/1.1" 200 -
22/Sep/2026 09:09:02 - "GET /ctrl/a31/0054_wrist.png HTTP/1.1" 200 -
22/Sep/2026 09:09:02 - "GET /ctrl/a31/0054_agentview.png HTTP/1.1" 200 -
----------------------------------------
Exception occurred during processing of request from ('127.0.0.1', 52582)
Traceback (most recent call last):
  File "/home/chener/miniconda3/lib/python3.14/socketserver.py", line 697, in process_request_thread
    self.finish_request(request, client_address)
    ~~~~~~~~~~~~~~~~~~~^^^^^^^^^^^^^^^^^^^^^^^^^
  File "/home/chener/miniconda3/lib/python3.14/socketserver.py", line 362, in finish_request
    self.RequestHandlerClass(request, client_address, self)
    ~~~~~~~~~~~~~~~~~~~~~~~~^^^^^^^^^^^^^^^^^^^^^^^^^^^^^^^
  File "/home/chener/miniconda3/lib/python3.14/http/server.py", line 736, in __init__
    super().__init__(*args, **kwargs)
    ~~~~~~~~~~~~~~~~^^^^^^^^^^^^^^^^^
  File "/home/chener/miniconda3/lib/python3.14/socketserver.py", line 766, in __init__
    self.handle()
    ~~~~~~~~~~~^^
  File "/home/chener/miniconda3/lib/python3.14/http/server.py", line 500, in handle
    self.handle_one_request()
    ~~~~~~~~~~~~~~~~~~~~~~~^^
  File "/home/chener/miniconda3/lib/python3.14/http/server.py", line 488, in handle_one_request
    method()
    ~~~~~~^^
  File "/home/chener/LIBERO/astra_eval/viz/serve.py", line 33, in do_GET
    return SimpleHTTPRequestHandler.do_GET(self)
           ~~~~~~~~~~~~~~~~~~~~~~~~~~~~~~~^^^^^^
  File "/home/chener/miniconda3/lib/python3.14/http/server.py", line 743, in do_GET
    self.copyfile(f, self.wfile)
    ~~~~~~~~~~~~~^^^^^^^^^^^^^^^
  File "/home/chener/miniconda3/lib/python3.14/http/server.py", line 946, in copyfile
    shutil.copyfileobj(source, outputfile)
    ~~~~~~~~~~~~~~~~~~^^^^^^^^^^^^^^^^^^^^
  File "/home/chener/miniconda3/lib/python3.14/shutil.py", line 257, in copyfileobj
    fdst_write(buf)
    ~~~~~~~~~~^^^^^
  File "/home/chener/miniconda3/lib/python3.14/socketserver.py", line 845, in write
    self._sock.sendall(b)
    ~~~~~~~~~~~~~~~~~~^^^
BrokenPipeError: [Errno 32] Broken pipe
----------------------------------------
22/Sep/2026 09:09:02 - "GET /ctrl/a31/0055_wrist.png HTTP/1.1" 200 -
22/Sep/2026 09:09:02 - "GET /ctrl/a31/0055_agentview.png HTTP/1.1" 200 -
----------------------------------------
----------------------------------------
Exception occurred during processing of request fromException occurred during processing of request from  ('127.0.0.1', 52592)
('127.0.0.1', 52586)
Traceback (most recent call last):
Traceback (most recent call last):
  File "/home/chener/miniconda3/lib/python3.14/socketserver.py", line 697, in process_request_thread
    self.finish_request(request, client_address)
    ~~~~~~~~~~~~~~~~~~~^^^^^^^^^^^^^^^^^^^^^^^^^
  File "/home/chener/miniconda3/lib/python3.14/socketserver.py", line 697, in process_request_thread
    self.finish_request(request, client_address)
    ~~~~~~~~~~~~~~~~~~~^^^^^^^^^^^^^^^^^^^^^^^^^
  File "/home/chener/miniconda3/lib/python3.14/socketserver.py", line 362, in finish_request
    self.RequestHandlerClass(request, client_address, self)
    ~~~~~~~~~~~~~~~~~~~~~~~~^^^^^^^^^^^^^^^^^^^^^^^^^^^^^^^
  File "/home/chener/miniconda3/lib/python3.14/socketserver.py", line 362, in finish_request
    self.RequestHandlerClass(request, client_address, self)
    ~~~~~~~~~~~~~~~~~~~~~~~~^^^^^^^^^^^^^^^^^^^^^^^^^^^^^^^
  File "/home/chener/miniconda3/lib/python3.14/http/server.py", line 736, in __init__
    super().__init__(*args, **kwargs)
    ~~~~~~~~~~~~~~~~^^^^^^^^^^^^^^^^^
  File "/home/chener/miniconda3/lib/python3.14/socketserver.py", line 766, in __init__
    self.handle()
    ~~~~~~~~~~~^^
  File "/home/chener/miniconda3/lib/python3.14/http/server.py", line 500, in handle
    self.handle_one_request()
    ~~~~~~~~~~~~~~~~~~~~~~~^^
  File "/home/chener/miniconda3/lib/python3.14/http/server.py", line 488, in handle_one_request
    method()
    ~~~~~~^^
  File "/home/chener/LIBERO/astra_eval/viz/serve.py", line 33, in do_GET
    return SimpleHTTPRequestHandler.do_GET(self)
           ~~~~~~~~~~~~~~~~~~~~~~~~~~~~~~~^^^^^^
  File "/home/chener/miniconda3/lib/python3.14/http/server.py", line 743, in do_GET
    self.copyfile(f, self.wfile)
    ~~~~~~~~~~~~~^^^^^^^^^^^^^^^
  File "/home/chener/miniconda3/lib/python3.14/http/server.py", line 946, in copyfile
    shutil.copyfileobj(source, outputfile)
    ~~~~~~~~~~~~~~~~~~^^^^^^^^^^^^^^^^^^^^
  File "/home/chener/miniconda3/lib/python3.14/shutil.py", line 257, in copyfileobj
    fdst_write(buf)
    ~~~~~~~~~~^^^^^
  File "/home/chener/miniconda3/lib/python3.14/http/server.py", line 736, in __init__
    super().__init__(*args, **kwargs)
    ~~~~~~~~~~~~~~~~^^^^^^^^^^^^^^^^^
  File "/home/chener/miniconda3/lib/python3.14/socketserver.py", line 845, in write
    self._sock.sendall(b)
    ~~~~~~~~~~~~~~~~~~^^^
  File "/home/chener/miniconda3/lib/python3.14/socketserver.py", line 766, in __init__
    self.handle()
    ~~~~~~~~~~~^^
  File "/home/chener/miniconda3/lib/python3.14/http/server.py", line 500, in handle
    self.handle_one_request()
    ~~~~~~~~~~~~~~~~~~~~~~~^^
BrokenPipeError: [Errno 32] Broken pipe
----------------------------------------  File "/home/chener/miniconda3/lib/python3.14/http/server.py", line 488, in handle_one_request
    method()
    ~~~~~~^^

  File "/home/chener/LIBERO/astra_eval/viz/serve.py", line 33, in do_GET
    return SimpleHTTPRequestHandler.do_GET(self)
           ~~~~~~~~~~~~~~~~~~~~~~~~~~~~~~~^^^^^^
  File "/home/chener/miniconda3/lib/python3.14/http/server.py", line 743, in do_GET
    self.copyfile(f, self.wfile)
    ~~~~~~~~~~~~~^^^^^^^^^^^^^^^
  File "/home/chener/miniconda3/lib/python3.14/http/server.py", line 946, in copyfile
    shutil.copyfileobj(source, outputfile)
    ~~~~~~~~~~~~~~~~~~^^^^^^^^^^^^^^^^^^^^
  File "/home/chener/miniconda3/lib/python3.14/shutil.py", line 257, in copyfileobj
    fdst_write(buf)
    ~~~~~~~~~~^^^^^
  File "/home/chener/miniconda3/lib/python3.14/socketserver.py", line 845, in write
    self._sock.sendall(b)
    ~~~~~~~~~~~~~~~~~~^^^
BrokenPipeError: [Errno 32] Broken pipe
----------------------------------------
22/Sep/2026 09:09:03 - "GET /ctrl/a31/0061_agentview.png HTTP/1.1" 200 -
22/Sep/2026 09:09:03 - "GET /ctrl/a31/0061_wrist.png HTTP/1.1" 200 -
22/Sep/2026 09:09:03 - "GET /ctrl/a31/0062_agentview.png HTTP/1.1" 200 -
22/Sep/2026 09:09:03 - "GET /ctrl/a31/0062_wrist.png HTTP/1.1" 200 -
22/Sep/2026 09:09:03 - "GET /ctrl/a31/0063_agentview.png HTTP/1.1" 200 -
22/Sep/2026 09:09:03 - "GET /ctrl/a31/0063_wrist.png HTTP/1.1" 200 -
22/Sep/2026 09:09:03 - "GET /ctrl/a31/0068_agentview.png HTTP/1.1" 200 -
22/Sep/2026 09:09:03 - "GET /ctrl/a31/0068_wrist.png HTTP/1.1" 200 -
22/Sep/2026 09:09:03 - "GET /ctrl/a31/0069_agentview.png HTTP/1.1" 200 -
22/Sep/2026 09:09:03 - "GET /ctrl/a31/0069_wrist.png HTTP/1.1" 200 -
22/Sep/2026 09:09:03 - "GET /ctrl/a31/0070_agentview.png HTTP/1.1" 200 -
22/Sep/2026 09:09:03 - "GET /ctrl/a31/0070_wrist.png HTTP/1.1" 200 -
22/Sep/2026 09:09:03 - "GET /ctrl/a31/0074_agentview.png HTTP/1.1" 200 -
22/Sep/2026 09:09:03 - "GET /ctrl/a31/0074_wrist.png HTTP/1.1" 200 -
22/Sep/2026 09:09:03 - "GET /ctrl/a31/0077_wrist.png HTTP/1.1" 200 -
22/Sep/2026 09:09:03 - "GET /ctrl/a31/0077_agentview.png HTTP/1.1" 200 -
22/Sep/2026 09:09:03 - "GET /ctrl/a31/0078_agentview.png HTTP/1.1" 200 -
22/Sep/2026 09:09:03 - "GET /ctrl/a31/0078_wrist.png HTTP/1.1" 200 -
22/Sep/2026 09:09:04 - "GET /ctrl/a31/0082_agentview.png HTTP/1.1" 200 -
22/Sep/2026 09:09:04 - "GET /ctrl/a31/0082_wrist.png HTTP/1.1" 200 -
22/Sep/2026 09:09:04 - "GET /ctrl/a31/0083_agentview.png HTTP/1.1" 200 -
22/Sep/2026 09:09:04 - "GET /ctrl/a31/0083_wrist.png HTTP/1.1" 200 -
----------------------------------------
Exception occurred during processing of request from ('127.0.0.1', 52796)
Traceback (most recent call last):
  File "/home/chener/miniconda3/lib/python3.14/socketserver.py", line 697, in process_request_thread
    self.finish_request(request, client_address)
    ~~~~~~~~~~~~~~~~~~~^^^^^^^^^^^^^^^^^^^^^^^^^
  File "/home/chener/miniconda3/lib/python3.14/socketserver.py", line 362, in finish_request
    self.RequestHandlerClass(request, client_address, self)
    ~~~~~~~~~~~~~~~~~~~~~~~~^^^^^^^^^^^^^^^^^^^^^^^^^^^^^^^
  File "/home/chener/miniconda3/lib/python3.14/http/server.py", line 736, in __init__
    super().__init__(*args, **kwargs)
    ~~~~~~~~~~~~~~~~^^^^^^^^^^^^^^^^^
  File "/home/chener/miniconda3/lib/python3.14/socketserver.py", line 766, in __init__
    self.handle()
    ~~~~~~~~~~~^^
  File "/home/chener/miniconda3/lib/python3.14/http/server.py", line 500, in handle
    self.handle_one_request()
    ~~~~~~~~~~~~~~~~~~~~~~~^^
  File "/home/chener/miniconda3/lib/python3.14/http/server.py", line 488, in handle_one_request
    method()
    ~~~~~~^^
  File "/home/chener/LIBERO/astra_eval/viz/serve.py", line 33, in do_GET
    return SimpleHTTPRequestHandler.do_GET(self)
           ~~~~~~~~~~~~~~~~~~~~~~~~~~~~~~~^^^^^^
  File "/home/chener/miniconda3/lib/python3.14/http/server.py", line 743, in do_GET
    self.copyfile(f, self.wfile)
    ~~~~~~~~~~~~~^^^^^^^^^^^^^^^
  File "/home/chener/miniconda3/lib/python3.14/http/server.py", line 946, in copyfile
    shutil.copyfileobj(source, outputfile)
    ~~~~~~~~~~~~~~~~~~^^^^^^^^^^^^^^^^^^^^
  File "/home/chener/miniconda3/lib/python3.14/shutil.py", line 257, in copyfileobj
    fdst_write(buf)
    ~~~~~~~~~~^^^^^
  File "/home/chener/miniconda3/lib/python3.14/socketserver.py", line 845, in write
    self._sock.sendall(b)
    ~~~~~~~~~~~~~~~~~~^^^
BrokenPipeError: [Errno 32] Broken pipe
----------------------------------------
22/Sep/2026 09:09:04 - "GET /ctrl/a31/0084_agentview.png HTTP/1.1" 200 -
22/Sep/2026 09:09:04 - "GET /ctrl/a31/0084_wrist.png HTTP/1.1" 200 -
--------------------------------------------------------------------------------

Exception occurred during processing of request from Exception occurred during processing of request from ('127.0.0.1', 52806)
('127.0.0.1', 52800)
Traceback (most recent call last):
Traceback (most recent call last):
  File "/home/chener/miniconda3/lib/python3.14/socketserver.py", line 697, in process_request_thread
    self.finish_request(request, client_address)
    ~~~~~~~~~~~~~~~~~~~^^^^^^^^^^^^^^^^^^^^^^^^^
  File "/home/chener/miniconda3/lib/python3.14/socketserver.py", line 697, in process_request_thread
    self.finish_request(request, client_address)
    ~~~~~~~~~~~~~~~~~~~^^^^^^^^^^^^^^^^^^^^^^^^^
  File "/home/chener/miniconda3/lib/python3.14/socketserver.py", line 362, in finish_request
    self.RequestHandlerClass(request, client_address, self)
    ~~~~~~~~~~~~~~~~~~~~~~~~^^^^^^^^^^^^^^^^^^^^^^^^^^^^^^^
  File "/home/chener/miniconda3/lib/python3.14/socketserver.py", line 362, in finish_request
    self.RequestHandlerClass(request, client_address, self)
    ~~~~~~~~~~~~~~~~~~~~~~~~^^^^^^^^^^^^^^^^^^^^^^^^^^^^^^^
  File "/home/chener/miniconda3/lib/python3.14/http/server.py", line 736, in __init__
    super().__init__(*args, **kwargs)
    ~~~~~~~~~~~~~~~~^^^^^^^^^^^^^^^^^
  File "/home/chener/miniconda3/lib/python3.14/socketserver.py", line 766, in __init__
    self.handle()
    ~~~~~~~~~~~^^
  File "/home/chener/miniconda3/lib/python3.14/http/server.py", line 736, in __init__
    super().__init__(*args, **kwargs)
    ~~~~~~~~~~~~~~~~^^^^^^^^^^^^^^^^^
  File "/home/chener/miniconda3/lib/python3.14/http/server.py", line 500, in handle
    self.handle_one_request()
    ~~~~~~~~~~~~~~~~~~~~~~~^^
  File "/home/chener/miniconda3/lib/python3.14/http/server.py", line 488, in handle_one_request
    method()
    ~~~~~~^^
  File "/home/chener/LIBERO/astra_eval/viz/serve.py", line 33, in do_GET
    return SimpleHTTPRequestHandler.do_GET(self)
           ~~~~~~~~~~~~~~~~~~~~~~~~~~~~~~~^^^^^^
  File "/home/chener/miniconda3/lib/python3.14/http/server.py", line 743, in do_GET
    self.copyfile(f, self.wfile)
    ~~~~~~~~~~~~~^^^^^^^^^^^^^^^
  File "/home/chener/miniconda3/lib/python3.14/http/server.py", line 946, in copyfile
    shutil.copyfileobj(source, outputfile)
    ~~~~~~~~~~~~~~~~~~^^^^^^^^^^^^^^^^^^^^
  File "/home/chener/miniconda3/lib/python3.14/shutil.py", line 257, in copyfileobj
    fdst_write(buf)
    ~~~~~~~~~~^^^^^
  File "/home/chener/miniconda3/lib/python3.14/socketserver.py", line 845, in write
    self._sock.sendall(b)
    ~~~~~~~~~~~~~~~~~~^^^
BrokenPipeError: [Errno 32] Broken pipe
----------------------------------------
  File "/home/chener/miniconda3/lib/python3.14/socketserver.py", line 766, in __init__
    self.handle()
    ~~~~~~~~~~~^^
  File "/home/chener/miniconda3/lib/python3.14/http/server.py", line 500, in handle
    self.handle_one_request()
    ~~~~~~~~~~~~~~~~~~~~~~~^^
  File "/home/chener/miniconda3/lib/python3.14/http/server.py", line 488, in handle_one_request
    method()
    ~~~~~~^^
  File "/home/chener/LIBERO/astra_eval/viz/serve.py", line 33, in do_GET
    return SimpleHTTPRequestHandler.do_GET(self)
           ~~~~~~~~~~~~~~~~~~~~~~~~~~~~~~~^^^^^^
  File "/home/chener/miniconda3/lib/python3.14/http/server.py", line 743, in do_GET
    self.copyfile(f, self.wfile)
    ~~~~~~~~~~~~~^^^^^^^^^^^^^^^
  File "/home/chener/miniconda3/lib/python3.14/http/server.py", line 946, in copyfile
    shutil.copyfileobj(source, outputfile)
    ~~~~~~~~~~~~~~~~~~^^^^^^^^^^^^^^^^^^^^
  File "/home/chener/miniconda3/lib/python3.14/shutil.py", line 257, in copyfileobj
    fdst_write(buf)
    ~~~~~~~~~~^^^^^
  File "/home/chener/miniconda3/lib/python3.14/socketserver.py", line 845, in write
    self._sock.sendall(b)
    ~~~~~~~~~~~~~~~~~~^^^
BrokenPipeError: [Errno 32] Broken pipe
----------------------------------------
22/Sep/2026 09:09:04 - "GET /ctrl/a31/0089_agentview.png HTTP/1.1" 200 -
22/Sep/2026 09:09:04 - "GET /ctrl/a31/0089_wrist.png HTTP/1.1" 200 -
22/Sep/2026 09:09:04 - "GET /ctrl/a31/0090_agentview.png HTTP/1.1" 200 -
22/Sep/2026 09:09:04 - "GET /ctrl/a31/0090_wrist.png HTTP/1.1" 200 -
22/Sep/2026 09:09:04 - "GET /ctrl/a31/0091_agentview.png HTTP/1.1" 200 -
22/Sep/2026 09:09:04 - "GET /ctrl/a31/0091_wrist.png HTTP/1.1" 200 -
22/Sep/2026 09:09:04 - "GET /ctrl/a31/0096_agentview.png HTTP/1.1" 200 -
22/Sep/2026 09:09:04 - "GET /ctrl/a31/0096_wrist.png HTTP/1.1" 200 -
22/Sep/2026 09:09:04 - "GET /ctrl/a31/0098_agentview.png HTTP/1.1" 200 -
22/Sep/2026 09:09:04 - "GET /ctrl/a31/0098_wrist.png HTTP/1.1" 200 -
22/Sep/2026 09:09:04 - "GET /ctrl/a31/0099_agentview.png HTTP/1.1" 200 -
22/Sep/2026 09:09:04 - "GET /ctrl/a31/0099_wrist.png HTTP/1.1" 200 -
22/Sep/2026 09:09:05 - "GET /ctrl/a31/0102_agentview.png HTTP/1.1" 200 -
22/Sep/2026 09:09:05 - "GET /ctrl/a31/0102_wrist.png HTTP/1.1" 200 -
22/Sep/2026 09:09:05 - "GET /ctrl/a31/0104_agentview.png HTTP/1.1" 200 -
22/Sep/2026 09:09:05 - "GET /ctrl/a31/0104_wrist.png HTTP/1.1" 200 -
----------------------------------------
Exception occurred during processing of request from ('127.0.0.1', 52930)
Traceback (most recent call last):
  File "/home/chener/miniconda3/lib/python3.14/socketserver.py", line 697, in process_request_thread
    self.finish_request(request, client_address)
    ~~~~~~~~~~~~~~~~~~~^^^^^^^^^^^^^^^^^^^^^^^^^
  File "/home/chener/miniconda3/lib/python3.14/socketserver.py", line 362, in finish_request
    self.RequestHandlerClass(request, client_address, self)
    ~~~~~~~~~~~~~~~~~~~~~~~~^^^^^^^^^^^^^^^^^^^^^^^^^^^^^^^
  File "/home/chener/miniconda3/lib/python3.14/http/server.py", line 736, in __init__
    super().__init__(*args, **kwargs)
    ~~~~~~~~~~~~~~~~^^^^^^^^^^^^^^^^^
  File "/home/chener/miniconda3/lib/python3.14/socketserver.py", line 766, in __init__
    self.handle()
    ~~~~~~~~~~~^^
  File "/home/chener/miniconda3/lib/python3.14/http/server.py", line 500, in handle
    self.handle_one_request()
    ~~~~~~~~~~~~~~~~~~~~~~~^^
  File "/home/chener/miniconda3/lib/python3.14/http/server.py", line 488, in handle_one_request
    method()
    ~~~~~~^^
  File "/home/chener/LIBERO/astra_eval/viz/serve.py", line 33, in do_GET
    return SimpleHTTPRequestHandler.do_GET(self)
           ~~~~~~~~~~~~~~~~~~~~~~~~~~~~~~~^^^^^^
  File "/home/chener/miniconda3/lib/python3.14/http/server.py", line 743, in do_GET
    self.copyfile(f, self.wfile)
    ~~~~~~~~~~~~~^^^^^^^^^^^^^^^
  File "/home/chener/miniconda3/lib/python3.14/http/server.py", line 946, in copyfile
    shutil.copyfileobj(source, outputfile)
    ~~~~~~~~~~~~~~~~~~^^^^^^^^^^^^^^^^^^^^
  File "/home/chener/miniconda3/lib/python3.14/shutil.py", line 257, in copyfileobj
    fdst_write(buf)
    ~~~~~~~~~~^^^^^
  File "/home/chener/miniconda3/lib/python3.14/socketserver.py", line 845, in write
    self._sock.sendall(b)
    ~~~~~~~~~~~~~~~~~~^^^
BrokenPipeError: [Errno 32] Broken pipe
----------------------------------------
22/Sep/2026 09:09:05 - "GET /ctrl/a31/0106_agentview.png HTTP/1.1" 200 -
22/Sep/2026 09:09:05 - "GET /ctrl/a31/0106_wrist.png HTTP/1.1" 200 -
22/Sep/2026 09:09:05 - "GET /ctrl/a31/0110_agentview.png HTTP/1.1" 200 -
22/Sep/2026 09:09:05 - "GET /ctrl/a31/0110_wrist.png HTTP/1.1" 200 -
22/Sep/2026 09:09:05 - "GET /ctrl/a31/0111_agentview.png HTTP/1.1" 200 -
22/Sep/2026 09:09:05 - "GET /ctrl/a31/0111_wrist.png HTTP/1.1" 200 -
22/Sep/2026 09:09:05 - "GET /ctrl/a31/0113_agentview.png HTTP/1.1" 200 -
22/Sep/2026 09:09:05 - "GET /ctrl/a31/0113_wrist.png HTTP/1.1" 200 -
22/Sep/2026 09:09:05 - "GET /ctrl/a31/0117_agentview.png HTTP/1.1" 200 -
22/Sep/2026 09:09:05 - "GET /ctrl/a31/0117_wrist.png HTTP/1.1" 200 -
22/Sep/2026 09:09:05 - "GET /ctrl/a31/0118_wrist.png HTTP/1.1" 200 -
22/Sep/2026 09:09:05 - "GET /ctrl/a31/0118_agentview.png HTTP/1.1" 200 -
22/Sep/2026 09:09:05 - "GET /ctrl/a31/0120_agentview.png HTTP/1.1" 200 -
22/Sep/2026 09:09:05 - "GET /ctrl/a31/0120_wrist.png HTTP/1.1" 200 -
22/Sep/2026 09:09:06 - "GET /ctrl/a31/0124_agentview.png HTTP/1.1" 200 -
22/Sep/2026 09:09:06 - "GET /ctrl/a31/0125_agentview.png HTTP/1.1" 200 -
22/Sep/2026 09:09:06 - "GET /ctrl/a31/0125_wrist.png HTTP/1.1" 200 -
22/Sep/2026 09:09:06 - "GET /ctrl/a31/0126_agentview.png HTTP/1.1" 200 -
22/Sep/2026 09:09:06 - "GET /ctrl/a31/0127_agentview.png HTTP/1.1" 200 -
22/Sep/2026 09:09:06 - "GET /ctrl/a31/0126_wrist.png HTTP/1.1" 200 -
----------------------------------------
Exception occurred during processing of request from ('127.0.0.1', 53116)
Traceback (most recent call last):
  File "/home/chener/miniconda3/lib/python3.14/socketserver.py", line 697, in process_request_thread
    self.finish_request(request, client_address)
    ~~~~~~~~~~~~~~~~~~~^^^^^^^^^^^^^^^^^^^^^^^^^
  File "/home/chener/miniconda3/lib/python3.14/socketserver.py", line 362, in finish_request
    self.RequestHandlerClass(request, client_address, self)
    ~~~~~~~~~~~~~~~~~~~~~~~~^^^^^^^^^^^^^^^^^^^^^^^^^^^^^^^
  File "/home/chener/miniconda3/lib/python3.14/http/server.py", line 736, in __init__
    super().__init__(*args, **kwargs)
    ~~~~~~~~~~~~~~~~^^^^^^^^^^^^^^^^^
  File "/home/chener/miniconda3/lib/python3.14/socketserver.py", line 766, in __init__
    self.handle()
    ~~~~~~~~~~~^^
  File "/home/chener/miniconda3/lib/python3.14/http/server.py", line 500, in handle
    self.handle_one_request()
    ~~~~~~~~~~~~~~~~~~~~~~~^^
  File "/home/chener/miniconda3/lib/python3.14/http/server.py", line 488, in handle_one_request
    method()
    ~~~~~~^^
  File "/home/chener/LIBERO/astra_eval/viz/serve.py", line 33, in do_GET
    return SimpleHTTPRequestHandler.do_GET(self)
           ~~~~~~~~~~~~~~~~~~~~~~~~~~~~~~~^^^^^^
  File "/home/chener/miniconda3/lib/python3.14/http/server.py", line 743, in do_GET
    self.copyfile(f, self.wfile)
    ~~~~~~~~~~~~~^^^^^^^^^^^^^^^
  File "/home/chener/miniconda3/lib/python3.14/http/server.py", line 946, in copyfile
    shutil.copyfileobj(source, outputfile)
    ~~~~~~~~~~~~~~~~~~^^^^^^^^^^^^^^^^^^^^
  File "/home/chener/miniconda3/lib/python3.14/shutil.py", line 257, in copyfileobj
    fdst_write(buf)
    ~~~~~~~~~~^^^^^
  File "/home/chener/miniconda3/lib/python3.14/socketserver.py", line 845, in write
    self._sock.sendall(b)
    ~~~~~~~~~~~~~~~~~~^^^
BrokenPipeError: [Errno 32] Broken pipe
----------------------------------------
22/Sep/2026 09:09:06 - "GET /ctrl/a31/0130_agentview.png HTTP/1.1" 200 -
22/Sep/2026 09:09:06 - "GET /ctrl/a31/0131_agentview.png HTTP/1.1" 200 -
22/Sep/2026 09:09:06 - "GET /ctrl/a31/0132_agentview.png HTTP/1.1" 200 -
22/Sep/2026 09:09:06 - "GET /ctrl/a31/0133_agentview.png HTTP/1.1" 200 -
22/Sep/2026 09:09:06 - "GET /ctrl/a31/0133_wrist.png HTTP/1.1" 200 -
----------------------------------------
Exception occurred during processing of request from ('127.0.0.1', 53150)
Traceback (most recent call last):
  File "/home/chener/miniconda3/lib/python3.14/socketserver.py", line 697, in process_request_thread
    self.finish_request(request, client_address)
    ~~~~~~~~~~~~~~~~~~~^^^^^^^^^^^^^^^^^^^^^^^^^
----------------------------------------
Exception occurred during processing of request from  File "/home/chener/miniconda3/lib/python3.14/socketserver.py", line 362, in finish_request
    self.RequestHandlerClass(request, client_address, self)
    ~~~~~~~~~~~~~~~~~~~~~~~~^^^^^^^^^^^^^^^^^^^^^^^^^^^^^^^
   File "/home/chener/miniconda3/lib/python3.14/http/server.py", line 736, in __init__
    super().__init__(*args, **kwargs)
    ~~~~~~~~~~~~~~~~^^^^^^^^^^^^^^^^^
  File "/home/chener/miniconda3/lib/python3.14/socketserver.py", line 766, in __init__
    self.handle()
    ~~~~~~~~~~~^^
  File "/home/chener/miniconda3/lib/python3.14/http/server.py", line 500, in handle
    self.handle_one_request()
    ~~~~~~~~~~~~~~~~~~~~~~~^^
  File "/home/chener/miniconda3/lib/python3.14/http/server.py", line 488, in handle_one_request
    method()
    ~~~~~~^^
  File "/home/chener/LIBERO/astra_eval/viz/serve.py", line 33, in do_GET
    return SimpleHTTPRequestHandler.do_GET(self)
           ~~~~~~~~~~~~~~~~~~~~~~~~~~~~~~~^^^^^^
  File "/home/chener/miniconda3/lib/python3.14/http/server.py", line 743, in do_GET
    self.copyfile(f, self.wfile)
    ~~~~~~~~~~~~~^^^^^^^^^^^^^^^
  File "/home/chener/miniconda3/lib/python3.14/http/server.py", line 946, in copyfile
    shutil.copyfileobj(source, outputfile)
    ~~~~~~~~~~~~~~~~~~^^^^^^^^^^^^^^^^^^^^
  File "/home/chener/miniconda3/lib/python3.14/shutil.py", line 257, in copyfileobj
    fdst_write(buf)
    ~~~~~~~~~~^^^^^
  File "/home/chener/miniconda3/lib/python3.14/socketserver.py", line 845, in write
    self._sock.sendall(b)
    ~~~~~~~~~~~~~~~~~~^^^
BrokenPipeError: [Errno 32] Broken pipe
----------------------------------------
('127.0.0.1', 53162)
Traceback (most recent call last):
  File "/home/chener/miniconda3/lib/python3.14/socketserver.py", line 697, in process_request_thread
    self.finish_request(request, client_address)
    ~~~~~~~~~~~~~~~~~~~^^^^^^^^^^^^^^^^^^^^^^^^^
  File "/home/chener/miniconda3/lib/python3.14/socketserver.py", line 362, in finish_request
    self.RequestHandlerClass(request, client_address, self)
    ~~~~~~~~~~~~~~~~~~~~~~~~^^^^^^^^^^^^^^^^^^^^^^^^^^^^^^^
  File "/home/chener/miniconda3/lib/python3.14/http/server.py", line 736, in __init__
    super().__init__(*args, **kwargs)
    ~~~~~~~~~~~~~~~~^^^^^^^^^^^^^^^^^
  File "/home/chener/miniconda3/lib/python3.14/socketserver.py", line 766, in __init__
    self.handle()
    ~~~~~~~~~~~^^
  File "/home/chener/miniconda3/lib/python3.14/http/server.py", line 500, in handle
    self.handle_one_request()
    ~~~~~~~~~~~~~~~~~~~~~~~^^
  File "/home/chener/miniconda3/lib/python3.14/http/server.py", line 488, in handle_one_request
    method()
    ~~~~~~^^
  File "/home/chener/LIBERO/astra_eval/viz/serve.py", line 33, in do_GET
    return SimpleHTTPRequestHandler.do_GET(self)
           ~~~~~~~~~~~~~~~~~~~~~~~~~~~~~~~^^^^^^
  File "/home/chener/miniconda3/lib/python3.14/http/server.py", line 743, in do_GET
    self.copyfile(f, self.wfile)
    ~~~~~~~~~~~~~^^^^^^^^^^^^^^^
  File "/home/chener/miniconda3/lib/python3.14/http/server.py", line 946, in copyfile
    shutil.copyfileobj(source, outputfile)
    ~~~~~~~~~~~~~~~~~~^^^^^^^^^^^^^^^^^^^^
  File "/home/chener/miniconda3/lib/python3.14/shutil.py", line 257, in copyfileobj
    fdst_write(buf)
    ~~~~~~~~~~^^^^^
  File "/home/chener/miniconda3/lib/python3.14/socketserver.py", line 845, in write
    self._sock.sendall(b)
    ~~~~~~~~~~~~~~~~~~^^^
BrokenPipeError: [Errno 32] Broken pipe
----------------------------------------
22/Sep/2026 09:09:06 - "GET /ctrl/a31/0134_agentview.png HTTP/1.1" 200 -
----------------------------------------
Exception occurred during processing of request from ('127.0.0.1', 53178)
Traceback (most recent call last):
  File "/home/chener/miniconda3/lib/python3.14/socketserver.py", line 697, in process_request_thread
    self.finish_request(request, client_address)
    ~~~~~~~~~~~~~~~~~~~^^^^^^^^^^^^^^^^^^^^^^^^^
  File "/home/chener/miniconda3/lib/python3.14/socketserver.py", line 362, in finish_request
    self.RequestHandlerClass(request, client_address, self)
    ~~~~~~~~~~~~~~~~~~~~~~~~^^^^^^^^^^^^^^^^^^^^^^^^^^^^^^^
  File "/home/chener/miniconda3/lib/python3.14/http/server.py", line 736, in __init__
    super().__init__(*args, **kwargs)
    ~~~~~~~~~~~~~~~~^^^^^^^^^^^^^^^^^
  File "/home/chener/miniconda3/lib/python3.14/socketserver.py", line 766, in __init__
    self.handle()
    ~~~~~~~~~~~^^
  File "/home/chener/miniconda3/lib/python3.14/http/server.py", line 500, in handle
    self.handle_one_request()
    ~~~~~~~~~~~~~~~~~~~~~~~^^
  File "/home/chener/miniconda3/lib/python3.14/http/server.py", line 488, in handle_one_request
    method()
    ~~~~~~^^
  File "/home/chener/LIBERO/astra_eval/viz/serve.py", line 33, in do_GET
    return SimpleHTTPRequestHandler.do_GET(self)
           ~~~~~~~~~~~~~~~~~~~~~~~~~~~~~~~^^^^^^
  File "/home/chener/miniconda3/lib/python3.14/http/server.py", line 743, in do_GET
    self.copyfile(f, self.wfile)
    ~~~~~~~~~~~~~^^^^^^^^^^^^^^^
  File "/home/chener/miniconda3/lib/python3.14/http/server.py", line 946, in copyfile
    shutil.copyfileobj(source, outputfile)
    ~~~~~~~~~~~~~~~~~~^^^^^^^^^^^^^^^^^^^^
  File "/home/chener/miniconda3/lib/python3.14/shutil.py", line 257, in copyfileobj
    fdst_write(buf)
    ~~~~~~~~~~^^^^^
  File "/home/chener/miniconda3/lib/python3.14/socketserver.py", line 845, in write
    self._sock.sendall(b)
    ~~~~~~~~~~~~~~~~~~^^^
BrokenPipeError: [Errno 32] Broken pipe
----------------------------------------
22/Sep/2026 09:09:06 - "GET /ctrl/a31/0138_agentview.png HTTP/1.1" 200 -
22/Sep/2026 09:09:06 - "GET /ctrl/a31/0138_wrist.png HTTP/1.1" 200 -
----------------------------------------22/Sep/2026 09:09:06 - "GET /ctrl/a31/0139_agentview.png HTTP/1.1" 200 -

Exception occurred during processing of request from ('127.0.0.1', 53204)
Traceback (most recent call last):
  File "/home/chener/miniconda3/lib/python3.14/socketserver.py", line 697, in process_request_thread
    self.finish_request(request, client_address)
    ~~~~~~~~~~~~~~~~~~~^^^^^^^^^^^^^^^^^^^^^^^^^
  File "/home/chener/miniconda3/lib/python3.14/socketserver.py", line 362, in finish_request
    self.RequestHandlerClass(request, client_address, self)
    ~~~~~~~~~~~~~~~~~~~~~~~~^^^^^^^^^^^^^^^^^^^^^^^^^^^^^^^
  File "/home/chener/miniconda3/lib/python3.14/http/server.py", line 736, in __init__
    super().__init__(*args, **kwargs)
    ~~~~~~~~~~~~~~~~^^^^^^^^^^^^^^^^^
  File "/home/chener/miniconda3/lib/python3.14/socketserver.py", line 766, in __init__
    self.handle()
    ~~~~~~~~~~~^^
  File "/home/chener/miniconda3/lib/python3.14/http/server.py", line 500, in handle
    self.handle_one_request()
    ~~~~~~~~~~~~~~~~~~~~~~~^^
  File "/home/chener/miniconda3/lib/python3.14/http/server.py", line 488, in handle_one_request
    method()
    ~~~~~~^^
  File "/home/chener/LIBERO/astra_eval/viz/serve.py", line 33, in do_GET
    return SimpleHTTPRequestHandler.do_GET(self)
           ~~~~~~~~~~~~~~~~~~~~~~~~~~~~~~~^^^^^^
  File "/home/chener/miniconda3/lib/python3.14/http/server.py", line 743, in do_GET
    self.copyfile(f, self.wfile)
    ~~~~~~~~~~~~~^^^^^^^^^^^^^^^
  File "/home/chener/miniconda3/lib/python3.14/http/server.py", line 946, in copyfile
    shutil.copyfileobj(source, outputfile)
    ~~~~~~~~~~~~~~~~~~^^^^^^^^^^^^^^^^^^^^
  File "/home/chener/miniconda3/lib/python3.14/shutil.py", line 257, in copyfileobj
    fdst_write(buf)
    ~~~~~~~~~~^^^^^
  File "/home/chener/miniconda3/lib/python3.14/socketserver.py", line 845, in write
    self._sock.sendall(b)
    ~~~~~~~~~~~~~~~~~~^^^
BrokenPipeError: [Errno 32] Broken pipe
----------------------------------------
22/Sep/2026 09:09:06 - "GET /ctrl/a31/0140_agentview.png HTTP/1.1" 200 -
22/Sep/2026 09:09:06 - "GET /ctrl/a31/0140_wrist.png HTTP/1.1" 200 -
22/Sep/2026 09:09:07 - "GET /ctrl/a31/0141_agentview.png HTTP/1.1" 200 -
22/Sep/2026 09:09:07 - "GET /ctrl/a31/0145_agentview.png HTTP/1.1" 200 -
22/Sep/2026 09:09:07 - "GET /ctrl/a31/0145_wrist.png HTTP/1.1" 200 -
----------------------------------------
Exception occurred during processing of request from ('127.0.0.1', 53246)
Traceback (most recent call last):
  File "/home/chener/miniconda3/lib/python3.14/socketserver.py", line 697, in process_request_thread
    self.finish_request(request, client_address)
    ~~~~~~~~~~~~~~~~~~~^^^^^^^^^^^^^^^^^^^^^^^^^
  File "/home/chener/miniconda3/lib/python3.14/socketserver.py", line 362, in finish_request
    self.RequestHandlerClass(request, client_address, self)
    ~~~~~~~~~~~~~~~~~~~~~~~~^^^^^^^^^^^^^^^^^^^^^^^^^^^^^^^
22/Sep/2026 09:09:07 - "GET /ctrl/a31/0146_agentview.png HTTP/1.1" 200 -
  File "/home/chener/miniconda3/lib/python3.14/http/server.py", line 736, in __init__
    super().__init__(*args, **kwargs)
    ~~~~~~~~~~~~~~~~^^^^^^^^^^^^^^^^^
  File "/home/chener/miniconda3/lib/python3.14/socketserver.py", line 766, in __init__
    self.handle()
    ~~~~~~~~~~~^^
  File "/home/chener/miniconda3/lib/python3.14/http/server.py", line 500, in handle
    self.handle_one_request()
    ~~~~~~~~~~~~~~~~~~~~~~~^^
  File "/home/chener/miniconda3/lib/python3.14/http/server.py", line 488, in handle_one_request
    method()
    ~~~~~~^^
  File "/home/chener/LIBERO/astra_eval/viz/serve.py", line 33, in do_GET
    return SimpleHTTPRequestHandler.do_GET(self)
           ~~~~~~~~~~~~~~~~~~~~~~~~~~~~~~~^^^^^^
  File "/home/chener/miniconda3/lib/python3.14/http/server.py", line 743, in do_GET
    self.copyfile(f, self.wfile)
    ~~~~~~~~~~~~~^^^^^^^^^^^^^^^
  File "/home/chener/miniconda3/lib/python3.14/http/server.py", line 946, in copyfile
    shutil.copyfileobj(source, outputfile)
    ~~~~~~~~~~~~~~~~~~^^^^^^^^^^^^^^^^^^^^
  File "/home/chener/miniconda3/lib/python3.14/shutil.py", line 257, in copyfileobj
    fdst_write(buf)
    ~~~~~~~~~~^^^^^
  File "/home/chener/miniconda3/lib/python3.14/socketserver.py", line 845, in write
    self._sock.sendall(b)
    ~~~~~~~~~~~~~~~~~~^^^
BrokenPipeError: [Errno 32] Broken pipe
----------------------------------------
22/Sep/2026 09:09:07 - "GET /ctrl/a31/0146_wrist.png HTTP/1.1" 200 -
----------------------------------------
Exception occurred during processing of request from ('127.0.0.1', 53268)
Traceback (most recent call last):
  File "/home/chener/miniconda3/lib/python3.14/socketserver.py", line 697, in process_request_thread
    self.finish_request(request, client_address)
    ~~~~~~~~~~~~~~~~~~~^^^^^^^^^^^^^^^^^^^^^^^^^
  File "/home/chener/miniconda3/lib/python3.14/socketserver.py", line 362, in finish_request
    self.RequestHandlerClass(request, client_address, self)
    ~~~~~~~~~~~~~~~~~~~~~~~~^^^^^^^^^^^^^^^^^^^^^^^^^^^^^^^
  File "/home/chener/miniconda3/lib/python3.14/http/server.py", line 736, in __init__
    super().__init__(*args, **kwargs)
    ~~~~~~~~~~~~~~~~^^^^^^^^^^^^^^^^^
  File "/home/chener/miniconda3/lib/python3.14/socketserver.py", line 766, in __init__
    self.handle()
    ~~~~~~~~~~~^^
  File "/home/chener/miniconda3/lib/python3.14/http/server.py", line 500, in handle
    self.handle_one_request()
    ~~~~~~~~~~~~~~~~~~~~~~~^^
  File "/home/chener/miniconda3/lib/python3.14/http/server.py", line 488, in handle_one_request
    method()
    ~~~~~~^^
  File "/home/chener/LIBERO/astra_eval/viz/serve.py", line 33, in do_GET
    return SimpleHTTPRequestHandler.do_GET(self)
           ~~~~~~~~~~~~~~~~~~~~~~~~~~~~~~~^^^^^^
  File "/home/chener/miniconda3/lib/python3.14/http/server.py", line 743, in do_GET
    self.copyfile(f, self.wfile)
    ~~~~~~~~~~~~~^^^^^^^^^^^^^^^
  File "/home/chener/miniconda3/lib/python3.14/http/server.py", line 946, in copyfile
    shutil.copyfileobj(source, outputfile)
    ~~~~~~~~~~~~~~~~~~^^^^^^^^^^^^^^^^^^^^
  File "/home/chener/miniconda3/lib/python3.14/shutil.py", line 257, in copyfileobj
    fdst_write(buf)
    ~~~~~~~~~~^^^^^
  File "/home/chener/miniconda3/lib/python3.14/socketserver.py", line 845, in write
    self._sock.sendall(b)
    ~~~~~~~~~~~~~~~~~~^^^
BrokenPipeError: [Errno 32] Broken pipe
----------------------------------------
22/Sep/2026 09:09:07 - "GET /ctrl/a31/0148_agentview.png HTTP/1.1" 200 -
22/Sep/2026 09:09:07 - "GET /ctrl/a31/0148_wrist.png HTTP/1.1" 200 -
22/Sep/2026 09:09:07 - "GET /ctrl/a31/0152_agentview.png HTTP/1.1" 200 -
22/Sep/2026 09:09:07 - "GET /ctrl/a31/0153_agentview.png HTTP/1.1" 200 -
22/Sep/2026 09:09:07 - "GET /ctrl/a31/0153_wrist.png HTTP/1.1" 200 -
22/Sep/2026 09:09:07 - "GET /ctrl/a31/0154_agentview.png HTTP/1.1" 200 -
22/Sep/2026 09:09:07 - "GET /ctrl/a31/0154_wrist.png HTTP/1.1" 200 -
22/Sep/2026 09:09:07 - "GET /ctrl/a31/0155_agentview.png HTTP/1.1" 200 -
----------------------------------------
Exception occurred during processing of request from ('127.0.0.1', 53316)
Traceback (most recent call last):
  File "/home/chener/miniconda3/lib/python3.14/socketserver.py", line 697, in process_request_thread
    self.finish_request(request, client_address)
    ~~~~~~~~~~~~~~~~~~~^^^^^^^^^^^^^^^^^^^^^^^^^
  File "/home/chener/miniconda3/lib/python3.14/socketserver.py", line 362, in finish_request
    self.RequestHandlerClass(request, client_address, self)
    ~~~~~~~~~~~~~~~~~~~~~~~~^^^^^^^^^^^^^^^^^^^^^^^^^^^^^^^
  File "/home/chener/miniconda3/lib/python3.14/http/server.py", line 736, in __init__
    super().__init__(*args, **kwargs)
    ~~~~~~~~~~~~~~~~^^^^^^^^^^^^^^^^^
  File "/home/chener/miniconda3/lib/python3.14/socketserver.py", line 766, in __init__
    self.handle()
    ~~~~~~~~~~~^^
  File "/home/chener/miniconda3/lib/python3.14/http/server.py", line 500, in handle
    self.handle_one_request()
    ~~~~~~~~~~~~~~~~~~~~~~~^^
  File "/home/chener/miniconda3/lib/python3.14/http/server.py", line 488, in handle_one_request
    method()
    ~~~~~~^^
  File "/home/chener/LIBERO/astra_eval/viz/serve.py", line 33, in do_GET
    return SimpleHTTPRequestHandler.do_GET(self)
           ~~~~~~~~~~~~~~~~~~~~~~~~~~~~~~~^^^^^^
  File "/home/chener/miniconda3/lib/python3.14/http/server.py", line 743, in do_GET
    self.copyfile(f, self.wfile)
    ~~~~~~~~~~~~~^^^^^^^^^^^^^^^
  File "/home/chener/miniconda3/lib/python3.14/http/server.py", line 946, in copyfile
    shutil.copyfileobj(source, outputfile)
    ~~~~~~~~~~~~~~~~~~^^^^^^^^^^^^^^^^^^^^
  File "/home/chener/miniconda3/lib/python3.14/shutil.py", line 257, in copyfileobj
    fdst_write(buf)
    ~~~~~~~~~~^^^^^
  File "/home/chener/miniconda3/lib/python3.14/socketserver.py", line 845, in write
    self._sock.sendall(b)
    ~~~~~~~~~~~~~~~~~~^^^
BrokenPipeError: [Errno 32] Broken pipe
----------------------------------------
22/Sep/2026 09:09:07 - "GET /ctrl/a31/0158_agentview.png HTTP/1.1" 200 -
----------------------------------------
Exception occurred during processing of request from ('127.0.0.1', 53330)
Traceback (most recent call last):
  File "/home/chener/miniconda3/lib/python3.14/socketserver.py", line 697, in process_request_thread
    self.finish_request(request, client_address)
    ~~~~~~~~~~~~~~~~~~~^^^^^^^^^^^^^^^^^^^^^^^^^
  File "/home/chener/miniconda3/lib/python3.14/socketserver.py", line 362, in finish_request
    self.RequestHandlerClass(request, client_address, self)
    ~~~~~~~~~~~~~~~~~~~~~~~~^^^^^^^^^^^^^^^^^^^^^^^^^^^^^^^
  File "/home/chener/miniconda3/lib/python3.14/http/server.py", line 736, in __init__
    super().__init__(*args, **kwargs)
    ~~~~~~~~~~~~~~~~^^^^^^^^^^^^^^^^^
  File "/home/chener/miniconda3/lib/python3.14/socketserver.py", line 766, in __init__
    self.handle()
    ~~~~~~~~~~~^^
  File "/home/chener/miniconda3/lib/python3.14/http/server.py", line 500, in handle
    self.handle_one_request()
    ~~~~~~~~~~~~~~~~~~~~~~~^^
  File "/home/chener/miniconda3/lib/python3.14/http/server.py", line 488, in handle_one_request
    method()
    ~~~~~~^^
  File "/home/chener/LIBERO/astra_eval/viz/serve.py", line 33, in do_GET
    return SimpleHTTPRequestHandler.do_GET(self)
           ~~~~~~~~~~~~~~~~~~~~~~~~~~~~~~~^^^^^^
  File "/home/chener/miniconda3/lib/python3.14/http/server.py", line 743, in do_GET
    self.copyfile(f, self.wfile)
    ~~~~~~~~~~~~~^^^^^^^^^^^^^^^
  File "/home/chener/miniconda3/lib/python3.14/http/server.py", line 946, in copyfile
    shutil.copyfileobj(source, outputfile)
    ~~~~~~~~~~~~~~~~~~^^^^^^^^^^^^^^^^^^^^
  File "/home/chener/miniconda3/lib/python3.14/shutil.py", line 257, in copyfileobj
    fdst_write(buf)
    ~~~~~~~~~~^^^^^
  File "/home/chener/miniconda3/lib/python3.14/socketserver.py", line 845, in write
    self._sock.sendall(b)
    ~~~~~~~~~~~~~~~~~~^^^
BrokenPipeError: [Errno 32] Broken pipe
----------------------------------------
22/Sep/2026 09:09:07 - "GET /ctrl/a31/0159_agentview.png HTTP/1.1" 200 -
22/Sep/2026 09:09:07 - "GET /ctrl/a31/0159_wrist.png HTTP/1.1" 200 -
--------------------------------------------------------------------------------

Exception occurred during processing of request fromException occurred during processing of request from  ('127.0.0.1', 53344)
('127.0.0.1', 53352)
Traceback (most recent call last):
  File "/home/chener/miniconda3/lib/python3.14/socketserver.py", line 697, in process_request_thread
    self.finish_request(request, client_address)
    ~~~~~~~~~~~~~~~~~~~^^^^^^^^^^^^^^^^^^^^^^^^^
Traceback (most recent call last):
  File "/home/chener/miniconda3/lib/python3.14/socketserver.py", line 362, in finish_request
    self.RequestHandlerClass(request, client_address, self)
    ~~~~~~~~~~~~~~~~~~~~~~~~^^^^^^^^^^^^^^^^^^^^^^^^^^^^^^^
  File "/home/chener/miniconda3/lib/python3.14/socketserver.py", line 697, in process_request_thread
    self.finish_request(request, client_address)
    ~~~~~~~~~~~~~~~~~~~^^^^^^^^^^^^^^^^^^^^^^^^^
  File "/home/chener/miniconda3/lib/python3.14/http/server.py", line 736, in __init__
    super().__init__(*args, **kwargs)
    ~~~~~~~~~~~~~~~~^^^^^^^^^^^^^^^^^
  File "/home/chener/miniconda3/lib/python3.14/socketserver.py", line 362, in finish_request
    self.RequestHandlerClass(request, client_address, self)
    ~~~~~~~~~~~~~~~~~~~~~~~~^^^^^^^^^^^^^^^^^^^^^^^^^^^^^^^
  File "/home/chener/miniconda3/lib/python3.14/http/server.py", line 736, in __init__
    super().__init__(*args, **kwargs)
    ~~~~~~~~~~~~~~~~^^^^^^^^^^^^^^^^^
  File "/home/chener/miniconda3/lib/python3.14/socketserver.py", line 766, in __init__
    self.handle()
    ~~~~~~~~~~~^^
  File "/home/chener/miniconda3/lib/python3.14/socketserver.py", line 766, in __init__
    self.handle()
    ~~~~~~~~~~~^^
  File "/home/chener/miniconda3/lib/python3.14/http/server.py", line 500, in handle
    self.handle_one_request()
    ~~~~~~~~~~~~~~~~~~~~~~~^^
  File "/home/chener/miniconda3/lib/python3.14/http/server.py", line 488, in handle_one_request
    method()
    ~~~~~~^^
  File "/home/chener/LIBERO/astra_eval/viz/serve.py", line 33, in do_GET
    return SimpleHTTPRequestHandler.do_GET(self)
           ~~~~~~~~~~~~~~~~~~~~~~~~~~~~~~~^^^^^^
  File "/home/chener/miniconda3/lib/python3.14/http/server.py", line 743, in do_GET
    self.copyfile(f, self.wfile)
    ~~~~~~~~~~~~~^^^^^^^^^^^^^^^
  File "/home/chener/miniconda3/lib/python3.14/http/server.py", line 500, in handle
    self.handle_one_request()
    ~~~~~~~~~~~~~~~~~~~~~~~^^
  File "/home/chener/miniconda3/lib/python3.14/http/server.py", line 946, in copyfile
    shutil.copyfileobj(source, outputfile)
    ~~~~~~~~~~~~~~~~~~^^^^^^^^^^^^^^^^^^^^
  File "/home/chener/miniconda3/lib/python3.14/shutil.py", line 257, in copyfileobj
    fdst_write(buf)
    ~~~~~~~~~~^^^^^
  File "/home/chener/miniconda3/lib/python3.14/socketserver.py", line 845, in write
    self._sock.sendall(b)
    ~~~~~~~~~~~~~~~~~~^^^
BrokenPipeError: [Errno 32] Broken pipe
----------------------------------------  File "/home/chener/miniconda3/lib/python3.14/http/server.py", line 488, in handle_one_request
    method()
    ~~~~~~^^

  File "/home/chener/LIBERO/astra_eval/viz/serve.py", line 33, in do_GET
    return SimpleHTTPRequestHandler.do_GET(self)
           ~~~~~~~~~~~~~~~~~~~~~~~~~~~~~~~^^^^^^
  File "/home/chener/miniconda3/lib/python3.14/http/server.py", line 743, in do_GET
    self.copyfile(f, self.wfile)
    ~~~~~~~~~~~~~^^^^^^^^^^^^^^^
  File "/home/chener/miniconda3/lib/python3.14/http/server.py", line 946, in copyfile
    shutil.copyfileobj(source, outputfile)
    ~~~~~~~~~~~~~~~~~~^^^^^^^^^^^^^^^^^^^^
  File "/home/chener/miniconda3/lib/python3.14/shutil.py", line 257, in copyfileobj
    fdst_write(buf)
    ~~~~~~~~~~^^^^^
  File "/home/chener/miniconda3/lib/python3.14/socketserver.py", line 845, in write
    self._sock.sendall(b)
    ~~~~~~~~~~~~~~~~~~^^^
BrokenPipeError: [Errno 32] Broken pipe
----------------------------------------
22/Sep/2026 09:09:08 - "GET /ctrl/a31/0160_agentview.png HTTP/1.1" 200 -
22/Sep/2026 09:09:08 - "GET /ctrl/a31/0161_agentview.png HTTP/1.1" 200 -
22/Sep/2026 09:09:08 - "GET /ctrl/a31/0161_wrist.png HTTP/1.1" 200 -
22/Sep/2026 09:09:08 - "GET /ctrl/a31/0164_agentview.png HTTP/1.1" 200 -
----------------------------------------
Exception occurred during processing of request from ('127.0.0.1', 53380)
Traceback (most recent call last):
  File "/home/chener/miniconda3/lib/python3.14/socketserver.py", line 697, in process_request_thread
    self.finish_request(request, client_address)
    ~~~~~~~~~~~~~~~~~~~^^^^^^^^^^^^^^^^^^^^^^^^^
  File "/home/chener/miniconda3/lib/python3.14/socketserver.py", line 362, in finish_request
    self.RequestHandlerClass(request, client_address, self)
    ~~~~~~~~~~~~~~~~~~~~~~~~^^^^^^^^^^^^^^^^^^^^^^^^^^^^^^^
  File "/home/chener/miniconda3/lib/python3.14/http/server.py", line 736, in __init__
    super().__init__(*args, **kwargs)
    ~~~~~~~~~~~~~~~~^^^^^^^^^^^^^^^^^
  File "/home/chener/miniconda3/lib/python3.14/socketserver.py", line 766, in __init__
    self.handle()
    ~~~~~~~~~~~^^
  File "/home/chener/miniconda3/lib/python3.14/http/server.py", line 500, in handle
    self.handle_one_request()
    ~~~~~~~~~~~~~~~~~~~~~~~^^
  File "/home/chener/miniconda3/lib/python3.14/http/server.py", line 488, in handle_one_request
    method()
    ~~~~~~^^
  File "/home/chener/LIBERO/astra_eval/viz/serve.py", line 33, in do_GET
    return SimpleHTTPRequestHandler.do_GET(self)
           ~~~~~~~~~~~~~~~~~~~~~~~~~~~~~~~^^^^^^
  File "/home/chener/miniconda3/lib/python3.14/http/server.py", line 743, in do_GET
    self.copyfile(f, self.wfile)
    ~~~~~~~~~~~~~^^^^^^^^^^^^^^^
  File "/home/chener/miniconda3/lib/python3.14/http/server.py", line 946, in copyfile
    shutil.copyfileobj(source, outputfile)
    ~~~~~~~~~~~~~~~~~~^^^^^^^^^^^^^^^^^^^^
  File "/home/chener/miniconda3/lib/python3.14/shutil.py", line 257, in copyfileobj
    fdst_write(buf)
    ~~~~~~~~~~^^^^^
  File "/home/chener/miniconda3/lib/python3.14/socketserver.py", line 845, in write
    self._sock.sendall(b)
    ~~~~~~~~~~~~~~~~~~^^^
BrokenPipeError: [Errno 32] Broken pipe
----------------------------------------
22/Sep/2026 09:09:08 - "GET /ctrl/a31/0167_agentview.png HTTP/1.1" 200 -
22/Sep/2026 09:09:08 - "GET /ctrl/a31/0167_wrist.png HTTP/1.1" 200 -
22/Sep/2026 09:09:08 - "GET /ctrl/a31/0168_agentview.png HTTP/1.1" 200 -
22/Sep/2026 09:09:08 - "GET /ctrl/a31/0169_agentview.png HTTP/1.1" 200 -
22/Sep/2026 09:09:08 - "GET /ctrl/a31/0169_wrist.png HTTP/1.1" 200 -
22/Sep/2026 09:09:08 - "GET /ctrl/a31/0170_agentview.png HTTP/1.1" 200 -
22/Sep/2026 09:09:08 - "GET /ctrl/a31/0174_agentview.png HTTP/1.1" 200 -
22/Sep/2026 09:09:08 - "GET /ctrl/a31/0174_wrist.png HTTP/1.1" 200 -
22/Sep/2026 09:09:08 - "GET /ctrl/a31/0175_agentview.png HTTP/1.1" 200 -
22/Sep/2026 09:09:08 - "GET /ctrl/a31/0176_agentview.png HTTP/1.1" 200 -
22/Sep/2026 09:09:08 - "GET /ctrl/a31/0176_wrist.png HTTP/1.1" 200 -
22/Sep/2026 09:09:08 - "GET /ctrl/a31/0177_agentview.png HTTP/1.1" 200 -
22/Sep/2026 09:09:09 - "GET /ctrl/a31/0180_agentview.png HTTP/1.1" 200 -
22/Sep/2026 09:09:09 - "GET /ctrl/a31/0181_wrist.png HTTP/1.1" 200 -
22/Sep/2026 09:09:09 - "GET /ctrl/a31/0181_agentview.png HTTP/1.1" 200 -
22/Sep/2026 09:09:09 - "GET /ctrl/a31/0182_agentview.png HTTP/1.1" 200 -
22/Sep/2026 09:09:09 - "GET /ctrl/a31/0182_wrist.png HTTP/1.1" 200 -
22/Sep/2026 09:09:09 - "GET /ctrl/a31/0184_agentview.png HTTP/1.1" 200 -
22/Sep/2026 09:09:09 - "GET /ctrl/a31/0187_agentview.png HTTP/1.1" 200 -
22/Sep/2026 09:09:09 - "GET /ctrl/a31/0188_agentview.png HTTP/1.1" 200 -
22/Sep/2026 09:09:09 - "GET /ctrl/a31/0188_wrist.png HTTP/1.1" 200 -
22/Sep/2026 09:09:09 - "GET /ctrl/a31/0190_agentview.png HTTP/1.1" 200 -
22/Sep/2026 09:09:09 - "GET /ctrl/a31/0190_wrist.png HTTP/1.1" 200 -
22/Sep/2026 09:09:09 - "GET /ctrl/a31/0191_agentview.png HTTP/1.1" 200 -
22/Sep/2026 09:09:09 - "GET /ctrl/a31/0192_agentview.png HTTP/1.1" 200 -
22/Sep/2026 09:09:09 - "GET /ctrl/a31/0192_wrist.png HTTP/1.1" 200 -
22/Sep/2026 09:09:15 - "GET /frames/a32/0005_agentview.png HTTP/1.1" 200 -
22/Sep/2026 09:09:15 - "GET /frames/a32/0094_agentview.png HTTP/1.1" 200 -
22/Sep/2026 09:09:15 - "GET /frames/a32/0142_agentview.png HTTP/1.1" 200 -
22/Sep/2026 09:09:15 - "GET /frames/a32/0167_agentview.png HTTP/1.1" 200 -
22/Sep/2026 09:09:16 - "GET /frames/a32/0179_agentview.png HTTP/1.1" 200 -
22/Sep/2026 09:09:16 - "GET /frames/a32/0239_agentview.png HTTP/1.1" 200 -
22/Sep/2026 09:09:16 - "GET /ctrl/a32/0001_agentview.png HTTP/1.1" 200 -
22/Sep/2026 09:09:16 - "GET /ctrl/a32/0001_wrist.png HTTP/1.1" 200 -
22/Sep/2026 09:09:16 - "GET /frames/a32/0191_agentview.png HTTP/1.1" 200 -
22/Sep/2026 09:09:17 - "GET /ctrl/a32/0008_agentview.png HTTP/1.1" 200 -
22/Sep/2026 09:09:17 - "GET /ctrl/a32/0007_wrist.png HTTP/1.1" 200 -
----------------------------------------
Exception occurred during processing of request from ('127.0.0.1', 49140)
Traceback (most recent call last):
  File "/home/chener/miniconda3/lib/python3.14/socketserver.py", line 697, in process_request_thread
    self.finish_request(request, client_address)
    ~~~~~~~~~~~~~~~~~~~^^^^^^^^^^^^^^^^^^^^^^^^^
  File "/home/chener/miniconda3/lib/python3.14/socketserver.py", line 362, in finish_request
    self.RequestHandlerClass(request, client_address, self)
    ~~~~~~~~~~~~~~~~~~~~~~~~^^^^^^^^^^^^^^^^^^^^^^^^^^^^^^^
  File "/home/chener/miniconda3/lib/python3.14/http/server.py", line 736, in __init__
    super().__init__(*args, **kwargs)
    ~~~~~~~~~~~~~~~~^^^^^^^^^^^^^^^^^
  File "/home/chener/miniconda3/lib/python3.14/socketserver.py", line 766, in __init__
    self.handle()
    ~~~~~~~~~~~^^
  File "/home/chener/miniconda3/lib/python3.14/http/server.py", line 500, in handle
    self.handle_one_request()
    ~~~~~~~~~~~~~~~~~~~~~~~^^
  File "/home/chener/miniconda3/lib/python3.14/http/server.py", line 488, in handle_one_request
    method()
    ~~~~~~^^
  File "/home/chener/LIBERO/astra_eval/viz/serve.py", line 33, in do_GET
    return SimpleHTTPRequestHandler.do_GET(self)
           ~~~~~~~~~~~~~~~~~~~~~~~~~~~~~~~^^^^^^
  File "/home/chener/miniconda3/lib/python3.14/http/server.py", line 743, in do_GET
    self.copyfile(f, self.wfile)
    ~~~~~~~~~~~~~^^^^^^^^^^^^^^^
  File "/home/chener/miniconda3/lib/python3.14/http/server.py", line 946, in copyfile
    shutil.copyfileobj(source, outputfile)
    ~~~~~~~~~~~~~~~~~~^^^^^^^^^^^^^^^^^^^^
  File "/home/chener/miniconda3/lib/python3.14/shutil.py", line 257, in copyfileobj
    fdst_write(buf)
    ~~~~~~~~~~^^^^^
  File "/home/chener/miniconda3/lib/python3.14/socketserver.py", line 845, in write
    self._sock.sendall(b)
    ~~~~~~~~~~~~~~~~~~^^^
BrokenPipeError: [Errno 32] Broken pipe
----------------------------------------
22/Sep/2026 09:09:17 - "GET /ctrl/a32/0009_agentview.png HTTP/1.1" 200 -
22/Sep/2026 09:09:17 - "GET /ctrl/a32/0009_wrist.png HTTP/1.1" 200 -
22/Sep/2026 09:09:17 - "GET /ctrl/a32/0010_agentview.png HTTP/1.1" 200 -
22/Sep/2026 09:09:17 - "GET /ctrl/a32/0010_wrist.png HTTP/1.1" 200 -
22/Sep/2026 09:09:17 - "GET /ctrl/a32/0014_agentview.png HTTP/1.1" 200 -
22/Sep/2026 09:09:17 - "GET /ctrl/a32/0014_wrist.png HTTP/1.1" 200 -
--------------------------------------------------------------------------------

Exception occurred during processing of request from Exception occurred during processing of request from ('127.0.0.1', 49172)
('127.0.0.1', 49168)
Traceback (most recent call last):
  File "/home/chener/miniconda3/lib/python3.14/socketserver.py", line 697, in process_request_thread
    self.finish_request(request, client_address)
    ~~~~~~~~~~~~~~~~~~~^^^^^^^^^^^^^^^^^^^^^^^^^
  File "/home/chener/miniconda3/lib/python3.14/socketserver.py", line 362, in finish_request
    self.RequestHandlerClass(request, client_address, self)
    ~~~~~~~~~~~~~~~~~~~~~~~~^^^^^^^^^^^^^^^^^^^^^^^^^^^^^^^
  File "/home/chener/miniconda3/lib/python3.14/http/server.py", line 736, in __init__
    super().__init__(*args, **kwargs)
    ~~~~~~~~~~~~~~~~^^^^^^^^^^^^^^^^^
  File "/home/chener/miniconda3/lib/python3.14/socketserver.py", line 766, in __init__
    self.handle()
    ~~~~~~~~~~~^^
  File "/home/chener/miniconda3/lib/python3.14/http/server.py", line 500, in handle
    self.handle_one_request()
    ~~~~~~~~~~~~~~~~~~~~~~~^^
  File "/home/chener/miniconda3/lib/python3.14/http/server.py", line 488, in handle_one_request
    method()
    ~~~~~~^^
  File "/home/chener/LIBERO/astra_eval/viz/serve.py", line 33, in do_GET
    return SimpleHTTPRequestHandler.do_GET(self)
           ~~~~~~~~~~~~~~~~~~~~~~~~~~~~~~~^^^^^^
Traceback (most recent call last):
  File "/home/chener/miniconda3/lib/python3.14/http/server.py", line 743, in do_GET
    self.copyfile(f, self.wfile)
    ~~~~~~~~~~~~~^^^^^^^^^^^^^^^
  File "/home/chener/miniconda3/lib/python3.14/socketserver.py", line 697, in process_request_thread
    self.finish_request(request, client_address)
    ~~~~~~~~~~~~~~~~~~~^^^^^^^^^^^^^^^^^^^^^^^^^
  File "/home/chener/miniconda3/lib/python3.14/http/server.py", line 946, in copyfile
    shutil.copyfileobj(source, outputfile)
    ~~~~~~~~~~~~~~~~~~^^^^^^^^^^^^^^^^^^^^
  File "/home/chener/miniconda3/lib/python3.14/socketserver.py", line 362, in finish_request
    self.RequestHandlerClass(request, client_address, self)
    ~~~~~~~~~~~~~~~~~~~~~~~~^^^^^^^^^^^^^^^^^^^^^^^^^^^^^^^
  File "/home/chener/miniconda3/lib/python3.14/shutil.py", line 257, in copyfileobj
    fdst_write(buf)
    ~~~~~~~~~~^^^^^
  File "/home/chener/miniconda3/lib/python3.14/socketserver.py", line 845, in write
    self._sock.sendall(b)
    ~~~~~~~~~~~~~~~~~~^^^
  File "/home/chener/miniconda3/lib/python3.14/http/server.py", line 736, in __init__
    super().__init__(*args, **kwargs)
    ~~~~~~~~~~~~~~~~^^^^^^^^^^^^^^^^^
BrokenPipeError: [Errno 32] Broken pipe
----------------------------------------
  File "/home/chener/miniconda3/lib/python3.14/socketserver.py", line 766, in __init__
    self.handle()
    ~~~~~~~~~~~^^
  File "/home/chener/miniconda3/lib/python3.14/http/server.py", line 500, in handle
    self.handle_one_request()
    ~~~~~~~~~~~~~~~~~~~~~~~^^
  File "/home/chener/miniconda3/lib/python3.14/http/server.py", line 488, in handle_one_request
    method()
    ~~~~~~^^
  File "/home/chener/LIBERO/astra_eval/viz/serve.py", line 33, in do_GET
    return SimpleHTTPRequestHandler.do_GET(self)
           ~~~~~~~~~~~~~~~~~~~~~~~~~~~~~~~^^^^^^
  File "/home/chener/miniconda3/lib/python3.14/http/server.py", line 743, in do_GET
    self.copyfile(f, self.wfile)
    ~~~~~~~~~~~~~^^^^^^^^^^^^^^^
  File "/home/chener/miniconda3/lib/python3.14/http/server.py", line 946, in copyfile
    shutil.copyfileobj(source, outputfile)
    ~~~~~~~~~~~~~~~~~~^^^^^^^^^^^^^^^^^^^^
  File "/home/chener/miniconda3/lib/python3.14/shutil.py", line 257, in copyfileobj
    fdst_write(buf)
    ~~~~~~~~~~^^^^^
  File "/home/chener/miniconda3/lib/python3.14/socketserver.py", line 845, in write
    self._sock.sendall(b)
    ~~~~~~~~~~~~~~~~~~^^^
BrokenPipeError: [Errno 32] Broken pipe
----------------------------------------
22/Sep/2026 09:09:17 - "GET /ctrl/a32/0015_agentview.png HTTP/1.1" 200 -
22/Sep/2026 09:09:17 - "GET /ctrl/a32/0015_wrist.png HTTP/1.1" 200 -
22/Sep/2026 09:09:17 - "GET /ctrl/a32/0016_agentview.png HTTP/1.1" 200 -
22/Sep/2026 09:09:17 - "GET /ctrl/a32/0016_wrist.png HTTP/1.1" 200 -
22/Sep/2026 09:09:17 - "GET /ctrl/a32/0020_agentview.png HTTP/1.1" 200 -
22/Sep/2026 09:09:17 - "GET /ctrl/a32/0020_wrist.png HTTP/1.1" 200 -
----------------------------------------
Exception occurred during processing of request from ('127.0.0.1', 49216)
Traceback (most recent call last):
  File "/home/chener/miniconda3/lib/python3.14/socketserver.py", line 697, in process_request_thread
    self.finish_request(request, client_address)
    ~~~~~~~~~~~~~~~~~~~^^^^^^^^^^^^^^^^^^^^^^^^^
  File "/home/chener/miniconda3/lib/python3.14/socketserver.py", line 362, in finish_request
    self.RequestHandlerClass(request, client_address, self)
    ~~~~~~~~~~~~~~~~~~~~~~~~^^^^^^^^^^^^^^^^^^^^^^^^^^^^^^^
  File "/home/chener/miniconda3/lib/python3.14/http/server.py", line 736, in __init__
    super().__init__(*args, **kwargs)
    ~~~~~~~~~~~~~~~~^^^^^^^^^^^^^^^^^
  File "/home/chener/miniconda3/lib/python3.14/socketserver.py", line 766, in __init__
    self.handle()
    ~~~~~~~~~~~^^
  File "/home/chener/miniconda3/lib/python3.14/http/server.py", line 500, in handle
    self.handle_one_request()
    ~~~~~~~~~~~~~~~~~~~~~~~^^
  File "/home/chener/miniconda3/lib/python3.14/http/server.py", line 488, in handle_one_request
    method()
    ~~~~~~^^
  File "/home/chener/LIBERO/astra_eval/viz/serve.py", line 33, in do_GET
    return SimpleHTTPRequestHandler.do_GET(self)
           ~~~~~~~~~~~~~~~~~~~~~~~~~~~~~~~^^^^^^
  File "/home/chener/miniconda3/lib/python3.14/http/server.py", line 743, in do_GET
    self.copyfile(f, self.wfile)
    ~~~~~~~~~~~~~^^^^^^^^^^^^^^^
  File "/home/chener/miniconda3/lib/python3.14/http/server.py", line 946, in copyfile
    shutil.copyfileobj(source, outputfile)
    ~~~~~~~~~~~~~~~~~~^^^^^^^^^^^^^^^^^^^^
  File "/home/chener/miniconda3/lib/python3.14/shutil.py", line 257, in copyfileobj
    fdst_write(buf)
    ~~~~~~~~~~^^^^^
  File "/home/chener/miniconda3/lib/python3.14/socketserver.py", line 845, in write
    self._sock.sendall(b)
    ~~~~~~~~~~~~~~~~~~^^^
BrokenPipeError: [Errno 32] Broken pipe
----------------------------------------
22/Sep/2026 09:09:17 - "GET /ctrl/a32/0022_agentview.png HTTP/1.1" 200 -
22/Sep/2026 09:09:17 - "GET /ctrl/a32/0022_wrist.png HTTP/1.1" 200 -
22/Sep/2026 09:09:17 - "GET /ctrl/a32/0023_agentview.png HTTP/1.1" 200 -
22/Sep/2026 09:09:17 - "GET /ctrl/a32/0023_wrist.png HTTP/1.1" 200 -
----------------------------------------
Exception occurred during processing of request from ('127.0.0.1', 49254)
----------------------------------------
Traceback (most recent call last):
Exception occurred during processing of request from  File "/home/chener/miniconda3/lib/python3.14/socketserver.py", line 697, in process_request_thread
    self.finish_request(request, client_address)
    ~~~~~~~~~~~~~~~~~~~^^^^^^^^^^^^^^^^^^^^^^^^^
   File "/home/chener/miniconda3/lib/python3.14/socketserver.py", line 362, in finish_request
    self.RequestHandlerClass(request, client_address, self)
    ~~~~~~~~~~~~~~~~~~~~~~~~^^^^^^^^^^^^^^^^^^^^^^^^^^^^^^^
('127.0.0.1', 49260)
  File "/home/chener/miniconda3/lib/python3.14/http/server.py", line 736, in __init__
    super().__init__(*args, **kwargs)
    ~~~~~~~~~~~~~~~~^^^^^^^^^^^^^^^^^
Traceback (most recent call last):
  File "/home/chener/miniconda3/lib/python3.14/socketserver.py", line 766, in __init__
    self.handle()
    ~~~~~~~~~~~^^
  File "/home/chener/miniconda3/lib/python3.14/socketserver.py", line 697, in process_request_thread
    self.finish_request(request, client_address)
    ~~~~~~~~~~~~~~~~~~~^^^^^^^^^^^^^^^^^^^^^^^^^
  File "/home/chener/miniconda3/lib/python3.14/http/server.py", line 500, in handle
    self.handle_one_request()
    ~~~~~~~~~~~~~~~~~~~~~~~^^
  File "/home/chener/miniconda3/lib/python3.14/socketserver.py", line 362, in finish_request
    self.RequestHandlerClass(request, client_address, self)
    ~~~~~~~~~~~~~~~~~~~~~~~~^^^^^^^^^^^^^^^^^^^^^^^^^^^^^^^
  File "/home/chener/miniconda3/lib/python3.14/http/server.py", line 488, in handle_one_request
    method()
    ~~~~~~^^
  File "/home/chener/LIBERO/astra_eval/viz/serve.py", line 33, in do_GET
    return SimpleHTTPRequestHandler.do_GET(self)
           ~~~~~~~~~~~~~~~~~~~~~~~~~~~~~~~^^^^^^
  File "/home/chener/miniconda3/lib/python3.14/http/server.py", line 743, in do_GET
    self.copyfile(f, self.wfile)
    ~~~~~~~~~~~~~^^^^^^^^^^^^^^^
  File "/home/chener/miniconda3/lib/python3.14/http/server.py", line 946, in copyfile
    shutil.copyfileobj(source, outputfile)
    ~~~~~~~~~~~~~~~~~~^^^^^^^^^^^^^^^^^^^^
  File "/home/chener/miniconda3/lib/python3.14/shutil.py", line 257, in copyfileobj
    fdst_write(buf)
    ~~~~~~~~~~^^^^^
  File "/home/chener/miniconda3/lib/python3.14/socketserver.py", line 845, in write
    self._sock.sendall(b)
    ~~~~~~~~~~~~~~~~~~^^^
BrokenPipeError: [Errno 32] Broken pipe
----------------------------------------  File "/home/chener/miniconda3/lib/python3.14/http/server.py", line 736, in __init__
    super().__init__(*args, **kwargs)
    ~~~~~~~~~~~~~~~~^^^^^^^^^^^^^^^^^

  File "/home/chener/miniconda3/lib/python3.14/socketserver.py", line 766, in __init__
    self.handle()
    ~~~~~~~~~~~^^
  File "/home/chener/miniconda3/lib/python3.14/http/server.py", line 500, in handle
    self.handle_one_request()
    ~~~~~~~~~~~~~~~~~~~~~~~^^
  File "/home/chener/miniconda3/lib/python3.14/http/server.py", line 488, in handle_one_request
    method()
    ~~~~~~^^
  File "/home/chener/LIBERO/astra_eval/viz/serve.py", line 33, in do_GET
    return SimpleHTTPRequestHandler.do_GET(self)
           ~~~~~~~~~~~~~~~~~~~~~~~~~~~~~~~^^^^^^
  File "/home/chener/miniconda3/lib/python3.14/http/server.py", line 743, in do_GET
    self.copyfile(f, self.wfile)
    ~~~~~~~~~~~~~^^^^^^^^^^^^^^^
  File "/home/chener/miniconda3/lib/python3.14/http/server.py", line 946, in copyfile
    shutil.copyfileobj(source, outputfile)
    ~~~~~~~~~~~~~~~~~~^^^^^^^^^^^^^^^^^^^^
  File "/home/chener/miniconda3/lib/python3.14/shutil.py", line 257, in copyfileobj
    fdst_write(buf)
    ~~~~~~~~~~^^^^^
  File "/home/chener/miniconda3/lib/python3.14/socketserver.py", line 845, in write
    self._sock.sendall(b)
    ~~~~~~~~~~~~~~~~~~^^^
BrokenPipeError: [Errno 32] Broken pipe
----------------------------------------
22/Sep/2026 09:09:18 - "GET /ctrl/a32/0027_agentview.png HTTP/1.1" 200 -
22/Sep/2026 09:09:18 - "GET /ctrl/a32/0027_wrist.png HTTP/1.1" 200 -
22/Sep/2026 09:09:18 - "GET /ctrl/a32/0029_agentview.png HTTP/1.1" 200 -
22/Sep/2026 09:09:18 - "GET /ctrl/a32/0029_wrist.png HTTP/1.1" 200 -
----------------------------------------
----------------------------------------
Exception occurred during processing of request from ('127.0.0.1', 49302)Exception occurred during processing of request from
 ('127.0.0.1', 49308)
Traceback (most recent call last):
  File "/home/chener/miniconda3/lib/python3.14/socketserver.py", line 697, in process_request_thread
    self.finish_request(request, client_address)
    ~~~~~~~~~~~~~~~~~~~^^^^^^^^^^^^^^^^^^^^^^^^^
Traceback (most recent call last):
  File "/home/chener/miniconda3/lib/python3.14/socketserver.py", line 362, in finish_request
    self.RequestHandlerClass(request, client_address, self)
    ~~~~~~~~~~~~~~~~~~~~~~~~^^^^^^^^^^^^^^^^^^^^^^^^^^^^^^^
  File "/home/chener/miniconda3/lib/python3.14/socketserver.py", line 697, in process_request_thread
    self.finish_request(request, client_address)
    ~~~~~~~~~~~~~~~~~~~^^^^^^^^^^^^^^^^^^^^^^^^^
  File "/home/chener/miniconda3/lib/python3.14/http/server.py", line 736, in __init__
    super().__init__(*args, **kwargs)
    ~~~~~~~~~~~~~~~~^^^^^^^^^^^^^^^^^
  File "/home/chener/miniconda3/lib/python3.14/socketserver.py", line 362, in finish_request
    self.RequestHandlerClass(request, client_address, self)
    ~~~~~~~~~~~~~~~~~~~~~~~~^^^^^^^^^^^^^^^^^^^^^^^^^^^^^^^
  File "/home/chener/miniconda3/lib/python3.14/socketserver.py", line 766, in __init__
    self.handle()
    ~~~~~~~~~~~^^
  File "/home/chener/miniconda3/lib/python3.14/http/server.py", line 500, in handle
    self.handle_one_request()
    ~~~~~~~~~~~~~~~~~~~~~~~^^
  File "/home/chener/miniconda3/lib/python3.14/http/server.py", line 488, in handle_one_request
    method()
    ~~~~~~^^
  File "/home/chener/miniconda3/lib/python3.14/http/server.py", line 736, in __init__
    super().__init__(*args, **kwargs)
    ~~~~~~~~~~~~~~~~^^^^^^^^^^^^^^^^^
  File "/home/chener/miniconda3/lib/python3.14/socketserver.py", line 766, in __init__
    self.handle()
    ~~~~~~~~~~~^^
  File "/home/chener/miniconda3/lib/python3.14/http/server.py", line 500, in handle
    self.handle_one_request()
    ~~~~~~~~~~~~~~~~~~~~~~~^^
  File "/home/chener/miniconda3/lib/python3.14/http/server.py", line 488, in handle_one_request
    method()
    ~~~~~~^^
  File "/home/chener/LIBERO/astra_eval/viz/serve.py", line 33, in do_GET
    return SimpleHTTPRequestHandler.do_GET(self)
           ~~~~~~~~~~~~~~~~~~~~~~~~~~~~~~~^^^^^^
  File "/home/chener/miniconda3/lib/python3.14/http/server.py", line 743, in do_GET
    self.copyfile(f, self.wfile)
    ~~~~~~~~~~~~~^^^^^^^^^^^^^^^
  File "/home/chener/miniconda3/lib/python3.14/http/server.py", line 946, in copyfile
    shutil.copyfileobj(source, outputfile)
    ~~~~~~~~~~~~~~~~~~^^^^^^^^^^^^^^^^^^^^
  File "/home/chener/miniconda3/lib/python3.14/shutil.py", line 257, in copyfileobj
    fdst_write(buf)
    ~~~~~~~~~~^^^^^
  File "/home/chener/LIBERO/astra_eval/viz/serve.py", line 33, in do_GET
    return SimpleHTTPRequestHandler.do_GET(self)
           ~~~~~~~~~~~~~~~~~~~~~~~~~~~~~~~^^^^^^
  File "/home/chener/miniconda3/lib/python3.14/socketserver.py", line 845, in write
    self._sock.sendall(b)
    ~~~~~~~~~~~~~~~~~~^^^
BrokenPipeError: [Errno 32] Broken pipe
  File "/home/chener/miniconda3/lib/python3.14/http/server.py", line 743, in do_GET
    self.copyfile(f, self.wfile)
    ~~~~~~~~~~~~~^^^^^^^^^^^^^^^
----------------------------------------
  File "/home/chener/miniconda3/lib/python3.14/http/server.py", line 946, in copyfile
    shutil.copyfileobj(source, outputfile)
    ~~~~~~~~~~~~~~~~~~^^^^^^^^^^^^^^^^^^^^
  File "/home/chener/miniconda3/lib/python3.14/shutil.py", line 257, in copyfileobj
    fdst_write(buf)
    ~~~~~~~~~~^^^^^
  File "/home/chener/miniconda3/lib/python3.14/socketserver.py", line 845, in write
    self._sock.sendall(b)
    ~~~~~~~~~~~~~~~~~~^^^
BrokenPipeError: [Errno 32] Broken pipe
----------------------------------------
22/Sep/2026 09:09:18 - "GET /ctrl/a32/0030_wrist.png HTTP/1.1" 200 -
22/Sep/2026 09:09:18 - "GET /ctrl/a32/0030_agentview.png HTTP/1.1" 200 -
--------------------------------------------------------------------------------

Exception occurred during processing of request fromException occurred during processing of request from ('127.0.0.1', 49322) 
('127.0.0.1', 49314)
Traceback (most recent call last):
Traceback (most recent call last):
  File "/home/chener/miniconda3/lib/python3.14/socketserver.py", line 697, in process_request_thread
    self.finish_request(request, client_address)
    ~~~~~~~~~~~~~~~~~~~^^^^^^^^^^^^^^^^^^^^^^^^^
  File "/home/chener/miniconda3/lib/python3.14/socketserver.py", line 697, in process_request_thread
    self.finish_request(request, client_address)
    ~~~~~~~~~~~~~~~~~~~^^^^^^^^^^^^^^^^^^^^^^^^^
  File "/home/chener/miniconda3/lib/python3.14/socketserver.py", line 362, in finish_request
    self.RequestHandlerClass(request, client_address, self)
    ~~~~~~~~~~~~~~~~~~~~~~~~^^^^^^^^^^^^^^^^^^^^^^^^^^^^^^^
  File "/home/chener/miniconda3/lib/python3.14/socketserver.py", line 362, in finish_request
    self.RequestHandlerClass(request, client_address, self)
    ~~~~~~~~~~~~~~~~~~~~~~~~^^^^^^^^^^^^^^^^^^^^^^^^^^^^^^^
  File "/home/chener/miniconda3/lib/python3.14/http/server.py", line 736, in __init__
    super().__init__(*args, **kwargs)
    ~~~~~~~~~~~~~~~~^^^^^^^^^^^^^^^^^
  File "/home/chener/miniconda3/lib/python3.14/socketserver.py", line 766, in __init__
    self.handle()
    ~~~~~~~~~~~^^
  File "/home/chener/miniconda3/lib/python3.14/http/server.py", line 736, in __init__
    super().__init__(*args, **kwargs)
    ~~~~~~~~~~~~~~~~^^^^^^^^^^^^^^^^^
  File "/home/chener/miniconda3/lib/python3.14/socketserver.py", line 766, in __init__
    self.handle()
    ~~~~~~~~~~~^^
  File "/home/chener/miniconda3/lib/python3.14/http/server.py", line 500, in handle
    self.handle_one_request()
    ~~~~~~~~~~~~~~~~~~~~~~~^^
  File "/home/chener/miniconda3/lib/python3.14/http/server.py", line 488, in handle_one_request
    method()
    ~~~~~~^^
  File "/home/chener/LIBERO/astra_eval/viz/serve.py", line 33, in do_GET
    return SimpleHTTPRequestHandler.do_GET(self)
           ~~~~~~~~~~~~~~~~~~~~~~~~~~~~~~~^^^^^^
  File "/home/chener/miniconda3/lib/python3.14/http/server.py", line 743, in do_GET
    self.copyfile(f, self.wfile)
    ~~~~~~~~~~~~~^^^^^^^^^^^^^^^
  File "/home/chener/miniconda3/lib/python3.14/http/server.py", line 500, in handle
    self.handle_one_request()
    ~~~~~~~~~~~~~~~~~~~~~~~^^
  File "/home/chener/miniconda3/lib/python3.14/http/server.py", line 488, in handle_one_request
    method()
    ~~~~~~^^
  File "/home/chener/LIBERO/astra_eval/viz/serve.py", line 33, in do_GET
    return SimpleHTTPRequestHandler.do_GET(self)
           ~~~~~~~~~~~~~~~~~~~~~~~~~~~~~~~^^^^^^
  File "/home/chener/miniconda3/lib/python3.14/http/server.py", line 743, in do_GET
    self.copyfile(f, self.wfile)
    ~~~~~~~~~~~~~^^^^^^^^^^^^^^^
  File "/home/chener/miniconda3/lib/python3.14/http/server.py", line 946, in copyfile
    shutil.copyfileobj(source, outputfile)
    ~~~~~~~~~~~~~~~~~~^^^^^^^^^^^^^^^^^^^^
  File "/home/chener/miniconda3/lib/python3.14/http/server.py", line 946, in copyfile
    shutil.copyfileobj(source, outputfile)
    ~~~~~~~~~~~~~~~~~~^^^^^^^^^^^^^^^^^^^^
  File "/home/chener/miniconda3/lib/python3.14/shutil.py", line 257, in copyfileobj
    fdst_write(buf)
    ~~~~~~~~~~^^^^^
  File "/home/chener/miniconda3/lib/python3.14/socketserver.py", line 845, in write
    self._sock.sendall(b)
    ~~~~~~~~~~~~~~~~~~^^^
  File "/home/chener/miniconda3/lib/python3.14/shutil.py", line 257, in copyfileobj
    fdst_write(buf)
    ~~~~~~~~~~^^^^^
BrokenPipeError: [Errno 32] Broken pipe
----------------------------------------
  File "/home/chener/miniconda3/lib/python3.14/socketserver.py", line 845, in write
    self._sock.sendall(b)
    ~~~~~~~~~~~~~~~~~~^^^
BrokenPipeError: [Errno 32] Broken pipe
----------------------------------------
22/Sep/2026 09:09:18 - "GET /ctrl/a32/0035_wrist.png HTTP/1.1" 200 -
22/Sep/2026 09:09:18 - "GET /ctrl/a32/0035_agentview.png HTTP/1.1" 200 -
22/Sep/2026 09:09:18 - "GET /ctrl/a32/0036_agentview.png HTTP/1.1" 200 -
22/Sep/2026 09:09:18 - "GET /ctrl/a32/0036_wrist.png HTTP/1.1" 200 -
22/Sep/2026 09:09:18 - "GET /ctrl/a32/0037_agentview.png HTTP/1.1" 200 -
22/Sep/2026 09:09:18 - "GET /ctrl/a32/0037_wrist.png HTTP/1.1" 200 -
22/Sep/2026 09:09:18 - "GET /ctrl/a32/0041_agentview.png HTTP/1.1" 200 -
22/Sep/2026 09:09:18 - "GET /ctrl/a32/0041_wrist.png HTTP/1.1" 200 -
22/Sep/2026 09:09:18 - "GET /ctrl/a32/0043_agentview.png HTTP/1.1" 200 -
22/Sep/2026 09:09:18 - "GET /ctrl/a32/0043_wrist.png HTTP/1.1" 200 -
22/Sep/2026 09:09:18 - "GET /ctrl/a32/0044_agentview.png HTTP/1.1" 200 -
22/Sep/2026 09:09:18 - "GET /ctrl/a32/0044_wrist.png HTTP/1.1" 200 -
22/Sep/2026 09:09:19 - "GET /ctrl/a32/0048_agentview.png HTTP/1.1" 200 -
22/Sep/2026 09:09:19 - "GET /ctrl/a32/0048_wrist.png HTTP/1.1" 200 -
----------------------------------------
Exception occurred during processing of request from ('127.0.0.1', 49444)
----------------------------------------
Exception occurred during processing of request from Traceback (most recent call last):
('127.0.0.1', 49452)  File "/home/chener/miniconda3/lib/python3.14/socketserver.py", line 697, in process_request_thread
    self.finish_request(request, client_address)
    ~~~~~~~~~~~~~~~~~~~^^^^^^^^^^^^^^^^^^^^^^^^^

  File "/home/chener/miniconda3/lib/python3.14/socketserver.py", line 362, in finish_request
    self.RequestHandlerClass(request, client_address, self)
    ~~~~~~~~~~~~~~~~~~~~~~~~^^^^^^^^^^^^^^^^^^^^^^^^^^^^^^^
  File "/home/chener/miniconda3/lib/python3.14/http/server.py", line 736, in __init__
    super().__init__(*args, **kwargs)
    ~~~~~~~~~~~~~~~~^^^^^^^^^^^^^^^^^
Traceback (most recent call last):
  File "/home/chener/miniconda3/lib/python3.14/socketserver.py", line 766, in __init__
    self.handle()
    ~~~~~~~~~~~^^
  File "/home/chener/miniconda3/lib/python3.14/http/server.py", line 500, in handle
    self.handle_one_request()
    ~~~~~~~~~~~~~~~~~~~~~~~^^
  File "/home/chener/miniconda3/lib/python3.14/socketserver.py", line 697, in process_request_thread
    self.finish_request(request, client_address)
    ~~~~~~~~~~~~~~~~~~~^^^^^^^^^^^^^^^^^^^^^^^^^
  File "/home/chener/miniconda3/lib/python3.14/http/server.py", line 488, in handle_one_request
    method()
    ~~~~~~^^
  File "/home/chener/miniconda3/lib/python3.14/socketserver.py", line 362, in finish_request
    self.RequestHandlerClass(request, client_address, self)
    ~~~~~~~~~~~~~~~~~~~~~~~~^^^^^^^^^^^^^^^^^^^^^^^^^^^^^^^
  File "/home/chener/LIBERO/astra_eval/viz/serve.py", line 33, in do_GET
    return SimpleHTTPRequestHandler.do_GET(self)
           ~~~~~~~~~~~~~~~~~~~~~~~~~~~~~~~^^^^^^
  File "/home/chener/miniconda3/lib/python3.14/http/server.py", line 743, in do_GET
    self.copyfile(f, self.wfile)
    ~~~~~~~~~~~~~^^^^^^^^^^^^^^^
  File "/home/chener/miniconda3/lib/python3.14/http/server.py", line 946, in copyfile
    shutil.copyfileobj(source, outputfile)
    ~~~~~~~~~~~~~~~~~~^^^^^^^^^^^^^^^^^^^^
  File "/home/chener/miniconda3/lib/python3.14/http/server.py", line 736, in __init__
    super().__init__(*args, **kwargs)
    ~~~~~~~~~~~~~~~~^^^^^^^^^^^^^^^^^
  File "/home/chener/miniconda3/lib/python3.14/shutil.py", line 257, in copyfileobj
    fdst_write(buf)
    ~~~~~~~~~~^^^^^
  File "/home/chener/miniconda3/lib/python3.14/socketserver.py", line 845, in write
    self._sock.sendall(b)
    ~~~~~~~~~~~~~~~~~~^^^
BrokenPipeError: [Errno 32] Broken pipe
----------------------------------------
  File "/home/chener/miniconda3/lib/python3.14/socketserver.py", line 766, in __init__
    self.handle()
    ~~~~~~~~~~~^^
  File "/home/chener/miniconda3/lib/python3.14/http/server.py", line 500, in handle
    self.handle_one_request()
    ~~~~~~~~~~~~~~~~~~~~~~~^^
  File "/home/chener/miniconda3/lib/python3.14/http/server.py", line 488, in handle_one_request
    method()
    ~~~~~~^^
  File "/home/chener/LIBERO/astra_eval/viz/serve.py", line 33, in do_GET
    return SimpleHTTPRequestHandler.do_GET(self)
           ~~~~~~~~~~~~~~~~~~~~~~~~~~~~~~~^^^^^^
  File "/home/chener/miniconda3/lib/python3.14/http/server.py", line 743, in do_GET
    self.copyfile(f, self.wfile)
    ~~~~~~~~~~~~~^^^^^^^^^^^^^^^
  File "/home/chener/miniconda3/lib/python3.14/http/server.py", line 946, in copyfile
    shutil.copyfileobj(source, outputfile)
    ~~~~~~~~~~~~~~~~~~^^^^^^^^^^^^^^^^^^^^
  File "/home/chener/miniconda3/lib/python3.14/shutil.py", line 257, in copyfileobj
    fdst_write(buf)
    ~~~~~~~~~~^^^^^
  File "/home/chener/miniconda3/lib/python3.14/socketserver.py", line 845, in write
    self._sock.sendall(b)
    ~~~~~~~~~~~~~~~~~~^^^
BrokenPipeError: [Errno 32] Broken pipe
----------------------------------------
22/Sep/2026 09:09:19 - "GET /ctrl/a32/0049_wrist.png HTTP/1.1" 200 -
22/Sep/2026 09:09:19 - "GET /ctrl/a32/0049_agentview.png HTTP/1.1" 200 -
22/Sep/2026 09:09:19 - "GET /ctrl/a32/0050_agentview.png HTTP/1.1" 200 -
22/Sep/2026 09:09:19 - "GET /ctrl/a32/0050_wrist.png HTTP/1.1" 200 -
----------------------------------------
Exception occurred during processing of request from ('127.0.0.1', 49482)
----------------------------------------Traceback (most recent call last):

  File "/home/chener/miniconda3/lib/python3.14/socketserver.py", line 697, in process_request_thread
    self.finish_request(request, client_address)
    ~~~~~~~~~~~~~~~~~~~^^^^^^^^^^^^^^^^^^^^^^^^^
Exception occurred during processing of request from  File "/home/chener/miniconda3/lib/python3.14/socketserver.py", line 362, in finish_request
    self.RequestHandlerClass(request, client_address, self)
    ~~~~~~~~~~~~~~~~~~~~~~~~^^^^^^^^^^^^^^^^^^^^^^^^^^^^^^^
   File "/home/chener/miniconda3/lib/python3.14/http/server.py", line 736, in __init__
    super().__init__(*args, **kwargs)
    ~~~~~~~~~~~~~~~~^^^^^^^^^^^^^^^^^
('127.0.0.1', 49494)
  File "/home/chener/miniconda3/lib/python3.14/socketserver.py", line 766, in __init__
    self.handle()
    ~~~~~~~~~~~^^
  File "/home/chener/miniconda3/lib/python3.14/http/server.py", line 500, in handle
    self.handle_one_request()
    ~~~~~~~~~~~~~~~~~~~~~~~^^
  File "/home/chener/miniconda3/lib/python3.14/http/server.py", line 488, in handle_one_request
    method()
    ~~~~~~^^
  File "/home/chener/LIBERO/astra_eval/viz/serve.py", line 33, in do_GET
    return SimpleHTTPRequestHandler.do_GET(self)
           ~~~~~~~~~~~~~~~~~~~~~~~~~~~~~~~^^^^^^
  File "/home/chener/miniconda3/lib/python3.14/http/server.py", line 743, in do_GET
    self.copyfile(f, self.wfile)
    ~~~~~~~~~~~~~^^^^^^^^^^^^^^^
  File "/home/chener/miniconda3/lib/python3.14/http/server.py", line 946, in copyfile
    shutil.copyfileobj(source, outputfile)
    ~~~~~~~~~~~~~~~~~~^^^^^^^^^^^^^^^^^^^^
  File "/home/chener/miniconda3/lib/python3.14/shutil.py", line 257, in copyfileobj
    fdst_write(buf)
    ~~~~~~~~~~^^^^^
  File "/home/chener/miniconda3/lib/python3.14/socketserver.py", line 845, in write
    self._sock.sendall(b)
    ~~~~~~~~~~~~~~~~~~^^^
BrokenPipeError: [Errno 32] Broken pipe
----------------------------------------
Traceback (most recent call last):
  File "/home/chener/miniconda3/lib/python3.14/socketserver.py", line 697, in process_request_thread
    self.finish_request(request, client_address)
    ~~~~~~~~~~~~~~~~~~~^^^^^^^^^^^^^^^^^^^^^^^^^
  File "/home/chener/miniconda3/lib/python3.14/socketserver.py", line 362, in finish_request
    self.RequestHandlerClass(request, client_address, self)
    ~~~~~~~~~~~~~~~~~~~~~~~~^^^^^^^^^^^^^^^^^^^^^^^^^^^^^^^
  File "/home/chener/miniconda3/lib/python3.14/http/server.py", line 736, in __init__
    super().__init__(*args, **kwargs)
    ~~~~~~~~~~~~~~~~^^^^^^^^^^^^^^^^^
  File "/home/chener/miniconda3/lib/python3.14/socketserver.py", line 766, in __init__
    self.handle()
    ~~~~~~~~~~~^^
  File "/home/chener/miniconda3/lib/python3.14/http/server.py", line 500, in handle
    self.handle_one_request()
    ~~~~~~~~~~~~~~~~~~~~~~~^^
  File "/home/chener/miniconda3/lib/python3.14/http/server.py", line 488, in handle_one_request
    method()
    ~~~~~~^^
  File "/home/chener/LIBERO/astra_eval/viz/serve.py", line 33, in do_GET
    return SimpleHTTPRequestHandler.do_GET(self)
           ~~~~~~~~~~~~~~~~~~~~~~~~~~~~~~~^^^^^^
  File "/home/chener/miniconda3/lib/python3.14/http/server.py", line 743, in do_GET
    self.copyfile(f, self.wfile)
    ~~~~~~~~~~~~~^^^^^^^^^^^^^^^
  File "/home/chener/miniconda3/lib/python3.14/http/server.py", line 946, in copyfile
    shutil.copyfileobj(source, outputfile)
    ~~~~~~~~~~~~~~~~~~^^^^^^^^^^^^^^^^^^^^
  File "/home/chener/miniconda3/lib/python3.14/shutil.py", line 257, in copyfileobj
    fdst_write(buf)
    ~~~~~~~~~~^^^^^
  File "/home/chener/miniconda3/lib/python3.14/socketserver.py", line 845, in write
    self._sock.sendall(b)
    ~~~~~~~~~~~~~~~~~~^^^
BrokenPipeError: [Errno 32] Broken pipe
----------------------------------------
22/Sep/2026 09:09:19 - "GET /ctrl/a32/0055_agentview.png HTTP/1.1" 200 -
22/Sep/2026 09:09:19 - "GET /ctrl/a32/0055_wrist.png HTTP/1.1" 200 -
22/Sep/2026 09:09:19 - "GET /ctrl/a32/0056_agentview.png HTTP/1.1" 200 -
22/Sep/2026 09:09:19 - "GET /ctrl/a32/0056_wrist.png HTTP/1.1" 200 -
22/Sep/2026 09:09:19 - "GET /ctrl/a32/0058_agentview.png HTTP/1.1" 200 -
22/Sep/2026 09:09:19 - "GET /ctrl/a32/0058_wrist.png HTTP/1.1" 200 -
22/Sep/2026 09:09:19 - "GET /ctrl/a32/0061_agentview.png HTTP/1.1" 200 -
22/Sep/2026 09:09:19 - "GET /ctrl/a32/0061_wrist.png HTTP/1.1" 200 -
22/Sep/2026 09:09:19 - "GET /ctrl/a32/0063_agentview.png HTTP/1.1" 200 -
22/Sep/2026 09:09:19 - "GET /ctrl/a32/0063_wrist.png HTTP/1.1" 200 -
22/Sep/2026 09:09:20 - "GET /ctrl/a32/0064_agentview.png HTTP/1.1" 200 -
22/Sep/2026 09:09:20 - "GET /ctrl/a32/0064_wrist.png HTTP/1.1" 200 -
22/Sep/2026 09:09:20 - "GET /ctrl/a32/0069_agentview.png HTTP/1.1" 200 -
22/Sep/2026 09:09:20 - "GET /ctrl/a32/0069_wrist.png HTTP/1.1" 200 -
22/Sep/2026 09:09:20 - "GET /ctrl/a32/0071_agentview.png HTTP/1.1" 200 -
22/Sep/2026 09:09:20 - "GET /ctrl/a32/0071_wrist.png HTTP/1.1" 200 -
22/Sep/2026 09:09:20 - "GET /ctrl/a32/0072_agentview.png HTTP/1.1" 200 -
22/Sep/2026 09:09:20 - "GET /ctrl/a32/0072_wrist.png HTTP/1.1" 200 -
22/Sep/2026 09:09:20 - "GET /ctrl/a32/0075_agentview.png HTTP/1.1" 200 -
22/Sep/2026 09:09:20 - "GET /ctrl/a32/0075_wrist.png HTTP/1.1" 200 -
--------------------------------------------------------------------------------

Exception occurred during processing of request fromException occurred during processing of request from  ('127.0.0.1', 45152)
('127.0.0.1', 45148)
Traceback (most recent call last):
Traceback (most recent call last):
  File "/home/chener/miniconda3/lib/python3.14/socketserver.py", line 697, in process_request_thread
    self.finish_request(request, client_address)
    ~~~~~~~~~~~~~~~~~~~^^^^^^^^^^^^^^^^^^^^^^^^^
  File "/home/chener/miniconda3/lib/python3.14/socketserver.py", line 697, in process_request_thread
    self.finish_request(request, client_address)
    ~~~~~~~~~~~~~~~~~~~^^^^^^^^^^^^^^^^^^^^^^^^^
  File "/home/chener/miniconda3/lib/python3.14/socketserver.py", line 362, in finish_request
    self.RequestHandlerClass(request, client_address, self)
    ~~~~~~~~~~~~~~~~~~~~~~~~^^^^^^^^^^^^^^^^^^^^^^^^^^^^^^^
  File "/home/chener/miniconda3/lib/python3.14/socketserver.py", line 362, in finish_request
    self.RequestHandlerClass(request, client_address, self)
    ~~~~~~~~~~~~~~~~~~~~~~~~^^^^^^^^^^^^^^^^^^^^^^^^^^^^^^^
  File "/home/chener/miniconda3/lib/python3.14/http/server.py", line 736, in __init__
    super().__init__(*args, **kwargs)
    ~~~~~~~~~~~~~~~~^^^^^^^^^^^^^^^^^
  File "/home/chener/miniconda3/lib/python3.14/http/server.py", line 736, in __init__
    super().__init__(*args, **kwargs)
    ~~~~~~~~~~~~~~~~^^^^^^^^^^^^^^^^^
  File "/home/chener/miniconda3/lib/python3.14/socketserver.py", line 766, in __init__
    self.handle()
    ~~~~~~~~~~~^^
  File "/home/chener/miniconda3/lib/python3.14/socketserver.py", line 766, in __init__
    self.handle()
    ~~~~~~~~~~~^^
  File "/home/chener/miniconda3/lib/python3.14/http/server.py", line 500, in handle
    self.handle_one_request()
    ~~~~~~~~~~~~~~~~~~~~~~~^^
  File "/home/chener/miniconda3/lib/python3.14/http/server.py", line 500, in handle
    self.handle_one_request()
    ~~~~~~~~~~~~~~~~~~~~~~~^^
  File "/home/chener/miniconda3/lib/python3.14/http/server.py", line 488, in handle_one_request
    method()
    ~~~~~~^^
  File "/home/chener/LIBERO/astra_eval/viz/serve.py", line 33, in do_GET
    return SimpleHTTPRequestHandler.do_GET(self)
           ~~~~~~~~~~~~~~~~~~~~~~~~~~~~~~~^^^^^^
  File "/home/chener/miniconda3/lib/python3.14/http/server.py", line 488, in handle_one_request
    method()
    ~~~~~~^^
  File "/home/chener/LIBERO/astra_eval/viz/serve.py", line 33, in do_GET
    return SimpleHTTPRequestHandler.do_GET(self)
           ~~~~~~~~~~~~~~~~~~~~~~~~~~~~~~~^^^^^^
  File "/home/chener/miniconda3/lib/python3.14/http/server.py", line 743, in do_GET
    self.copyfile(f, self.wfile)
    ~~~~~~~~~~~~~^^^^^^^^^^^^^^^
  File "/home/chener/miniconda3/lib/python3.14/http/server.py", line 946, in copyfile
    shutil.copyfileobj(source, outputfile)
    ~~~~~~~~~~~~~~~~~~^^^^^^^^^^^^^^^^^^^^
  File "/home/chener/miniconda3/lib/python3.14/http/server.py", line 743, in do_GET
    self.copyfile(f, self.wfile)
    ~~~~~~~~~~~~~^^^^^^^^^^^^^^^
  File "/home/chener/miniconda3/lib/python3.14/shutil.py", line 257, in copyfileobj
    fdst_write(buf)
    ~~~~~~~~~~^^^^^
  File "/home/chener/miniconda3/lib/python3.14/http/server.py", line 946, in copyfile
    shutil.copyfileobj(source, outputfile)
    ~~~~~~~~~~~~~~~~~~^^^^^^^^^^^^^^^^^^^^
  File "/home/chener/miniconda3/lib/python3.14/socketserver.py", line 845, in write
    self._sock.sendall(b)
    ~~~~~~~~~~~~~~~~~~^^^
BrokenPipeError: [Errno 32] Broken pipe
----------------------------------------
  File "/home/chener/miniconda3/lib/python3.14/shutil.py", line 257, in copyfileobj
    fdst_write(buf)
    ~~~~~~~~~~^^^^^
  File "/home/chener/miniconda3/lib/python3.14/socketserver.py", line 845, in write
    self._sock.sendall(b)
    ~~~~~~~~~~~~~~~~~~^^^
BrokenPipeError: [Errno 32] Broken pipe
----------------------------------------
22/Sep/2026 09:09:20 - "GET /ctrl/a32/0077_agentview.png HTTP/1.1" 200 -
22/Sep/2026 09:09:20 - "GET /ctrl/a32/0077_wrist.png HTTP/1.1" 200 -
22/Sep/2026 09:09:20 - "GET /ctrl/a32/0078_agentview.png HTTP/1.1" 200 -
22/Sep/2026 09:09:20 - "GET /ctrl/a32/0078_wrist.png HTTP/1.1" 200 -
----------------------------------------
Exception occurred during processing of request from ('127.0.0.1', 45186)
Traceback (most recent call last):
  File "/home/chener/miniconda3/lib/python3.14/socketserver.py", line 697, in process_request_thread
    self.finish_request(request, client_address)
    ~~~~~~~~~~~~~~~~~~~^^^^^^^^^^^^^^^^^^^^^^^^^
  File "/home/chener/miniconda3/lib/python3.14/socketserver.py", line 362, in finish_request
    self.RequestHandlerClass(request, client_address, self)
    ~~~~~~~~~~~~~~~~~~~~~~~~^^^^^^^^^^^^^^^^^^^^^^^^^^^^^^^
  File "/home/chener/miniconda3/lib/python3.14/http/server.py", line 736, in __init__
    super().__init__(*args, **kwargs)
    ~~~~~~~~~~~~~~~~^^^^^^^^^^^^^^^^^
  File "/home/chener/miniconda3/lib/python3.14/socketserver.py", line 766, in __init__
    self.handle()
    ~~~~~~~~~~~^^
  File "/home/chener/miniconda3/lib/python3.14/http/server.py", line 500, in handle
    self.handle_one_request()
    ~~~~~~~~~~~~~~~~~~~~~~~^^
  File "/home/chener/miniconda3/lib/python3.14/http/server.py", line 488, in handle_one_request
    method()
    ~~~~~~^^
  File "/home/chener/LIBERO/astra_eval/viz/serve.py", line 33, in do_GET
    return SimpleHTTPRequestHandler.do_GET(self)
           ~~~~~~~~~~~~~~~~~~~~~~~~~~~~~~~^^^^^^
  File "/home/chener/miniconda3/lib/python3.14/http/server.py", line 743, in do_GET
    self.copyfile(f, self.wfile)
    ~~~~~~~~~~~~~^^^^^^^^^^^^^^^
  File "/home/chener/miniconda3/lib/python3.14/http/server.py", line 946, in copyfile
    shutil.copyfileobj(source, outputfile)
    ~~~~~~~~~~~~~~~~~~^^^^^^^^^^^^^^^^^^^^
  File "/home/chener/miniconda3/lib/python3.14/shutil.py", line 257, in copyfileobj
    fdst_write(buf)
    ~~~~~~~~~~^^^^^
  File "/home/chener/miniconda3/lib/python3.14/socketserver.py", line 845, in write
    self._sock.sendall(b)
    ~~~~~~~~~~~~~~~~~~^^^
BrokenPipeError: [Errno 32] Broken pipe
----------------------------------------
22/Sep/2026 09:09:20 - "GET /ctrl/a32/0082_agentview.png HTTP/1.1" 200 -
22/Sep/2026 09:09:20 - "GET /ctrl/a32/0082_wrist.png HTTP/1.1" 200 -
22/Sep/2026 09:09:21 - "GET /ctrl/a32/0084_agentview.png HTTP/1.1" 200 -
22/Sep/2026 09:09:21 - "GET /ctrl/a32/0084_wrist.png HTTP/1.1" 200 -
22/Sep/2026 09:09:21 - "GET /ctrl/a32/0085_agentview.png HTTP/1.1" 200 -
22/Sep/2026 09:09:21 - "GET /ctrl/a32/0085_wrist.png HTTP/1.1" 200 -
22/Sep/2026 09:09:21 - "GET /ctrl/a32/0088_agentview.png HTTP/1.1" 200 -
22/Sep/2026 09:09:21 - "GET /ctrl/a32/0088_wrist.png HTTP/1.1" 200 -
----------------------------------------
----------------------------------------
Exception occurred during processing of request from Exception occurred during processing of request from('127.0.0.1', 45246) 
('127.0.0.1', 45256)
Traceback (most recent call last):
Traceback (most recent call last):
  File "/home/chener/miniconda3/lib/python3.14/socketserver.py", line 697, in process_request_thread
    self.finish_request(request, client_address)
    ~~~~~~~~~~~~~~~~~~~^^^^^^^^^^^^^^^^^^^^^^^^^
  File "/home/chener/miniconda3/lib/python3.14/socketserver.py", line 697, in process_request_thread
    self.finish_request(request, client_address)
    ~~~~~~~~~~~~~~~~~~~^^^^^^^^^^^^^^^^^^^^^^^^^
  File "/home/chener/miniconda3/lib/python3.14/socketserver.py", line 362, in finish_request
    self.RequestHandlerClass(request, client_address, self)
    ~~~~~~~~~~~~~~~~~~~~~~~~^^^^^^^^^^^^^^^^^^^^^^^^^^^^^^^
  File "/home/chener/miniconda3/lib/python3.14/socketserver.py", line 362, in finish_request
    self.RequestHandlerClass(request, client_address, self)
    ~~~~~~~~~~~~~~~~~~~~~~~~^^^^^^^^^^^^^^^^^^^^^^^^^^^^^^^
  File "/home/chener/miniconda3/lib/python3.14/http/server.py", line 736, in __init__
    super().__init__(*args, **kwargs)
    ~~~~~~~~~~~~~~~~^^^^^^^^^^^^^^^^^
  File "/home/chener/miniconda3/lib/python3.14/socketserver.py", line 766, in __init__
    self.handle()
    ~~~~~~~~~~~^^
  File "/home/chener/miniconda3/lib/python3.14/http/server.py", line 500, in handle
    self.handle_one_request()
    ~~~~~~~~~~~~~~~~~~~~~~~^^
  File "/home/chener/miniconda3/lib/python3.14/http/server.py", line 488, in handle_one_request
    method()
    ~~~~~~^^
  File "/home/chener/miniconda3/lib/python3.14/http/server.py", line 736, in __init__
    super().__init__(*args, **kwargs)
    ~~~~~~~~~~~~~~~~^^^^^^^^^^^^^^^^^
  File "/home/chener/LIBERO/astra_eval/viz/serve.py", line 33, in do_GET
    return SimpleHTTPRequestHandler.do_GET(self)
           ~~~~~~~~~~~~~~~~~~~~~~~~~~~~~~~^^^^^^
  File "/home/chener/miniconda3/lib/python3.14/socketserver.py", line 766, in __init__
    self.handle()
    ~~~~~~~~~~~^^
  File "/home/chener/miniconda3/lib/python3.14/http/server.py", line 500, in handle
    self.handle_one_request()
    ~~~~~~~~~~~~~~~~~~~~~~~^^
  File "/home/chener/miniconda3/lib/python3.14/http/server.py", line 743, in do_GET
    self.copyfile(f, self.wfile)
    ~~~~~~~~~~~~~^^^^^^^^^^^^^^^
  File "/home/chener/miniconda3/lib/python3.14/http/server.py", line 946, in copyfile
    shutil.copyfileobj(source, outputfile)
    ~~~~~~~~~~~~~~~~~~^^^^^^^^^^^^^^^^^^^^
  File "/home/chener/miniconda3/lib/python3.14/http/server.py", line 488, in handle_one_request
    method()
    ~~~~~~^^
  File "/home/chener/LIBERO/astra_eval/viz/serve.py", line 33, in do_GET
    return SimpleHTTPRequestHandler.do_GET(self)
           ~~~~~~~~~~~~~~~~~~~~~~~~~~~~~~~^^^^^^
  File "/home/chener/miniconda3/lib/python3.14/http/server.py", line 743, in do_GET
    self.copyfile(f, self.wfile)
    ~~~~~~~~~~~~~^^^^^^^^^^^^^^^
  File "/home/chener/miniconda3/lib/python3.14/http/server.py", line 946, in copyfile
    shutil.copyfileobj(source, outputfile)
    ~~~~~~~~~~~~~~~~~~^^^^^^^^^^^^^^^^^^^^
  File "/home/chener/miniconda3/lib/python3.14/shutil.py", line 257, in copyfileobj
    fdst_write(buf)
    ~~~~~~~~~~^^^^^
  File "/home/chener/miniconda3/lib/python3.14/shutil.py", line 257, in copyfileobj
    fdst_write(buf)
    ~~~~~~~~~~^^^^^
  File "/home/chener/miniconda3/lib/python3.14/socketserver.py", line 845, in write
    self._sock.sendall(b)
    ~~~~~~~~~~~~~~~~~~^^^
BrokenPipeError: [Errno 32] Broken pipe
  File "/home/chener/miniconda3/lib/python3.14/socketserver.py", line 845, in write
    self._sock.sendall(b)
    ~~~~~~~~~~~~~~~~~~^^^
BrokenPipeError: [Errno 32] Broken pipe
----------------------------------------
----------------------------------------
22/Sep/2026 09:09:21 - "GET /ctrl/a32/0092_agentview.png HTTP/1.1" 200 -
22/Sep/2026 09:09:21 - "GET /ctrl/a32/0092_wrist.png HTTP/1.1" 200 -
22/Sep/2026 09:09:21 - "GET /ctrl/a32/0093_agentview.png HTTP/1.1" 200 -
22/Sep/2026 09:09:21 - "GET /ctrl/a32/0093_wrist.png HTTP/1.1" 200 -
22/Sep/2026 09:09:21 - "GET /ctrl/a32/0095_agentview.png HTTP/1.1" 200 -
22/Sep/2026 09:09:21 - "GET /ctrl/a32/0095_wrist.png HTTP/1.1" 200 -
22/Sep/2026 09:09:21 - "GET /ctrl/a32/0098_wrist.png HTTP/1.1" 200 -
22/Sep/2026 09:09:21 - "GET /ctrl/a32/0099_agentview.png HTTP/1.1" 200 -
----------------------------------------
Exception occurred during processing of request from ('127.0.0.1', 45320)
Traceback (most recent call last):
  File "/home/chener/miniconda3/lib/python3.14/socketserver.py", line 697, in process_request_thread
    self.finish_request(request, client_address)
    ~~~~~~~~~~~~~~~~~~~^^^^^^^^^^^^^^^^^^^^^^^^^
  File "/home/chener/miniconda3/lib/python3.14/socketserver.py", line 362, in finish_request
    self.RequestHandlerClass(request, client_address, self)
    ~~~~~~~~~~~~~~~~~~~~~~~~^^^^^^^^^^^^^^^^^^^^^^^^^^^^^^^
  File "/home/chener/miniconda3/lib/python3.14/http/server.py", line 736, in __init__
    super().__init__(*args, **kwargs)
    ~~~~~~~~~~~~~~~~^^^^^^^^^^^^^^^^^
  File "/home/chener/miniconda3/lib/python3.14/socketserver.py", line 766, in __init__
    self.handle()
    ~~~~~~~~~~~^^
  File "/home/chener/miniconda3/lib/python3.14/http/server.py", line 500, in handle
    self.handle_one_request()
    ~~~~~~~~~~~~~~~~~~~~~~~^^
  File "/home/chener/miniconda3/lib/python3.14/http/server.py", line 488, in handle_one_request
    method()
    ~~~~~~^^
  File "/home/chener/LIBERO/astra_eval/viz/serve.py", line 33, in do_GET
    return SimpleHTTPRequestHandler.do_GET(self)
           ~~~~~~~~~~~~~~~~~~~~~~~~~~~~~~~^^^^^^
  File "/home/chener/miniconda3/lib/python3.14/http/server.py", line 743, in do_GET
    self.copyfile(f, self.wfile)
    ~~~~~~~~~~~~~^^^^^^^^^^^^^^^
  File "/home/chener/miniconda3/lib/python3.14/http/server.py", line 946, in copyfile
    shutil.copyfileobj(source, outputfile)
    ~~~~~~~~~~~~~~~~~~^^^^^^^^^^^^^^^^^^^^
  File "/home/chener/miniconda3/lib/python3.14/shutil.py", line 257, in copyfileobj
    fdst_write(buf)
    ~~~~~~~~~~^^^^^
  File "/home/chener/miniconda3/lib/python3.14/socketserver.py", line 845, in write
    self._sock.sendall(b)
    ~~~~~~~~~~~~~~~~~~^^^
BrokenPipeError: [Errno 32] Broken pipe
----------------------------------------
22/Sep/2026 09:09:21 - "GET /ctrl/a32/0100_agentview.png HTTP/1.1" 200 -
22/Sep/2026 09:09:21 - "GET /ctrl/a32/0100_wrist.png HTTP/1.1" 200 -
22/Sep/2026 09:09:21 - "GET /ctrl/a32/0101_agentview.png HTTP/1.1" 200 -
22/Sep/2026 09:09:21 - "GET /ctrl/a32/0101_wrist.png HTTP/1.1" 200 -
22/Sep/2026 09:09:22 - "GET /ctrl/a32/0105_agentview.png HTTP/1.1" 200 -
22/Sep/2026 09:09:22 - "GET /ctrl/a32/0105_wrist.png HTTP/1.1" 200 -
22/Sep/2026 09:09:22 - "GET /ctrl/a32/0107_agentview.png HTTP/1.1" 200 -
22/Sep/2026 09:09:22 - "GET /ctrl/a32/0107_wrist.png HTTP/1.1" 200 -
22/Sep/2026 09:09:22 - "GET /ctrl/a32/0109_agentview.png HTTP/1.1" 200 -
22/Sep/2026 09:09:22 - "GET /ctrl/a32/0109_wrist.png HTTP/1.1" 200 -
22/Sep/2026 09:09:22 - "GET /ctrl/a32/0112_agentview.png HTTP/1.1" 200 -
22/Sep/2026 09:09:22 - "GET /ctrl/a32/0112_wrist.png HTTP/1.1" 200 -
22/Sep/2026 09:09:22 - "GET /ctrl/a32/0113_agentview.png HTTP/1.1" 200 -
22/Sep/2026 09:09:22 - "GET /ctrl/a32/0113_wrist.png HTTP/1.1" 200 -
----------------------------------------
Exception occurred during processing of request from ('127.0.0.1', 45456)
Traceback (most recent call last):
  File "/home/chener/miniconda3/lib/python3.14/socketserver.py", line 697, in process_request_thread
    self.finish_request(request, client_address)
    ~~~~~~~~~~~~~~~~~~~^^^^^^^^^^^^^^^^^^^^^^^^^
  File "/home/chener/miniconda3/lib/python3.14/socketserver.py", line 362, in finish_request
    self.RequestHandlerClass(request, client_address, self)
    ~~~~~~~~~~~~~~~~~~~~~~~~^^^^^^^^^^^^^^^^^^^^^^^^^^^^^^^
  File "/home/chener/miniconda3/lib/python3.14/http/server.py", line 736, in __init__
    super().__init__(*args, **kwargs)
    ~~~~~~~~~~~~~~~~^^^^^^^^^^^^^^^^^
  File "/home/chener/miniconda3/lib/python3.14/socketserver.py", line 766, in __init__
    self.handle()
    ~~~~~~~~~~~^^
  File "/home/chener/miniconda3/lib/python3.14/http/server.py", line 500, in handle
    self.handle_one_request()
    ~~~~~~~~~~~~~~~~~~~~~~~^^
  File "/home/chener/miniconda3/lib/python3.14/http/server.py", line 488, in handle_one_request
    method()
    ~~~~~~^^
  File "/home/chener/LIBERO/astra_eval/viz/serve.py", line 33, in do_GET
    return SimpleHTTPRequestHandler.do_GET(self)
           ~~~~~~~~~~~~~~~~~~~~~~~~~~~~~~~^^^^^^
  File "/home/chener/miniconda3/lib/python3.14/http/server.py", line 743, in do_GET
    self.copyfile(f, self.wfile)
    ~~~~~~~~~~~~~^^^^^^^^^^^^^^^
  File "/home/chener/miniconda3/lib/python3.14/http/server.py", line 946, in copyfile
    shutil.copyfileobj(source, outputfile)
    ~~~~~~~~~~~~~~~~~~^^^^^^^^^^^^^^^^^^^^
  File "/home/chener/miniconda3/lib/python3.14/shutil.py", line 257, in copyfileobj
    fdst_write(buf)
    ~~~~~~~~~~^^^^^
  File "/home/chener/miniconda3/lib/python3.14/socketserver.py", line 845, in write
    self._sock.sendall(b)
    ~~~~~~~~~~~~~~~~~~^^^
BrokenPipeError: [Errno 32] Broken pipe
----------------------------------------
22/Sep/2026 09:09:22 - "GET /ctrl/a32/0116_agentview.png HTTP/1.1" 200 -
22/Sep/2026 09:09:22 - "GET /ctrl/a32/0116_wrist.png HTTP/1.1" 200 -
22/Sep/2026 09:09:22 - "GET /ctrl/a32/0119_agentview.png HTTP/1.1" 200 -
22/Sep/2026 09:09:22 - "GET /ctrl/a32/0119_wrist.png HTTP/1.1" 200 -
--------------------------------------------------------------------------------

Exception occurred during processing of request fromException occurred during processing of request from ('127.0.0.1', 45504)
Traceback (most recent call last):
   File "/home/chener/miniconda3/lib/python3.14/socketserver.py", line 697, in process_request_thread
    self.finish_request(request, client_address)
    ~~~~~~~~~~~~~~~~~~~^^^^^^^^^^^^^^^^^^^^^^^^^
  File "/home/chener/miniconda3/lib/python3.14/socketserver.py", line 362, in finish_request
    self.RequestHandlerClass(request, client_address, self)
    ~~~~~~~~~~~~~~~~~~~~~~~~^^^^^^^^^^^^^^^^^^^^^^^^^^^^^^^
('127.0.0.1', 45508)
  File "/home/chener/miniconda3/lib/python3.14/http/server.py", line 736, in __init__
    super().__init__(*args, **kwargs)
    ~~~~~~~~~~~~~~~~^^^^^^^^^^^^^^^^^
  File "/home/chener/miniconda3/lib/python3.14/socketserver.py", line 766, in __init__
    self.handle()
    ~~~~~~~~~~~^^
  File "/home/chener/miniconda3/lib/python3.14/http/server.py", line 500, in handle
    self.handle_one_request()
    ~~~~~~~~~~~~~~~~~~~~~~~^^
  File "/home/chener/miniconda3/lib/python3.14/http/server.py", line 488, in handle_one_request
    method()
    ~~~~~~^^
Traceback (most recent call last):
  File "/home/chener/LIBERO/astra_eval/viz/serve.py", line 33, in do_GET
    return SimpleHTTPRequestHandler.do_GET(self)
           ~~~~~~~~~~~~~~~~~~~~~~~~~~~~~~~^^^^^^
  File "/home/chener/miniconda3/lib/python3.14/socketserver.py", line 697, in process_request_thread
    self.finish_request(request, client_address)
    ~~~~~~~~~~~~~~~~~~~^^^^^^^^^^^^^^^^^^^^^^^^^
  File "/home/chener/miniconda3/lib/python3.14/http/server.py", line 743, in do_GET
    self.copyfile(f, self.wfile)
    ~~~~~~~~~~~~~^^^^^^^^^^^^^^^
  File "/home/chener/miniconda3/lib/python3.14/socketserver.py", line 362, in finish_request
    self.RequestHandlerClass(request, client_address, self)
    ~~~~~~~~~~~~~~~~~~~~~~~~^^^^^^^^^^^^^^^^^^^^^^^^^^^^^^^
  File "/home/chener/miniconda3/lib/python3.14/http/server.py", line 946, in copyfile
    shutil.copyfileobj(source, outputfile)
    ~~~~~~~~~~~~~~~~~~^^^^^^^^^^^^^^^^^^^^
  File "/home/chener/miniconda3/lib/python3.14/http/server.py", line 736, in __init__
    super().__init__(*args, **kwargs)
    ~~~~~~~~~~~~~~~~^^^^^^^^^^^^^^^^^
  File "/home/chener/miniconda3/lib/python3.14/socketserver.py", line 766, in __init__
    self.handle()
    ~~~~~~~~~~~^^
  File "/home/chener/miniconda3/lib/python3.14/http/server.py", line 500, in handle
    self.handle_one_request()
    ~~~~~~~~~~~~~~~~~~~~~~~^^
  File "/home/chener/miniconda3/lib/python3.14/shutil.py", line 257, in copyfileobj
    fdst_write(buf)
    ~~~~~~~~~~^^^^^
  File "/home/chener/miniconda3/lib/python3.14/socketserver.py", line 845, in write
    self._sock.sendall(b)
    ~~~~~~~~~~~~~~~~~~^^^
BrokenPipeError: [Errno 32] Broken pipe
----------------------------------------  File "/home/chener/miniconda3/lib/python3.14/http/server.py", line 488, in handle_one_request
    method()
    ~~~~~~^^
  File "/home/chener/LIBERO/astra_eval/viz/serve.py", line 33, in do_GET
    return SimpleHTTPRequestHandler.do_GET(self)
           ~~~~~~~~~~~~~~~~~~~~~~~~~~~~~~~^^^^^^

  File "/home/chener/miniconda3/lib/python3.14/http/server.py", line 743, in do_GET
    self.copyfile(f, self.wfile)
    ~~~~~~~~~~~~~^^^^^^^^^^^^^^^
  File "/home/chener/miniconda3/lib/python3.14/http/server.py", line 946, in copyfile
    shutil.copyfileobj(source, outputfile)
    ~~~~~~~~~~~~~~~~~~^^^^^^^^^^^^^^^^^^^^
  File "/home/chener/miniconda3/lib/python3.14/shutil.py", line 257, in copyfileobj
    fdst_write(buf)
    ~~~~~~~~~~^^^^^
  File "/home/chener/miniconda3/lib/python3.14/socketserver.py", line 845, in write
    self._sock.sendall(b)
    ~~~~~~~~~~~~~~~~~~^^^
BrokenPipeError: [Errno 32] Broken pipe
----------------------------------------
22/Sep/2026 09:09:22 - "GET /ctrl/a32/0120_agentview.png HTTP/1.1" 200 -
22/Sep/2026 09:09:22 - "GET /ctrl/a32/0120_wrist.png HTTP/1.1" 200 -
22/Sep/2026 09:09:22 - "GET /ctrl/a32/0122_agentview.png HTTP/1.1" 200 -
22/Sep/2026 09:09:22 - "GET /ctrl/a32/0122_wrist.png HTTP/1.1" 200 -
22/Sep/2026 09:09:23 - "GET /ctrl/a32/0125_agentview.png HTTP/1.1" 200 -
22/Sep/2026 09:09:23 - "GET /ctrl/a32/0125_wrist.png HTTP/1.1" 200 -
----------------------------------------
Exception occurred during processing of request from ('127.0.0.1', 45556)
----------------------------------------
Traceback (most recent call last):
Exception occurred during processing of request from  File "/home/chener/miniconda3/lib/python3.14/socketserver.py", line 697, in process_request_thread
    self.finish_request(request, client_address)
    ~~~~~~~~~~~~~~~~~~~^^^^^^^^^^^^^^^^^^^^^^^^^
   File "/home/chener/miniconda3/lib/python3.14/socketserver.py", line 362, in finish_request
    self.RequestHandlerClass(request, client_address, self)
    ~~~~~~~~~~~~~~~~~~~~~~~~^^^^^^^^^^^^^^^^^^^^^^^^^^^^^^^
('127.0.0.1', 45562)
  File "/home/chener/miniconda3/lib/python3.14/http/server.py", line 736, in __init__
    super().__init__(*args, **kwargs)
    ~~~~~~~~~~~~~~~~^^^^^^^^^^^^^^^^^
  File "/home/chener/miniconda3/lib/python3.14/socketserver.py", line 766, in __init__
    self.handle()
    ~~~~~~~~~~~^^
  File "/home/chener/miniconda3/lib/python3.14/http/server.py", line 500, in handle
    self.handle_one_request()
    ~~~~~~~~~~~~~~~~~~~~~~~^^
  File "/home/chener/miniconda3/lib/python3.14/http/server.py", line 488, in handle_one_request
    method()
    ~~~~~~^^
  File "/home/chener/LIBERO/astra_eval/viz/serve.py", line 33, in do_GET
    return SimpleHTTPRequestHandler.do_GET(self)
           ~~~~~~~~~~~~~~~~~~~~~~~~~~~~~~~^^^^^^
  File "/home/chener/miniconda3/lib/python3.14/http/server.py", line 743, in do_GET
    self.copyfile(f, self.wfile)
    ~~~~~~~~~~~~~^^^^^^^^^^^^^^^
  File "/home/chener/miniconda3/lib/python3.14/http/server.py", line 946, in copyfile
    shutil.copyfileobj(source, outputfile)
    ~~~~~~~~~~~~~~~~~~^^^^^^^^^^^^^^^^^^^^
  File "/home/chener/miniconda3/lib/python3.14/shutil.py", line 257, in copyfileobj
    fdst_write(buf)
    ~~~~~~~~~~^^^^^
  File "/home/chener/miniconda3/lib/python3.14/socketserver.py", line 845, in write
    self._sock.sendall(b)
    ~~~~~~~~~~~~~~~~~~^^^
BrokenPipeError: [Errno 32] Broken pipe
----------------------------------------
Traceback (most recent call last):
  File "/home/chener/miniconda3/lib/python3.14/socketserver.py", line 697, in process_request_thread
    self.finish_request(request, client_address)
    ~~~~~~~~~~~~~~~~~~~^^^^^^^^^^^^^^^^^^^^^^^^^
  File "/home/chener/miniconda3/lib/python3.14/socketserver.py", line 362, in finish_request
    self.RequestHandlerClass(request, client_address, self)
    ~~~~~~~~~~~~~~~~~~~~~~~~^^^^^^^^^^^^^^^^^^^^^^^^^^^^^^^
  File "/home/chener/miniconda3/lib/python3.14/http/server.py", line 736, in __init__
    super().__init__(*args, **kwargs)
    ~~~~~~~~~~~~~~~~^^^^^^^^^^^^^^^^^
  File "/home/chener/miniconda3/lib/python3.14/socketserver.py", line 766, in __init__
    self.handle()
    ~~~~~~~~~~~^^
  File "/home/chener/miniconda3/lib/python3.14/http/server.py", line 500, in handle
    self.handle_one_request()
    ~~~~~~~~~~~~~~~~~~~~~~~^^
  File "/home/chener/miniconda3/lib/python3.14/http/server.py", line 488, in handle_one_request
    method()
    ~~~~~~^^
  File "/home/chener/LIBERO/astra_eval/viz/serve.py", line 33, in do_GET
    return SimpleHTTPRequestHandler.do_GET(self)
           ~~~~~~~~~~~~~~~~~~~~~~~~~~~~~~~^^^^^^
  File "/home/chener/miniconda3/lib/python3.14/http/server.py", line 743, in do_GET
    self.copyfile(f, self.wfile)
    ~~~~~~~~~~~~~^^^^^^^^^^^^^^^
  File "/home/chener/miniconda3/lib/python3.14/http/server.py", line 946, in copyfile
    shutil.copyfileobj(source, outputfile)
    ~~~~~~~~~~~~~~~~~~^^^^^^^^^^^^^^^^^^^^
  File "/home/chener/miniconda3/lib/python3.14/shutil.py", line 257, in copyfileobj
    fdst_write(buf)
    ~~~~~~~~~~^^^^^
  File "/home/chener/miniconda3/lib/python3.14/socketserver.py", line 845, in write
    self._sock.sendall(b)
    ~~~~~~~~~~~~~~~~~~^^^
BrokenPipeError: [Errno 32] Broken pipe
----------------------------------------
22/Sep/2026 09:09:23 - "GET /ctrl/a32/0128_agentview.png HTTP/1.1" 200 -
22/Sep/2026 09:09:23 - "GET /ctrl/a32/0128_wrist.png HTTP/1.1" 200 -
22/Sep/2026 09:09:23 - "GET /ctrl/a32/0130_agentview.png HTTP/1.1" 200 -
22/Sep/2026 09:09:23 - "GET /ctrl/a32/0130_wrist.png HTTP/1.1" 200 -
22/Sep/2026 09:09:23 - "GET /ctrl/a32/0132_agentview.png HTTP/1.1" 200 -
22/Sep/2026 09:09:23 - "GET /ctrl/a32/0132_wrist.png HTTP/1.1" 200 -
----------------------------------------
Exception occurred during processing of request from ('127.0.0.1', 45600)
----------------------------------------Traceback (most recent call last):

  File "/home/chener/miniconda3/lib/python3.14/socketserver.py", line 697, in process_request_thread
    self.finish_request(request, client_address)
    ~~~~~~~~~~~~~~~~~~~^^^^^^^^^^^^^^^^^^^^^^^^^
Exception occurred during processing of request from  File "/home/chener/miniconda3/lib/python3.14/socketserver.py", line 362, in finish_request
    self.RequestHandlerClass(request, client_address, self)
    ~~~~~~~~~~~~~~~~~~~~~~~~^^^^^^^^^^^^^^^^^^^^^^^^^^^^^^^
  File "/home/chener/miniconda3/lib/python3.14/http/server.py", line 736, in __init__
    super().__init__(*args, **kwargs)
    ~~~~~~~~~~~~~~~~^^^^^^^^^^^^^^^^^
  File "/home/chener/miniconda3/lib/python3.14/socketserver.py", line 766, in __init__
    self.handle()
    ~~~~~~~~~~~^^
  File "/home/chener/miniconda3/lib/python3.14/http/server.py", line 500, in handle
    self.handle_one_request()
    ~~~~~~~~~~~~~~~~~~~~~~~^^
  File "/home/chener/miniconda3/lib/python3.14/http/server.py", line 488, in handle_one_request
    method()
    ~~~~~~^^
  File "/home/chener/LIBERO/astra_eval/viz/serve.py", line 33, in do_GET
    return SimpleHTTPRequestHandler.do_GET(self)
           ~~~~~~~~~~~~~~~~~~~~~~~~~~~~~~~^^^^^^
   File "/home/chener/miniconda3/lib/python3.14/http/server.py", line 743, in do_GET
    self.copyfile(f, self.wfile)
    ~~~~~~~~~~~~~^^^^^^^^^^^^^^^
('127.0.0.1', 45602)
  File "/home/chener/miniconda3/lib/python3.14/http/server.py", line 946, in copyfile
    shutil.copyfileobj(source, outputfile)
    ~~~~~~~~~~~~~~~~~~^^^^^^^^^^^^^^^^^^^^
Traceback (most recent call last):
  File "/home/chener/miniconda3/lib/python3.14/socketserver.py", line 697, in process_request_thread
    self.finish_request(request, client_address)
    ~~~~~~~~~~~~~~~~~~~^^^^^^^^^^^^^^^^^^^^^^^^^
  File "/home/chener/miniconda3/lib/python3.14/shutil.py", line 257, in copyfileobj
    fdst_write(buf)
    ~~~~~~~~~~^^^^^
  File "/home/chener/miniconda3/lib/python3.14/socketserver.py", line 845, in write
    self._sock.sendall(b)
    ~~~~~~~~~~~~~~~~~~^^^
BrokenPipeError: [Errno 32] Broken pipe
----------------------------------------
  File "/home/chener/miniconda3/lib/python3.14/socketserver.py", line 362, in finish_request
    self.RequestHandlerClass(request, client_address, self)
    ~~~~~~~~~~~~~~~~~~~~~~~~^^^^^^^^^^^^^^^^^^^^^^^^^^^^^^^
  File "/home/chener/miniconda3/lib/python3.14/http/server.py", line 736, in __init__
    super().__init__(*args, **kwargs)
    ~~~~~~~~~~~~~~~~^^^^^^^^^^^^^^^^^
  File "/home/chener/miniconda3/lib/python3.14/socketserver.py", line 766, in __init__
    self.handle()
    ~~~~~~~~~~~^^
  File "/home/chener/miniconda3/lib/python3.14/http/server.py", line 500, in handle
    self.handle_one_request()
    ~~~~~~~~~~~~~~~~~~~~~~~^^
  File "/home/chener/miniconda3/lib/python3.14/http/server.py", line 488, in handle_one_request
    method()
    ~~~~~~^^
  File "/home/chener/LIBERO/astra_eval/viz/serve.py", line 33, in do_GET
    return SimpleHTTPRequestHandler.do_GET(self)
           ~~~~~~~~~~~~~~~~~~~~~~~~~~~~~~~^^^^^^
  File "/home/chener/miniconda3/lib/python3.14/http/server.py", line 743, in do_GET
    self.copyfile(f, self.wfile)
    ~~~~~~~~~~~~~^^^^^^^^^^^^^^^
  File "/home/chener/miniconda3/lib/python3.14/http/server.py", line 946, in copyfile
    shutil.copyfileobj(source, outputfile)
    ~~~~~~~~~~~~~~~~~~^^^^^^^^^^^^^^^^^^^^
  File "/home/chener/miniconda3/lib/python3.14/shutil.py", line 257, in copyfileobj
    fdst_write(buf)
    ~~~~~~~~~~^^^^^
  File "/home/chener/miniconda3/lib/python3.14/socketserver.py", line 845, in write
    self._sock.sendall(b)
    ~~~~~~~~~~~~~~~~~~^^^
BrokenPipeError: [Errno 32] Broken pipe
----------------------------------------
22/Sep/2026 09:09:23 - "GET /ctrl/a32/0134_agentview.png HTTP/1.1" 200 -
22/Sep/2026 09:09:23 - "GET /ctrl/a32/0134_wrist.png HTTP/1.1" 200 -
22/Sep/2026 09:09:23 - "GET /ctrl/a32/0137_agentview.png HTTP/1.1" 200 -
22/Sep/2026 09:09:23 - "GET /ctrl/a32/0137_wrist.png HTTP/1.1" 200 -
22/Sep/2026 09:09:23 - "GET /ctrl/a32/0139_agentview.png HTTP/1.1" 200 -
22/Sep/2026 09:09:23 - "GET /ctrl/a32/0139_wrist.png HTTP/1.1" 200 -
----------------------------------------
Exception occurred during processing of request from ('127.0.0.1', 45648)
----------------------------------------
Exception occurred during processing of request from ('127.0.0.1', 45660)
Traceback (most recent call last):
Traceback (most recent call last):
  File "/home/chener/miniconda3/lib/python3.14/socketserver.py", line 697, in process_request_thread
    self.finish_request(request, client_address)
    ~~~~~~~~~~~~~~~~~~~^^^^^^^^^^^^^^^^^^^^^^^^^
  File "/home/chener/miniconda3/lib/python3.14/socketserver.py", line 697, in process_request_thread
    self.finish_request(request, client_address)
    ~~~~~~~~~~~~~~~~~~~^^^^^^^^^^^^^^^^^^^^^^^^^
  File "/home/chener/miniconda3/lib/python3.14/socketserver.py", line 362, in finish_request
    self.RequestHandlerClass(request, client_address, self)
    ~~~~~~~~~~~~~~~~~~~~~~~~^^^^^^^^^^^^^^^^^^^^^^^^^^^^^^^
  File "/home/chener/miniconda3/lib/python3.14/socketserver.py", line 362, in finish_request
    self.RequestHandlerClass(request, client_address, self)
    ~~~~~~~~~~~~~~~~~~~~~~~~^^^^^^^^^^^^^^^^^^^^^^^^^^^^^^^
  File "/home/chener/miniconda3/lib/python3.14/http/server.py", line 736, in __init__
    super().__init__(*args, **kwargs)
    ~~~~~~~~~~~~~~~~^^^^^^^^^^^^^^^^^
  File "/home/chener/miniconda3/lib/python3.14/socketserver.py", line 766, in __init__
    self.handle()
    ~~~~~~~~~~~^^
  File "/home/chener/miniconda3/lib/python3.14/http/server.py", line 500, in handle
    self.handle_one_request()
    ~~~~~~~~~~~~~~~~~~~~~~~^^
  File "/home/chener/miniconda3/lib/python3.14/http/server.py", line 488, in handle_one_request
    method()
    ~~~~~~^^
  File "/home/chener/LIBERO/astra_eval/viz/serve.py", line 33, in do_GET
    return SimpleHTTPRequestHandler.do_GET(self)
           ~~~~~~~~~~~~~~~~~~~~~~~~~~~~~~~^^^^^^
  File "/home/chener/miniconda3/lib/python3.14/http/server.py", line 736, in __init__
    super().__init__(*args, **kwargs)
    ~~~~~~~~~~~~~~~~^^^^^^^^^^^^^^^^^
  File "/home/chener/miniconda3/lib/python3.14/http/server.py", line 743, in do_GET
    self.copyfile(f, self.wfile)
    ~~~~~~~~~~~~~^^^^^^^^^^^^^^^
  File "/home/chener/miniconda3/lib/python3.14/socketserver.py", line 766, in __init__
    self.handle()
    ~~~~~~~~~~~^^
  File "/home/chener/miniconda3/lib/python3.14/http/server.py", line 946, in copyfile
    shutil.copyfileobj(source, outputfile)
    ~~~~~~~~~~~~~~~~~~^^^^^^^^^^^^^^^^^^^^
  File "/home/chener/miniconda3/lib/python3.14/http/server.py", line 500, in handle
    self.handle_one_request()
    ~~~~~~~~~~~~~~~~~~~~~~~^^
  File "/home/chener/miniconda3/lib/python3.14/shutil.py", line 257, in copyfileobj
    fdst_write(buf)
    ~~~~~~~~~~^^^^^
  File "/home/chener/miniconda3/lib/python3.14/socketserver.py", line 845, in write
    self._sock.sendall(b)
    ~~~~~~~~~~~~~~~~~~^^^
  File "/home/chener/miniconda3/lib/python3.14/http/server.py", line 488, in handle_one_request
    method()
    ~~~~~~^^
BrokenPipeError: [Errno 32] Broken pipe
----------------------------------------
  File "/home/chener/LIBERO/astra_eval/viz/serve.py", line 33, in do_GET
    return SimpleHTTPRequestHandler.do_GET(self)
           ~~~~~~~~~~~~~~~~~~~~~~~~~~~~~~~^^^^^^
  File "/home/chener/miniconda3/lib/python3.14/http/server.py", line 743, in do_GET
    self.copyfile(f, self.wfile)
    ~~~~~~~~~~~~~^^^^^^^^^^^^^^^
  File "/home/chener/miniconda3/lib/python3.14/http/server.py", line 946, in copyfile
    shutil.copyfileobj(source, outputfile)
    ~~~~~~~~~~~~~~~~~~^^^^^^^^^^^^^^^^^^^^
  File "/home/chener/miniconda3/lib/python3.14/shutil.py", line 257, in copyfileobj
    fdst_write(buf)
    ~~~~~~~~~~^^^^^
  File "/home/chener/miniconda3/lib/python3.14/socketserver.py", line 845, in write
    self._sock.sendall(b)
    ~~~~~~~~~~~~~~~~~~^^^
BrokenPipeError: [Errno 32] Broken pipe
----------------------------------------
22/Sep/2026 09:09:23 - "GET /ctrl/a32/0141_agentview.png HTTP/1.1" 200 -
22/Sep/2026 09:09:23 - "GET /ctrl/a32/0141_wrist.png HTTP/1.1" 200 -
22/Sep/2026 09:09:23 - "GET /ctrl/a32/0143_wrist.png HTTP/1.1" 200 -
----------------------------------------
Exception occurred during processing of request from ('127.0.0.1', 45682)
Traceback (most recent call last):
  File "/home/chener/miniconda3/lib/python3.14/socketserver.py", line 697, in process_request_thread
    self.finish_request(request, client_address)
    ~~~~~~~~~~~~~~~~~~~^^^^^^^^^^^^^^^^^^^^^^^^^
  File "/home/chener/miniconda3/lib/python3.14/socketserver.py", line 362, in finish_request
    self.RequestHandlerClass(request, client_address, self)
    ~~~~~~~~~~~~~~~~~~~~~~~~^^^^^^^^^^^^^^^^^^^^^^^^^^^^^^^
  File "/home/chener/miniconda3/lib/python3.14/http/server.py", line 736, in __init__
    super().__init__(*args, **kwargs)
    ~~~~~~~~~~~~~~~~^^^^^^^^^^^^^^^^^
  File "/home/chener/miniconda3/lib/python3.14/socketserver.py", line 766, in __init__
    self.handle()
    ~~~~~~~~~~~^^
  File "/home/chener/miniconda3/lib/python3.14/http/server.py", line 500, in handle
    self.handle_one_request()
    ~~~~~~~~~~~~~~~~~~~~~~~^^
  File "/home/chener/miniconda3/lib/python3.14/http/server.py", line 488, in handle_one_request
    method()
    ~~~~~~^^
  File "/home/chener/LIBERO/astra_eval/viz/serve.py", line 33, in do_GET
    return SimpleHTTPRequestHandler.do_GET(self)
           ~~~~~~~~~~~~~~~~~~~~~~~~~~~~~~~^^^^^^
  File "/home/chener/miniconda3/lib/python3.14/http/server.py", line 743, in do_GET
    self.copyfile(f, self.wfile)
    ~~~~~~~~~~~~~^^^^^^^^^^^^^^^
  File "/home/chener/miniconda3/lib/python3.14/http/server.py", line 946, in copyfile
    shutil.copyfileobj(source, outputfile)
    ~~~~~~~~~~~~~~~~~~^^^^^^^^^^^^^^^^^^^^
  File "/home/chener/miniconda3/lib/python3.14/shutil.py", line 257, in copyfileobj
    fdst_write(buf)
    ~~~~~~~~~~^^^^^
  File "/home/chener/miniconda3/lib/python3.14/socketserver.py", line 845, in write
    self._sock.sendall(b)
    ~~~~~~~~~~~~~~~~~~^^^
BrokenPipeError: [Errno 32] Broken pipe
----------------------------------------
22/Sep/2026 09:09:23 - "GET /ctrl/a32/0144_agentview.png HTTP/1.1" 200 -
22/Sep/2026 09:09:24 - "GET /ctrl/a32/0146_agentview.png HTTP/1.1" 200 -
22/Sep/2026 09:09:24 - "GET /ctrl/a32/0146_wrist.png HTTP/1.1" 200 -
--------------------------------------------------------------------------------

Exception occurred during processing of request fromException occurred during processing of request from  ('127.0.0.1', 45698)
('127.0.0.1', 45708)
Traceback (most recent call last):
Traceback (most recent call last):
  File "/home/chener/miniconda3/lib/python3.14/socketserver.py", line 697, in process_request_thread
    self.finish_request(request, client_address)
    ~~~~~~~~~~~~~~~~~~~^^^^^^^^^^^^^^^^^^^^^^^^^
  File "/home/chener/miniconda3/lib/python3.14/socketserver.py", line 697, in process_request_thread
    self.finish_request(request, client_address)
    ~~~~~~~~~~~~~~~~~~~^^^^^^^^^^^^^^^^^^^^^^^^^
  File "/home/chener/miniconda3/lib/python3.14/socketserver.py", line 362, in finish_request
    self.RequestHandlerClass(request, client_address, self)
    ~~~~~~~~~~~~~~~~~~~~~~~~^^^^^^^^^^^^^^^^^^^^^^^^^^^^^^^
  File "/home/chener/miniconda3/lib/python3.14/socketserver.py", line 362, in finish_request
    self.RequestHandlerClass(request, client_address, self)
    ~~~~~~~~~~~~~~~~~~~~~~~~^^^^^^^^^^^^^^^^^^^^^^^^^^^^^^^
  File "/home/chener/miniconda3/lib/python3.14/http/server.py", line 736, in __init__
    super().__init__(*args, **kwargs)
    ~~~~~~~~~~~~~~~~^^^^^^^^^^^^^^^^^
  File "/home/chener/miniconda3/lib/python3.14/socketserver.py", line 766, in __init__
    self.handle()
    ~~~~~~~~~~~^^
  File "/home/chener/miniconda3/lib/python3.14/http/server.py", line 736, in __init__
    super().__init__(*args, **kwargs)
    ~~~~~~~~~~~~~~~~^^^^^^^^^^^^^^^^^
  File "/home/chener/miniconda3/lib/python3.14/socketserver.py", line 766, in __init__
    self.handle()
    ~~~~~~~~~~~^^
  File "/home/chener/miniconda3/lib/python3.14/http/server.py", line 500, in handle
    self.handle_one_request()
    ~~~~~~~~~~~~~~~~~~~~~~~^^
  File "/home/chener/miniconda3/lib/python3.14/http/server.py", line 488, in handle_one_request
    method()
    ~~~~~~^^
  File "/home/chener/LIBERO/astra_eval/viz/serve.py", line 33, in do_GET
    return SimpleHTTPRequestHandler.do_GET(self)
           ~~~~~~~~~~~~~~~~~~~~~~~~~~~~~~~^^^^^^
  File "/home/chener/miniconda3/lib/python3.14/http/server.py", line 743, in do_GET
    self.copyfile(f, self.wfile)
    ~~~~~~~~~~~~~^^^^^^^^^^^^^^^
  File "/home/chener/miniconda3/lib/python3.14/http/server.py", line 946, in copyfile
    shutil.copyfileobj(source, outputfile)
    ~~~~~~~~~~~~~~~~~~^^^^^^^^^^^^^^^^^^^^
  File "/home/chener/miniconda3/lib/python3.14/shutil.py", line 257, in copyfileobj
    fdst_write(buf)
    ~~~~~~~~~~^^^^^
  File "/home/chener/miniconda3/lib/python3.14/socketserver.py", line 845, in write
    self._sock.sendall(b)
    ~~~~~~~~~~~~~~~~~~^^^
BrokenPipeError: [Errno 32] Broken pipe
----------------------------------------
  File "/home/chener/miniconda3/lib/python3.14/http/server.py", line 500, in handle
    self.handle_one_request()
    ~~~~~~~~~~~~~~~~~~~~~~~^^
  File "/home/chener/miniconda3/lib/python3.14/http/server.py", line 488, in handle_one_request
    method()
    ~~~~~~^^
  File "/home/chener/LIBERO/astra_eval/viz/serve.py", line 33, in do_GET
    return SimpleHTTPRequestHandler.do_GET(self)
           ~~~~~~~~~~~~~~~~~~~~~~~~~~~~~~~^^^^^^
  File "/home/chener/miniconda3/lib/python3.14/http/server.py", line 743, in do_GET
    self.copyfile(f, self.wfile)
    ~~~~~~~~~~~~~^^^^^^^^^^^^^^^
  File "/home/chener/miniconda3/lib/python3.14/http/server.py", line 946, in copyfile
    shutil.copyfileobj(source, outputfile)
    ~~~~~~~~~~~~~~~~~~^^^^^^^^^^^^^^^^^^^^
  File "/home/chener/miniconda3/lib/python3.14/shutil.py", line 257, in copyfileobj
    fdst_write(buf)
    ~~~~~~~~~~^^^^^
  File "/home/chener/miniconda3/lib/python3.14/socketserver.py", line 845, in write
    self._sock.sendall(b)
    ~~~~~~~~~~~~~~~~~~^^^
BrokenPipeError: [Errno 32] Broken pipe
----------------------------------------
22/Sep/2026 09:09:24 - "GET /ctrl/a32/0148_agentview.png HTTP/1.1" 200 -
22/Sep/2026 09:09:24 - "GET /ctrl/a32/0148_wrist.png HTTP/1.1" 200 -
----------------------------------------
----------------------------------------
Exception occurred during processing of request fromException occurred during processing of request from  ('127.0.0.1', 45724)
('127.0.0.1', 45710)Traceback (most recent call last):
  File "/home/chener/miniconda3/lib/python3.14/socketserver.py", line 697, in process_request_thread
    self.finish_request(request, client_address)
    ~~~~~~~~~~~~~~~~~~~^^^^^^^^^^^^^^^^^^^^^^^^^

  File "/home/chener/miniconda3/lib/python3.14/socketserver.py", line 362, in finish_request
    self.RequestHandlerClass(request, client_address, self)
    ~~~~~~~~~~~~~~~~~~~~~~~~^^^^^^^^^^^^^^^^^^^^^^^^^^^^^^^
  File "/home/chener/miniconda3/lib/python3.14/http/server.py", line 736, in __init__
    super().__init__(*args, **kwargs)
    ~~~~~~~~~~~~~~~~^^^^^^^^^^^^^^^^^
  File "/home/chener/miniconda3/lib/python3.14/socketserver.py", line 766, in __init__
    self.handle()
    ~~~~~~~~~~~^^
Traceback (most recent call last):
  File "/home/chener/miniconda3/lib/python3.14/http/server.py", line 500, in handle
    self.handle_one_request()
    ~~~~~~~~~~~~~~~~~~~~~~~^^
  File "/home/chener/miniconda3/lib/python3.14/socketserver.py", line 697, in process_request_thread
    self.finish_request(request, client_address)
    ~~~~~~~~~~~~~~~~~~~^^^^^^^^^^^^^^^^^^^^^^^^^
  File "/home/chener/miniconda3/lib/python3.14/http/server.py", line 488, in handle_one_request
    method()
    ~~~~~~^^
  File "/home/chener/miniconda3/lib/python3.14/socketserver.py", line 362, in finish_request
    self.RequestHandlerClass(request, client_address, self)
    ~~~~~~~~~~~~~~~~~~~~~~~~^^^^^^^^^^^^^^^^^^^^^^^^^^^^^^^
  File "/home/chener/LIBERO/astra_eval/viz/serve.py", line 33, in do_GET
    return SimpleHTTPRequestHandler.do_GET(self)
           ~~~~~~~~~~~~~~~~~~~~~~~~~~~~~~~^^^^^^
  File "/home/chener/miniconda3/lib/python3.14/http/server.py", line 736, in __init__
    super().__init__(*args, **kwargs)
    ~~~~~~~~~~~~~~~~^^^^^^^^^^^^^^^^^
  File "/home/chener/miniconda3/lib/python3.14/socketserver.py", line 766, in __init__
    self.handle()
    ~~~~~~~~~~~^^
  File "/home/chener/miniconda3/lib/python3.14/http/server.py", line 500, in handle
    self.handle_one_request()
    ~~~~~~~~~~~~~~~~~~~~~~~^^
  File "/home/chener/miniconda3/lib/python3.14/http/server.py", line 488, in handle_one_request
    method()
    ~~~~~~^^
  File "/home/chener/LIBERO/astra_eval/viz/serve.py", line 33, in do_GET
    return SimpleHTTPRequestHandler.do_GET(self)
           ~~~~~~~~~~~~~~~~~~~~~~~~~~~~~~~^^^^^^
  File "/home/chener/miniconda3/lib/python3.14/http/server.py", line 743, in do_GET
    self.copyfile(f, self.wfile)
    ~~~~~~~~~~~~~^^^^^^^^^^^^^^^
  File "/home/chener/miniconda3/lib/python3.14/http/server.py", line 743, in do_GET
    self.copyfile(f, self.wfile)
    ~~~~~~~~~~~~~^^^^^^^^^^^^^^^
  File "/home/chener/miniconda3/lib/python3.14/http/server.py", line 946, in copyfile
    shutil.copyfileobj(source, outputfile)
    ~~~~~~~~~~~~~~~~~~^^^^^^^^^^^^^^^^^^^^
  File "/home/chener/miniconda3/lib/python3.14/shutil.py", line 257, in copyfileobj
    fdst_write(buf)
    ~~~~~~~~~~^^^^^
  File "/home/chener/miniconda3/lib/python3.14/http/server.py", line 946, in copyfile
    shutil.copyfileobj(source, outputfile)
    ~~~~~~~~~~~~~~~~~~^^^^^^^^^^^^^^^^^^^^
  File "/home/chener/miniconda3/lib/python3.14/shutil.py", line 257, in copyfileobj
    fdst_write(buf)
    ~~~~~~~~~~^^^^^
  File "/home/chener/miniconda3/lib/python3.14/socketserver.py", line 845, in write
    self._sock.sendall(b)
    ~~~~~~~~~~~~~~~~~~^^^
  File "/home/chener/miniconda3/lib/python3.14/socketserver.py", line 845, in write
    self._sock.sendall(b)
    ~~~~~~~~~~~~~~~~~~^^^
BrokenPipeError: [Errno 32] Broken pipe
BrokenPipeError: [Errno 32] Broken pipe
----------------------------------------
----------------------------------------
22/Sep/2026 09:09:24 - "GET /ctrl/a32/0149_agentview.png HTTP/1.1" 200 -
22/Sep/2026 09:09:24 - "GET /ctrl/a32/0151_agentview.png HTTP/1.1" 200 -
22/Sep/2026 09:09:24 - "GET /ctrl/a32/0152_agentview.png HTTP/1.1" 200 -
22/Sep/2026 09:09:24 - "GET /ctrl/a32/0152_wrist.png HTTP/1.1" 200 -
22/Sep/2026 09:09:24 - "GET /ctrl/a32/0154_wrist.png HTTP/1.1" 200 -
22/Sep/2026 09:09:24 - "GET /ctrl/a32/0154_agentview.png HTTP/1.1" 200 -
22/Sep/2026 09:09:24 - "GET /ctrl/a32/0157_agentview.png HTTP/1.1" 200 -
22/Sep/2026 09:09:24 - "GET /ctrl/a32/0157_wrist.png HTTP/1.1" 200 -
----------------------------------------
Exception occurred during processing of request from ('127.0.0.1', 45792)
Traceback (most recent call last):
  File "/home/chener/miniconda3/lib/python3.14/socketserver.py", line 697, in process_request_thread
    self.finish_request(request, client_address)
    ~~~~~~~~~~~~~~~~~~~^^^^^^^^^^^^^^^^^^^^^^^^^
  File "/home/chener/miniconda3/lib/python3.14/socketserver.py", line 362, in finish_request
    self.RequestHandlerClass(request, client_address, self)
    ~~~~~~~~~~~~~~~~~~~~~~~~^^^^^^^^^^^^^^^^^^^^^^^^^^^^^^^
  File "/home/chener/miniconda3/lib/python3.14/http/server.py", line 736, in __init__
    super().__init__(*args, **kwargs)
    ~~~~~~~~~~~~~~~~^^^^^^^^^^^^^^^^^
  File "/home/chener/miniconda3/lib/python3.14/socketserver.py", line 766, in __init__
    self.handle()
    ~~~~~~~~~~~^^
  File "/home/chener/miniconda3/lib/python3.14/http/server.py", line 500, in handle
    self.handle_one_request()
    ~~~~~~~~~~~~~~~~~~~~~~~^^
  File "/home/chener/miniconda3/lib/python3.14/http/server.py", line 488, in handle_one_request
    method()
    ~~~~~~^^
  File "/home/chener/LIBERO/astra_eval/viz/serve.py", line 33, in do_GET
    return SimpleHTTPRequestHandler.do_GET(self)
           ~~~~~~~~~~~~~~~~~~~~~~~~~~~~~~~^^^^^^
  File "/home/chener/miniconda3/lib/python3.14/http/server.py", line 743, in do_GET
    self.copyfile(f, self.wfile)
    ~~~~~~~~~~~~~^^^^^^^^^^^^^^^
  File "/home/chener/miniconda3/lib/python3.14/http/server.py", line 946, in copyfile
    shutil.copyfileobj(source, outputfile)
    ~~~~~~~~~~~~~~~~~~^^^^^^^^^^^^^^^^^^^^
  File "/home/chener/miniconda3/lib/python3.14/shutil.py", line 257, in copyfileobj
    fdst_write(buf)
    ~~~~~~~~~~^^^^^
  File "/home/chener/miniconda3/lib/python3.14/socketserver.py", line 845, in write
    self._sock.sendall(b)
    ~~~~~~~~~~~~~~~~~~^^^
BrokenPipeError: [Errno 32] Broken pipe
----------------------------------------
22/Sep/2026 09:09:24 - "GET /ctrl/a32/0159_agentview.png HTTP/1.1" 200 -
22/Sep/2026 09:09:24 - "GET /ctrl/a32/0159_wrist.png HTTP/1.1" 200 -
22/Sep/2026 09:09:24 - "GET /ctrl/a32/0162_agentview.png HTTP/1.1" 200 -
22/Sep/2026 09:09:24 - "GET /ctrl/a32/0162_wrist.png HTTP/1.1" 200 -
22/Sep/2026 09:09:24 - "GET /ctrl/a32/0164_agentview.png HTTP/1.1" 200 -
22/Sep/2026 09:09:24 - "GET /ctrl/a32/0164_wrist.png HTTP/1.1" 200 -
22/Sep/2026 09:09:25 - "GET /ctrl/a32/0166_agentview.png HTTP/1.1" 200 -
22/Sep/2026 09:09:25 - "GET /ctrl/a32/0166_wrist.png HTTP/1.1" 200 -
----------------------------------------
Exception occurred during processing of request from ('127.0.0.1', 45856)
Traceback (most recent call last):
  File "/home/chener/miniconda3/lib/python3.14/socketserver.py", line 697, in process_request_thread
    self.finish_request(request, client_address)
    ~~~~~~~~~~~~~~~~~~~^^^^^^^^^^^^^^^^^^^^^^^^^
  File "/home/chener/miniconda3/lib/python3.14/socketserver.py", line 362, in finish_request
    self.RequestHandlerClass(request, client_address, self)
    ~~~~~~~~~~~~~~~~~~~~~~~~^^^^^^^^^^^^^^^^^^^^^^^^^^^^^^^
  File "/home/chener/miniconda3/lib/python3.14/http/server.py", line 736, in __init__
    super().__init__(*args, **kwargs)
    ~~~~~~~~~~~~~~~~^^^^^^^^^^^^^^^^^
  File "/home/chener/miniconda3/lib/python3.14/socketserver.py", line 766, in __init__
    self.handle()
    ~~~~~~~~~~~^^
  File "/home/chener/miniconda3/lib/python3.14/http/server.py", line 500, in handle
    self.handle_one_request()
    ~~~~~~~~~~~~~~~~~~~~~~~^^
  File "/home/chener/miniconda3/lib/python3.14/http/server.py", line 488, in handle_one_request
    method()
    ~~~~~~^^
  File "/home/chener/LIBERO/astra_eval/viz/serve.py", line 33, in do_GET
    return SimpleHTTPRequestHandler.do_GET(self)
           ~~~~~~~~~~~~~~~~~~~~~~~~~~~~~~~^^^^^^
  File "/home/chener/miniconda3/lib/python3.14/http/server.py", line 743, in do_GET
    self.copyfile(f, self.wfile)
    ~~~~~~~~~~~~~^^^^^^^^^^^^^^^
  File "/home/chener/miniconda3/lib/python3.14/http/server.py", line 946, in copyfile
    shutil.copyfileobj(source, outputfile)
    ~~~~~~~~~~~~~~~~~~^^^^^^^^^^^^^^^^^^^^
  File "/home/chener/miniconda3/lib/python3.14/shutil.py", line 257, in copyfileobj
    fdst_write(buf)
    ~~~~~~~~~~^^^^^
  File "/home/chener/miniconda3/lib/python3.14/socketserver.py", line 845, in write
    self._sock.sendall(b)
    ~~~~~~~~~~~~~~~~~~^^^
BrokenPipeError: [Errno 32] Broken pipe
----------------------------------------
22/Sep/2026 09:09:25 - "GET /ctrl/a32/0168_agentview.png HTTP/1.1" 200 -
22/Sep/2026 09:09:25 - "GET /ctrl/a32/0168_wrist.png HTTP/1.1" 200 -
22/Sep/2026 09:09:25 - "GET /ctrl/a32/0170_agentview.png HTTP/1.1" 200 -
22/Sep/2026 09:09:25 - "GET /ctrl/a32/0170_wrist.png HTTP/1.1" 200 -
22/Sep/2026 09:09:25 - "GET /ctrl/a32/0173_agentview.png HTTP/1.1" 200 -
22/Sep/2026 09:09:25 - "GET /ctrl/a32/0173_wrist.png HTTP/1.1" 200 -
22/Sep/2026 09:09:25 - "GET /ctrl/a32/0176_agentview.png HTTP/1.1" 200 -
22/Sep/2026 09:09:25 - "GET /ctrl/a32/0176_wrist.png HTTP/1.1" 200 -
22/Sep/2026 09:09:25 - "GET /ctrl/a32/0178_agentview.png HTTP/1.1" 200 -
22/Sep/2026 09:09:25 - "GET /ctrl/a32/0178_wrist.png HTTP/1.1" 200 -
22/Sep/2026 09:09:25 - "GET /ctrl/a32/0179_agentview.png HTTP/1.1" 200 -
22/Sep/2026 09:09:25 - "GET /ctrl/a32/0179_wrist.png HTTP/1.1" 200 -
22/Sep/2026 09:09:25 - "GET /ctrl/a32/0182_agentview.png HTTP/1.1" 200 -
22/Sep/2026 09:09:25 - "GET /ctrl/a32/0182_wrist.png HTTP/1.1" 200 -
--------------------------------------------------------------------------------
Exception occurred during processing of request from 
('127.0.0.1', 45962)
Exception occurred during processing of request from ('127.0.0.1', 45966)
Traceback (most recent call last):
  File "/home/chener/miniconda3/lib/python3.14/socketserver.py", line 697, in process_request_thread
    self.finish_request(request, client_address)
    ~~~~~~~~~~~~~~~~~~~^^^^^^^^^^^^^^^^^^^^^^^^^
  File "/home/chener/miniconda3/lib/python3.14/socketserver.py", line 362, in finish_request
    self.RequestHandlerClass(request, client_address, self)
    ~~~~~~~~~~~~~~~~~~~~~~~~^^^^^^^^^^^^^^^^^^^^^^^^^^^^^^^
  File "/home/chener/miniconda3/lib/python3.14/http/server.py", line 736, in __init__
    super().__init__(*args, **kwargs)
    ~~~~~~~~~~~~~~~~^^^^^^^^^^^^^^^^^
  File "/home/chener/miniconda3/lib/python3.14/socketserver.py", line 766, in __init__
    self.handle()
    ~~~~~~~~~~~^^
  File "/home/chener/miniconda3/lib/python3.14/http/server.py", line 500, in handle
    self.handle_one_request()
    ~~~~~~~~~~~~~~~~~~~~~~~^^
Traceback (most recent call last):
  File "/home/chener/miniconda3/lib/python3.14/http/server.py", line 488, in handle_one_request
    method()
    ~~~~~~^^
  File "/home/chener/miniconda3/lib/python3.14/socketserver.py", line 697, in process_request_thread
    self.finish_request(request, client_address)
    ~~~~~~~~~~~~~~~~~~~^^^^^^^^^^^^^^^^^^^^^^^^^
  File "/home/chener/LIBERO/astra_eval/viz/serve.py", line 33, in do_GET
    return SimpleHTTPRequestHandler.do_GET(self)
           ~~~~~~~~~~~~~~~~~~~~~~~~~~~~~~~^^^^^^
  File "/home/chener/miniconda3/lib/python3.14/socketserver.py", line 362, in finish_request
    self.RequestHandlerClass(request, client_address, self)
    ~~~~~~~~~~~~~~~~~~~~~~~~^^^^^^^^^^^^^^^^^^^^^^^^^^^^^^^
  File "/home/chener/miniconda3/lib/python3.14/http/server.py", line 743, in do_GET
    self.copyfile(f, self.wfile)
    ~~~~~~~~~~~~~^^^^^^^^^^^^^^^
  File "/home/chener/miniconda3/lib/python3.14/http/server.py", line 946, in copyfile
    shutil.copyfileobj(source, outputfile)
    ~~~~~~~~~~~~~~~~~~^^^^^^^^^^^^^^^^^^^^
  File "/home/chener/miniconda3/lib/python3.14/shutil.py", line 257, in copyfileobj
    fdst_write(buf)
    ~~~~~~~~~~^^^^^
  File "/home/chener/miniconda3/lib/python3.14/socketserver.py", line 845, in write
    self._sock.sendall(b)
    ~~~~~~~~~~~~~~~~~~^^^
  File "/home/chener/miniconda3/lib/python3.14/http/server.py", line 736, in __init__
    super().__init__(*args, **kwargs)
    ~~~~~~~~~~~~~~~~^^^^^^^^^^^^^^^^^
BrokenPipeError: [Errno 32] Broken pipe
----------------------------------------
  File "/home/chener/miniconda3/lib/python3.14/socketserver.py", line 766, in __init__
    self.handle()
    ~~~~~~~~~~~^^
  File "/home/chener/miniconda3/lib/python3.14/http/server.py", line 500, in handle
    self.handle_one_request()
    ~~~~~~~~~~~~~~~~~~~~~~~^^
  File "/home/chener/miniconda3/lib/python3.14/http/server.py", line 488, in handle_one_request
    method()
    ~~~~~~^^
  File "/home/chener/LIBERO/astra_eval/viz/serve.py", line 33, in do_GET
    return SimpleHTTPRequestHandler.do_GET(self)
           ~~~~~~~~~~~~~~~~~~~~~~~~~~~~~~~^^^^^^
  File "/home/chener/miniconda3/lib/python3.14/http/server.py", line 743, in do_GET
    self.copyfile(f, self.wfile)
    ~~~~~~~~~~~~~^^^^^^^^^^^^^^^
  File "/home/chener/miniconda3/lib/python3.14/http/server.py", line 946, in copyfile
    shutil.copyfileobj(source, outputfile)
    ~~~~~~~~~~~~~~~~~~^^^^^^^^^^^^^^^^^^^^
  File "/home/chener/miniconda3/lib/python3.14/shutil.py", line 257, in copyfileobj
    fdst_write(buf)
    ~~~~~~~~~~^^^^^
  File "/home/chener/miniconda3/lib/python3.14/socketserver.py", line 845, in write
    self._sock.sendall(b)
    ~~~~~~~~~~~~~~~~~~^^^
BrokenPipeError: [Errno 32] Broken pipe
----------------------------------------
22/Sep/2026 09:09:26 - "GET /ctrl/a32/0184_wrist.png HTTP/1.1" 200 -
22/Sep/2026 09:09:26 - "GET /ctrl/a32/0184_agentview.png HTTP/1.1" 200 -
--------------------------------------------------------------------------------

Exception occurred during processing of request from Exception occurred during processing of request from ('127.0.0.1', 45984)('127.0.0.1', 45982)

Traceback (most recent call last):
Traceback (most recent call last):
  File "/home/chener/miniconda3/lib/python3.14/socketserver.py", line 697, in process_request_thread
    self.finish_request(request, client_address)
    ~~~~~~~~~~~~~~~~~~~^^^^^^^^^^^^^^^^^^^^^^^^^
  File "/home/chener/miniconda3/lib/python3.14/socketserver.py", line 697, in process_request_thread
    self.finish_request(request, client_address)
    ~~~~~~~~~~~~~~~~~~~^^^^^^^^^^^^^^^^^^^^^^^^^
  File "/home/chener/miniconda3/lib/python3.14/socketserver.py", line 362, in finish_request
    self.RequestHandlerClass(request, client_address, self)
    ~~~~~~~~~~~~~~~~~~~~~~~~^^^^^^^^^^^^^^^^^^^^^^^^^^^^^^^
  File "/home/chener/miniconda3/lib/python3.14/socketserver.py", line 362, in finish_request
    self.RequestHandlerClass(request, client_address, self)
    ~~~~~~~~~~~~~~~~~~~~~~~~^^^^^^^^^^^^^^^^^^^^^^^^^^^^^^^
  File "/home/chener/miniconda3/lib/python3.14/http/server.py", line 736, in __init__
    super().__init__(*args, **kwargs)
    ~~~~~~~~~~~~~~~~^^^^^^^^^^^^^^^^^
  File "/home/chener/miniconda3/lib/python3.14/http/server.py", line 736, in __init__
    super().__init__(*args, **kwargs)
    ~~~~~~~~~~~~~~~~^^^^^^^^^^^^^^^^^
  File "/home/chener/miniconda3/lib/python3.14/socketserver.py", line 766, in __init__
    self.handle()
    ~~~~~~~~~~~^^
  File "/home/chener/miniconda3/lib/python3.14/http/server.py", line 500, in handle
    self.handle_one_request()
    ~~~~~~~~~~~~~~~~~~~~~~~^^
  File "/home/chener/miniconda3/lib/python3.14/http/server.py", line 488, in handle_one_request
    method()
    ~~~~~~^^
  File "/home/chener/LIBERO/astra_eval/viz/serve.py", line 33, in do_GET
    return SimpleHTTPRequestHandler.do_GET(self)
           ~~~~~~~~~~~~~~~~~~~~~~~~~~~~~~~^^^^^^
  File "/home/chener/miniconda3/lib/python3.14/http/server.py", line 743, in do_GET
    self.copyfile(f, self.wfile)
    ~~~~~~~~~~~~~^^^^^^^^^^^^^^^
  File "/home/chener/miniconda3/lib/python3.14/http/server.py", line 946, in copyfile
    shutil.copyfileobj(source, outputfile)
    ~~~~~~~~~~~~~~~~~~^^^^^^^^^^^^^^^^^^^^
  File "/home/chener/miniconda3/lib/python3.14/shutil.py", line 257, in copyfileobj
    fdst_write(buf)
    ~~~~~~~~~~^^^^^
  File "/home/chener/miniconda3/lib/python3.14/socketserver.py", line 845, in write
    self._sock.sendall(b)
    ~~~~~~~~~~~~~~~~~~^^^
  File "/home/chener/miniconda3/lib/python3.14/socketserver.py", line 766, in __init__
    self.handle()
    ~~~~~~~~~~~^^
BrokenPipeError: [Errno 32] Broken pipe
----------------------------------------
  File "/home/chener/miniconda3/lib/python3.14/http/server.py", line 500, in handle
    self.handle_one_request()
    ~~~~~~~~~~~~~~~~~~~~~~~^^
  File "/home/chener/miniconda3/lib/python3.14/http/server.py", line 488, in handle_one_request
    method()
    ~~~~~~^^
  File "/home/chener/LIBERO/astra_eval/viz/serve.py", line 33, in do_GET
    return SimpleHTTPRequestHandler.do_GET(self)
           ~~~~~~~~~~~~~~~~~~~~~~~~~~~~~~~^^^^^^
  File "/home/chener/miniconda3/lib/python3.14/http/server.py", line 743, in do_GET
    self.copyfile(f, self.wfile)
    ~~~~~~~~~~~~~^^^^^^^^^^^^^^^
  File "/home/chener/miniconda3/lib/python3.14/http/server.py", line 946, in copyfile
    shutil.copyfileobj(source, outputfile)
    ~~~~~~~~~~~~~~~~~~^^^^^^^^^^^^^^^^^^^^
  File "/home/chener/miniconda3/lib/python3.14/shutil.py", line 257, in copyfileobj
    fdst_write(buf)
    ~~~~~~~~~~^^^^^
  File "/home/chener/miniconda3/lib/python3.14/socketserver.py", line 845, in write
    self._sock.sendall(b)
    ~~~~~~~~~~~~~~~~~~^^^
BrokenPipeError: [Errno 32] Broken pipe
----------------------------------------
22/Sep/2026 09:09:26 - "GET /ctrl/a32/0186_agentview.png HTTP/1.1" 200 -
22/Sep/2026 09:09:26 - "GET /ctrl/a32/0186_wrist.png HTTP/1.1" 200 -
22/Sep/2026 09:09:26 - "GET /ctrl/a32/0189_agentview.png HTTP/1.1" 200 -
22/Sep/2026 09:09:26 - "GET /ctrl/a32/0189_wrist.png HTTP/1.1" 200 -
22/Sep/2026 09:09:26 - "GET /ctrl/a32/0191_agentview.png HTTP/1.1" 200 -
22/Sep/2026 09:09:26 - "GET /ctrl/a32/0191_wrist.png HTTP/1.1" 200 -
22/Sep/2026 09:09:26 - "GET /ctrl/a32/0193_agentview.png HTTP/1.1" 200 -
----------------------------------------22/Sep/2026 09:09:26 - "GET /ctrl/a32/0193_wrist.png HTTP/1.1" 200 -

Exception occurred during processing of request from ('127.0.0.1', 46052)
----------------------------------------
Exception occurred during processing of request from ('127.0.0.1', 46064)
Traceback (most recent call last):
Traceback (most recent call last):
  File "/home/chener/miniconda3/lib/python3.14/socketserver.py", line 697, in process_request_thread
    self.finish_request(request, client_address)
    ~~~~~~~~~~~~~~~~~~~^^^^^^^^^^^^^^^^^^^^^^^^^
  File "/home/chener/miniconda3/lib/python3.14/socketserver.py", line 697, in process_request_thread
    self.finish_request(request, client_address)
    ~~~~~~~~~~~~~~~~~~~^^^^^^^^^^^^^^^^^^^^^^^^^
  File "/home/chener/miniconda3/lib/python3.14/socketserver.py", line 362, in finish_request
    self.RequestHandlerClass(request, client_address, self)
    ~~~~~~~~~~~~~~~~~~~~~~~~^^^^^^^^^^^^^^^^^^^^^^^^^^^^^^^
  File "/home/chener/miniconda3/lib/python3.14/http/server.py", line 736, in __init__
    super().__init__(*args, **kwargs)
    ~~~~~~~~~~~~~~~~^^^^^^^^^^^^^^^^^
  File "/home/chener/miniconda3/lib/python3.14/socketserver.py", line 766, in __init__
    self.handle()
    ~~~~~~~~~~~^^
  File "/home/chener/miniconda3/lib/python3.14/socketserver.py", line 362, in finish_request
    self.RequestHandlerClass(request, client_address, self)
    ~~~~~~~~~~~~~~~~~~~~~~~~^^^^^^^^^^^^^^^^^^^^^^^^^^^^^^^
  File "/home/chener/miniconda3/lib/python3.14/http/server.py", line 500, in handle
    self.handle_one_request()
    ~~~~~~~~~~~~~~~~~~~~~~~^^
  File "/home/chener/miniconda3/lib/python3.14/http/server.py", line 736, in __init__
    super().__init__(*args, **kwargs)
    ~~~~~~~~~~~~~~~~^^^^^^^^^^^^^^^^^
  File "/home/chener/miniconda3/lib/python3.14/socketserver.py", line 766, in __init__
    self.handle()
    ~~~~~~~~~~~^^
  File "/home/chener/miniconda3/lib/python3.14/http/server.py", line 500, in handle
    self.handle_one_request()
    ~~~~~~~~~~~~~~~~~~~~~~~^^
  File "/home/chener/miniconda3/lib/python3.14/http/server.py", line 488, in handle_one_request
    method()
    ~~~~~~^^
  File "/home/chener/miniconda3/lib/python3.14/http/server.py", line 488, in handle_one_request
    method()
    ~~~~~~^^
  File "/home/chener/LIBERO/astra_eval/viz/serve.py", line 33, in do_GET
    return SimpleHTTPRequestHandler.do_GET(self)
           ~~~~~~~~~~~~~~~~~~~~~~~~~~~~~~~^^^^^^
  File "/home/chener/LIBERO/astra_eval/viz/serve.py", line 33, in do_GET
    return SimpleHTTPRequestHandler.do_GET(self)
           ~~~~~~~~~~~~~~~~~~~~~~~~~~~~~~~^^^^^^
  File "/home/chener/miniconda3/lib/python3.14/http/server.py", line 743, in do_GET
    self.copyfile(f, self.wfile)
    ~~~~~~~~~~~~~^^^^^^^^^^^^^^^
  File "/home/chener/miniconda3/lib/python3.14/http/server.py", line 946, in copyfile
    shutil.copyfileobj(source, outputfile)
    ~~~~~~~~~~~~~~~~~~^^^^^^^^^^^^^^^^^^^^
  File "/home/chener/miniconda3/lib/python3.14/http/server.py", line 743, in do_GET
    self.copyfile(f, self.wfile)
    ~~~~~~~~~~~~~^^^^^^^^^^^^^^^
  File "/home/chener/miniconda3/lib/python3.14/shutil.py", line 257, in copyfileobj
    fdst_write(buf)
    ~~~~~~~~~~^^^^^
  File "/home/chener/miniconda3/lib/python3.14/http/server.py", line 946, in copyfile
    shutil.copyfileobj(source, outputfile)
    ~~~~~~~~~~~~~~~~~~^^^^^^^^^^^^^^^^^^^^
  File "/home/chener/miniconda3/lib/python3.14/shutil.py", line 257, in copyfileobj
    fdst_write(buf)
    ~~~~~~~~~~^^^^^
  File "/home/chener/miniconda3/lib/python3.14/socketserver.py", line 845, in write
    self._sock.sendall(b)
    ~~~~~~~~~~~~~~~~~~^^^
  File "/home/chener/miniconda3/lib/python3.14/socketserver.py", line 845, in write
    self._sock.sendall(b)
    ~~~~~~~~~~~~~~~~~~^^^
BrokenPipeError: [Errno 32] Broken pipe
----------------------------------------
BrokenPipeError: [Errno 32] Broken pipe
----------------------------------------
22/Sep/2026 09:09:26 - "GET /ctrl/a32/0196_agentview.png HTTP/1.1" 200 -
22/Sep/2026 09:09:26 - "GET /ctrl/a32/0196_wrist.png HTTP/1.1" 200 -
22/Sep/2026 09:09:26 - "GET /ctrl/a32/0199_agentview.png HTTP/1.1" 200 -
22/Sep/2026 09:09:26 - "GET /ctrl/a32/0199_wrist.png HTTP/1.1" 200 -
22/Sep/2026 09:09:26 - "GET /ctrl/a32/0200_agentview.png HTTP/1.1" 200 -
22/Sep/2026 09:09:26 - "GET /ctrl/a32/0200_wrist.png HTTP/1.1" 200 -
22/Sep/2026 09:09:26 - "GET /ctrl/a32/0203_agentview.png HTTP/1.1" 200 -
22/Sep/2026 09:09:26 - "GET /ctrl/a32/0203_wrist.png HTTP/1.1" 200 -
22/Sep/2026 09:09:27 - "GET /ctrl/a32/0206_agentview.png HTTP/1.1" 200 -
22/Sep/2026 09:09:27 - "GET /ctrl/a32/0206_wrist.png HTTP/1.1" 200 -
22/Sep/2026 09:09:27 - "GET /ctrl/a32/0208_agentview.png HTTP/1.1" 200 -
22/Sep/2026 09:09:27 - "GET /ctrl/a32/0208_wrist.png HTTP/1.1" 200 -
22/Sep/2026 09:09:27 - "GET /ctrl/a32/0210_agentview.png HTTP/1.1" 200 -
22/Sep/2026 09:09:27 - "GET /ctrl/a32/0210_wrist.png HTTP/1.1" 200 -
22/Sep/2026 09:09:27 - "GET /ctrl/a32/0213_agentview.png HTTP/1.1" 200 -
22/Sep/2026 09:09:27 - "GET /ctrl/a32/0213_wrist.png HTTP/1.1" 200 -
22/Sep/2026 09:09:27 - "GET /ctrl/a32/0214_agentview.png HTTP/1.1" 200 -
22/Sep/2026 09:09:27 - "GET /ctrl/a32/0214_wrist.png HTTP/1.1" 200 -
22/Sep/2026 09:09:27 - "GET /ctrl/a32/0217_agentview.png HTTP/1.1" 200 -
22/Sep/2026 09:09:27 - "GET /ctrl/a32/0217_wrist.png HTTP/1.1" 200 -
22/Sep/2026 09:09:27 - "GET /ctrl/a32/0220_agentview.png HTTP/1.1" 200 -
22/Sep/2026 09:09:27 - "GET /ctrl/a32/0220_wrist.png HTTP/1.1" 200 -
22/Sep/2026 09:09:27 - "GET /ctrl/a32/0222_agentview.png HTTP/1.1" 200 -
22/Sep/2026 09:09:27 - "GET /ctrl/a32/0222_wrist.png HTTP/1.1" 200 -
22/Sep/2026 09:09:27 - "GET /ctrl/a32/0223_agentview.png HTTP/1.1" 200 -
22/Sep/2026 09:09:27 - "GET /ctrl/a32/0223_wrist.png HTTP/1.1" 200 -
22/Sep/2026 09:09:28 - "GET /ctrl/a32/0227_wrist.png HTTP/1.1" 200 -
22/Sep/2026 09:09:28 - "GET /ctrl/a32/0227_agentview.png HTTP/1.1" 200 -
22/Sep/2026 09:09:28 - "GET /ctrl/a32/0228_wrist.png HTTP/1.1" 200 -
----------------------------------------
Exception occurred during processing of request from ('127.0.0.1', 46320)
22/Sep/2026 09:09:28 - "GET /ctrl/a32/0229_agentview.png HTTP/1.1" 200 -
Traceback (most recent call last):
  File "/home/chener/miniconda3/lib/python3.14/socketserver.py", line 697, in process_request_thread
    self.finish_request(request, client_address)
    ~~~~~~~~~~~~~~~~~~~^^^^^^^^^^^^^^^^^^^^^^^^^
  File "/home/chener/miniconda3/lib/python3.14/socketserver.py", line 362, in finish_request
    self.RequestHandlerClass(request, client_address, self)
    ~~~~~~~~~~~~~~~~~~~~~~~~^^^^^^^^^^^^^^^^^^^^^^^^^^^^^^^
  File "/home/chener/miniconda3/lib/python3.14/http/server.py", line 736, in __init__
    super().__init__(*args, **kwargs)
    ~~~~~~~~~~~~~~~~^^^^^^^^^^^^^^^^^
  File "/home/chener/miniconda3/lib/python3.14/socketserver.py", line 766, in __init__
    self.handle()
    ~~~~~~~~~~~^^
  File "/home/chener/miniconda3/lib/python3.14/http/server.py", line 500, in handle
    self.handle_one_request()
    ~~~~~~~~~~~~~~~~~~~~~~~^^
  File "/home/chener/miniconda3/lib/python3.14/http/server.py", line 488, in handle_one_request
    method()
    ~~~~~~^^
  File "/home/chener/LIBERO/astra_eval/viz/serve.py", line 33, in do_GET
    return SimpleHTTPRequestHandler.do_GET(self)
           ~~~~~~~~~~~~~~~~~~~~~~~~~~~~~~~^^^^^^
  File "/home/chener/miniconda3/lib/python3.14/http/server.py", line 743, in do_GET
    self.copyfile(f, self.wfile)
    ~~~~~~~~~~~~~^^^^^^^^^^^^^^^
  File "/home/chener/miniconda3/lib/python3.14/http/server.py", line 946, in copyfile
    shutil.copyfileobj(source, outputfile)
    ~~~~~~~~~~~~~~~~~~^^^^^^^^^^^^^^^^^^^^
  File "/home/chener/miniconda3/lib/python3.14/shutil.py", line 257, in copyfileobj
    fdst_write(buf)
    ~~~~~~~~~~^^^^^
  File "/home/chener/miniconda3/lib/python3.14/socketserver.py", line 845, in write
    self._sock.sendall(b)
    ~~~~~~~~~~~~~~~~~~^^^
BrokenPipeError: [Errno 32] Broken pipe
----------------------------------------
22/Sep/2026 09:09:28 - "GET /ctrl/a32/0230_wrist.png HTTP/1.1" 200 -
22/Sep/2026 09:09:28 - "GET /ctrl/a32/0231_agentview.png HTTP/1.1" 200 -
----------------------------------------
Exception occurred during processing of request from ('127.0.0.1', 46338)
Traceback (most recent call last):
  File "/home/chener/miniconda3/lib/python3.14/socketserver.py", line 697, in process_request_thread
    self.finish_request(request, client_address)
    ~~~~~~~~~~~~~~~~~~~^^^^^^^^^^^^^^^^^^^^^^^^^
  File "/home/chener/miniconda3/lib/python3.14/socketserver.py", line 362, in finish_request
    self.RequestHandlerClass(request, client_address, self)
    ~~~~~~~~~~~~~~~~~~~~~~~~^^^^^^^^^^^^^^^^^^^^^^^^^^^^^^^
  File "/home/chener/miniconda3/lib/python3.14/http/server.py", line 736, in __init__
    super().__init__(*args, **kwargs)
    ~~~~~~~~~~~~~~~~^^^^^^^^^^^^^^^^^
  File "/home/chener/miniconda3/lib/python3.14/socketserver.py", line 766, in __init__
    self.handle()
    ~~~~~~~~~~~^^
  File "/home/chener/miniconda3/lib/python3.14/http/server.py", line 500, in handle
    self.handle_one_request()
    ~~~~~~~~~~~~~~~~~~~~~~~^^
  File "/home/chener/miniconda3/lib/python3.14/http/server.py", line 488, in handle_one_request
    method()
    ~~~~~~^^
  File "/home/chener/LIBERO/astra_eval/viz/serve.py", line 33, in do_GET
    return SimpleHTTPRequestHandler.do_GET(self)
           ~~~~~~~~~~~~~~~~~~~~~~~~~~~~~~~^^^^^^
  File "/home/chener/miniconda3/lib/python3.14/http/server.py", line 743, in do_GET
    self.copyfile(f, self.wfile)
    ~~~~~~~~~~~~~^^^^^^^^^^^^^^^
  File "/home/chener/miniconda3/lib/python3.14/http/server.py", line 946, in copyfile
    shutil.copyfileobj(source, outputfile)
    ~~~~~~~~~~~~~~~~~~^^^^^^^^^^^^^^^^^^^^
  File "/home/chener/miniconda3/lib/python3.14/shutil.py", line 257, in copyfileobj
    fdst_write(buf)
    ~~~~~~~~~~^^^^^
  File "/home/chener/miniconda3/lib/python3.14/socketserver.py", line 845, in write
    self._sock.sendall(b)
    ~~~~~~~~~~~~~~~~~~^^^
BrokenPipeError: [Errno 32] Broken pipe
----------------------------------------
22/Sep/2026 09:09:28 - "GET /ctrl/a32/0233_agentview.png HTTP/1.1" 200 -
22/Sep/2026 09:09:28 - "GET /ctrl/a32/0233_wrist.png HTTP/1.1" 200 -
----------------------------------------
Exception occurred during processing of request from ('127.0.0.1', 46358)
Traceback (most recent call last):
  File "/home/chener/miniconda3/lib/python3.14/socketserver.py", line 697, in process_request_thread
    self.finish_request(request, client_address)
    ~~~~~~~~~~~~~~~~~~~^^^^^^^^^^^^^^^^^^^^^^^^^
  File "/home/chener/miniconda3/lib/python3.14/socketserver.py", line 362, in finish_request
    self.RequestHandlerClass(request, client_address, self)
    ~~~~~~~~~~~~~~~~~~~~~~~~^^^^^^^^^^^^^^^^^^^^^^^^^^^^^^^
  File "/home/chener/miniconda3/lib/python3.14/http/server.py", line 736, in __init__
    super().__init__(*args, **kwargs)
    ~~~~~~~~~~~~~~~~^^^^^^^^^^^^^^^^^
  File "/home/chener/miniconda3/lib/python3.14/socketserver.py", line 766, in __init__
    self.handle()
    ~~~~~~~~~~~^^
  File "/home/chener/miniconda3/lib/python3.14/http/server.py", line 500, in handle
    self.handle_one_request()
    ~~~~~~~~~~~~~~~~~~~~~~~^^
  File "/home/chener/miniconda3/lib/python3.14/http/server.py", line 488, in handle_one_request
    method()
    ~~~~~~^^
  File "/home/chener/LIBERO/astra_eval/viz/serve.py", line 33, in do_GET
    return SimpleHTTPRequestHandler.do_GET(self)
           ~~~~~~~~~~~~~~~~~~~~~~~~~~~~~~~^^^^^^
  File "/home/chener/miniconda3/lib/python3.14/http/server.py", line 743, in do_GET
    self.copyfile(f, self.wfile)
    ~~~~~~~~~~~~~^^^^^^^^^^^^^^^
  File "/home/chener/miniconda3/lib/python3.14/http/server.py", line 946, in copyfile
    shutil.copyfileobj(source, outputfile)
    ~~~~~~~~~~~~~~~~~~^^^^^^^^^^^^^^^^^^^^
  File "/home/chener/miniconda3/lib/python3.14/shutil.py", line 257, in copyfileobj
    fdst_write(buf)
    ~~~~~~~~~~^^^^^
  File "/home/chener/miniconda3/lib/python3.14/socketserver.py", line 845, in write
    self._sock.sendall(b)
    ~~~~~~~~~~~~~~~~~~^^^
BrokenPipeError: [Errno 32] Broken pipe
----------------------------------------
22/Sep/2026 09:09:28 - "GET /ctrl/a32/0235_wrist.png HTTP/1.1" 200 -
22/Sep/2026 09:09:28 - "GET /ctrl/a32/0235_agentview.png HTTP/1.1" 200 -
22/Sep/2026 09:09:28 - "GET /ctrl/a32/0237_agentview.png HTTP/1.1" 200 -
22/Sep/2026 09:09:28 - "GET /ctrl/a32/0237_wrist.png HTTP/1.1" 200 -
22/Sep/2026 09:09:28 - "GET /ctrl/a32/0239_agentview.png HTTP/1.1" 200 -
22/Sep/2026 09:09:28 - "GET /ctrl/a32/0239_wrist.png HTTP/1.1" 200 -
22/Sep/2026 09:15:47 - "GET / HTTP/1.1" 200 -
22/Sep/2026 09:15:47 - "GET /data.js?t=1790039747602 HTTP/1.1" 200 -
22/Sep/2026 09:15:47 - "GET /frames/a32/0005_agentview.png HTTP/1.1" 200 -
22/Sep/2026 09:15:48 - "GET /frames/a32/0239_agentview.png HTTP/1.1" 200 -
22/Sep/2026 09:15:48 - "GET /ctrl/a32/0001_wrist.png HTTP/1.1" 200 -
22/Sep/2026 09:15:48 - "GET /frames/a32/0094_agentview.png HTTP/1.1" 200 -
22/Sep/2026 09:15:48 - "GET /ctrl/a32/0001_agentview.png HTTP/1.1" 200 -
22/Sep/2026 09:15:48 - "GET /frames/a32/0142_agentview.png HTTP/1.1" 200 -
22/Sep/2026 09:15:48 - "GET /frames/a32/0167_agentview.png HTTP/1.1" 200 -
22/Sep/2026 09:15:48 - "GET /frames/a32/0179_agentview.png HTTP/1.1" 200 -
22/Sep/2026 09:15:48 - "GET /frames/a32/0191_agentview.png HTTP/1.1" 200 -
22/Sep/2026 09:15:48 - code 404, message File not found
22/Sep/2026 09:15:48 - "GET /favicon.ico HTTP/1.1" 404 -
22/Sep/2026 09:15:52 - "GET /ctrl/a32/0002_agentview.png HTTP/1.1" 200 -
22/Sep/2026 09:15:52 - "GET /ctrl/a32/0008_wrist.png HTTP/1.1" 200 -
22/Sep/2026 09:15:52 - "GET /ctrl/a32/0011_wrist.png HTTP/1.1" 200 -
22/Sep/2026 09:15:52 - "GET /ctrl/a32/0011_agentview.png HTTP/1.1" 200 -
22/Sep/2026 09:15:52 - "GET /ctrl/a32/0012_wrist.png HTTP/1.1" 200 -
22/Sep/2026 09:15:52 - "GET /ctrl/a32/0012_agentview.png HTTP/1.1" 200 -
22/Sep/2026 09:15:52 - "GET /ctrl/a32/0013_agentview.png HTTP/1.1" 200 -
22/Sep/2026 09:15:53 - "GET /ctrl/a32/0018_agentview.png HTTP/1.1" 200 -
----------------------------------------
Exception occurred during processing of request from ('127.0.0.1', 51502)
Traceback (most recent call last):
  File "/home/chener/miniconda3/lib/python3.14/socketserver.py", line 697, in process_request_thread
    self.finish_request(request, client_address)
    ~~~~~~~~~~~~~~~~~~~^^^^^^^^^^^^^^^^^^^^^^^^^
  File "/home/chener/miniconda3/lib/python3.14/socketserver.py", line 362, in finish_request
    self.RequestHandlerClass(request, client_address, self)
    ~~~~~~~~~~~~~~~~~~~~~~~~^^^^^^^^^^^^^^^^^^^^^^^^^^^^^^^
  File "/home/chener/miniconda3/lib/python3.14/http/server.py", line 736, in __init__
    super().__init__(*args, **kwargs)
    ~~~~~~~~~~~~~~~~^^^^^^^^^^^^^^^^^
  File "/home/chener/miniconda3/lib/python3.14/socketserver.py", line 766, in __init__
    self.handle()
    ~~~~~~~~~~~^^
  File "/home/chener/miniconda3/lib/python3.14/http/server.py", line 500, in handle
    self.handle_one_request()
    ~~~~~~~~~~~~~~~~~~~~~~~^^
  File "/home/chener/miniconda3/lib/python3.14/http/server.py", line 488, in handle_one_request
    method()
    ~~~~~~^^
  File "/home/chener/LIBERO/astra_eval/viz/serve.py", line 33, in do_GET
    return SimpleHTTPRequestHandler.do_GET(self)
           ~~~~~~~~~~~~~~~~~~~~~~~~~~~~~~~^^^^^^
  File "/home/chener/miniconda3/lib/python3.14/http/server.py", line 743, in do_GET
    self.copyfile(f, self.wfile)
    ~~~~~~~~~~~~~^^^^^^^^^^^^^^^
  File "/home/chener/miniconda3/lib/python3.14/http/server.py", line 946, in copyfile
    shutil.copyfileobj(source, outputfile)
    ~~~~~~~~~~~~~~~~~~^^^^^^^^^^^^^^^^^^^^
  File "/home/chener/miniconda3/lib/python3.14/shutil.py", line 257, in copyfileobj
    fdst_write(buf)
    ~~~~~~~~~~^^^^^
  File "/home/chener/miniconda3/lib/python3.14/socketserver.py", line 845, in write
    self._sock.sendall(b)
    ~~~~~~~~~~~~~~~~~~^^^
BrokenPipeError: [Errno 32] Broken pipe
----------------------------------------
22/Sep/2026 09:15:53 - "GET /ctrl/a32/0020_agentview.png HTTP/1.1" 200 -
22/Sep/2026 09:15:53 - "GET /ctrl/a32/0020_wrist.png HTTP/1.1" 200 -
22/Sep/2026 09:15:53 - "GET /ctrl/a32/0021_wrist.png HTTP/1.1" 200 -
22/Sep/2026 09:15:53 - "GET /ctrl/a32/0021_agentview.png HTTP/1.1" 200 -
22/Sep/2026 09:15:53 - "GET /ctrl/a32/0023_agentview.png HTTP/1.1" 200 -
22/Sep/2026 09:15:53 - "GET /ctrl/a32/0024_wrist.png HTTP/1.1" 200 -
----------------------------------------
Exception occurred during processing of request from ('127.0.0.1', 51562)
Traceback (most recent call last):
  File "/home/chener/miniconda3/lib/python3.14/socketserver.py", line 697, in process_request_thread
    self.finish_request(request, client_address)
    ~~~~~~~~~~~~~~~~~~~^^^^^^^^^^^^^^^^^^^^^^^^^
  File "/home/chener/miniconda3/lib/python3.14/socketserver.py", line 362, in finish_request
    self.RequestHandlerClass(request, client_address, self)
    ~~~~~~~~~~~~~~~~~~~~~~~~^^^^^^^^^^^^^^^^^^^^^^^^^^^^^^^
  File "/home/chener/miniconda3/lib/python3.14/http/server.py", line 736, in __init__
    super().__init__(*args, **kwargs)
    ~~~~~~~~~~~~~~~~^^^^^^^^^^^^^^^^^
  File "/home/chener/miniconda3/lib/python3.14/socketserver.py", line 766, in __init__
    self.handle()
    ~~~~~~~~~~~^^
  File "/home/chener/miniconda3/lib/python3.14/http/server.py", line 500, in handle
    self.handle_one_request()
    ~~~~~~~~~~~~~~~~~~~~~~~^^
  File "/home/chener/miniconda3/lib/python3.14/http/server.py", line 488, in handle_one_request
    method()
    ~~~~~~^^
  File "/home/chener/LIBERO/astra_eval/viz/serve.py", line 33, in do_GET
    return SimpleHTTPRequestHandler.do_GET(self)
           ~~~~~~~~~~~~~~~~~~~~~~~~~~~~~~~^^^^^^
  File "/home/chener/miniconda3/lib/python3.14/http/server.py", line 743, in do_GET
    self.copyfile(f, self.wfile)
    ~~~~~~~~~~~~~^^^^^^^^^^^^^^^
  File "/home/chener/miniconda3/lib/python3.14/http/server.py", line 946, in copyfile
    shutil.copyfileobj(source, outputfile)
    ~~~~~~~~~~~~~~~~~~^^^^^^^^^^^^^^^^^^^^
  File "/home/chener/miniconda3/lib/python3.14/shutil.py", line 257, in copyfileobj
    fdst_write(buf)
    ~~~~~~~~~~^^^^^
  File "/home/chener/miniconda3/lib/python3.14/socketserver.py", line 845, in write
    self._sock.sendall(b)
    ~~~~~~~~~~~~~~~~~~^^^
BrokenPipeError: [Errno 32] Broken pipe
----------------------------------------
22/Sep/2026 09:15:53 - "GET /ctrl/a32/0026_agentview.png HTTP/1.1" 200 -
22/Sep/2026 09:15:53 - "GET /ctrl/a32/0026_wrist.png HTTP/1.1" 200 -
22/Sep/2026 09:15:53 - "GET /ctrl/a32/0028_agentview.png HTTP/1.1" 200 -
22/Sep/2026 09:15:53 - "GET /ctrl/a32/0028_wrist.png HTTP/1.1" 200 -
22/Sep/2026 09:15:53 - "GET /ctrl/a32/0030_agentview.png HTTP/1.1" 200 -
22/Sep/2026 09:15:53 - "GET /ctrl/a32/0032_agentview.png HTTP/1.1" 200 -
22/Sep/2026 09:15:53 - "GET /ctrl/a32/0033_agentview.png HTTP/1.1" 200 -
22/Sep/2026 09:15:53 - "GET /ctrl/a32/0033_wrist.png HTTP/1.1" 200 -
22/Sep/2026 09:15:54 - "GET /ctrl/a32/0038_wrist.png HTTP/1.1" 200 -
22/Sep/2026 09:15:54 - "GET /ctrl/a32/0038_agentview.png HTTP/1.1" 200 -
22/Sep/2026 09:15:54 - "GET /ctrl/a32/0039_wrist.png HTTP/1.1" 200 -
22/Sep/2026 09:15:54 - "GET /ctrl/a32/0039_agentview.png HTTP/1.1" 200 -
22/Sep/2026 09:15:54 - "GET /ctrl/a32/0045_agentview.png HTTP/1.1" 200 -
22/Sep/2026 09:15:54 - "GET /ctrl/a32/0045_wrist.png HTTP/1.1" 200 -
----------------------------------------
Exception occurred during processing of request from ('127.0.0.1', 51668)
Traceback (most recent call last):
----------------------------------------
Exception occurred during processing of request from ('127.0.0.1', 51674)
  File "/home/chener/miniconda3/lib/python3.14/socketserver.py", line 697, in process_request_thread
    self.finish_request(request, client_address)
    ~~~~~~~~~~~~~~~~~~~^^^^^^^^^^^^^^^^^^^^^^^^^
Traceback (most recent call last):
  File "/home/chener/miniconda3/lib/python3.14/socketserver.py", line 697, in process_request_thread
    self.finish_request(request, client_address)
    ~~~~~~~~~~~~~~~~~~~^^^^^^^^^^^^^^^^^^^^^^^^^
  File "/home/chener/miniconda3/lib/python3.14/socketserver.py", line 362, in finish_request
    self.RequestHandlerClass(request, client_address, self)
    ~~~~~~~~~~~~~~~~~~~~~~~~^^^^^^^^^^^^^^^^^^^^^^^^^^^^^^^
  File "/home/chener/miniconda3/lib/python3.14/http/server.py", line 736, in __init__
    super().__init__(*args, **kwargs)
    ~~~~~~~~~~~~~~~~^^^^^^^^^^^^^^^^^
  File "/home/chener/miniconda3/lib/python3.14/socketserver.py", line 362, in finish_request
    self.RequestHandlerClass(request, client_address, self)
    ~~~~~~~~~~~~~~~~~~~~~~~~^^^^^^^^^^^^^^^^^^^^^^^^^^^^^^^
  File "/home/chener/miniconda3/lib/python3.14/http/server.py", line 736, in __init__
    super().__init__(*args, **kwargs)
    ~~~~~~~~~~~~~~~~^^^^^^^^^^^^^^^^^
  File "/home/chener/miniconda3/lib/python3.14/socketserver.py", line 766, in __init__
    self.handle()
    ~~~~~~~~~~~^^
  File "/home/chener/miniconda3/lib/python3.14/socketserver.py", line 766, in __init__
    self.handle()
    ~~~~~~~~~~~^^
  File "/home/chener/miniconda3/lib/python3.14/http/server.py", line 500, in handle
    self.handle_one_request()
    ~~~~~~~~~~~~~~~~~~~~~~~^^
  File "/home/chener/miniconda3/lib/python3.14/http/server.py", line 500, in handle
    self.handle_one_request()
    ~~~~~~~~~~~~~~~~~~~~~~~^^
  File "/home/chener/miniconda3/lib/python3.14/http/server.py", line 488, in handle_one_request
    method()
    ~~~~~~^^
  File "/home/chener/LIBERO/astra_eval/viz/serve.py", line 33, in do_GET
    return SimpleHTTPRequestHandler.do_GET(self)
           ~~~~~~~~~~~~~~~~~~~~~~~~~~~~~~~^^^^^^
  File "/home/chener/miniconda3/lib/python3.14/http/server.py", line 743, in do_GET
    self.copyfile(f, self.wfile)
    ~~~~~~~~~~~~~^^^^^^^^^^^^^^^
  File "/home/chener/miniconda3/lib/python3.14/http/server.py", line 946, in copyfile
    shutil.copyfileobj(source, outputfile)
    ~~~~~~~~~~~~~~~~~~^^^^^^^^^^^^^^^^^^^^
  File "/home/chener/miniconda3/lib/python3.14/shutil.py", line 257, in copyfileobj
    fdst_write(buf)
    ~~~~~~~~~~^^^^^
  File "/home/chener/miniconda3/lib/python3.14/http/server.py", line 488, in handle_one_request
    method()
    ~~~~~~^^
  File "/home/chener/miniconda3/lib/python3.14/socketserver.py", line 845, in write
    self._sock.sendall(b)
    ~~~~~~~~~~~~~~~~~~^^^
  File "/home/chener/LIBERO/astra_eval/viz/serve.py", line 33, in do_GET
    return SimpleHTTPRequestHandler.do_GET(self)
           ~~~~~~~~~~~~~~~~~~~~~~~~~~~~~~~^^^^^^
  File "/home/chener/miniconda3/lib/python3.14/http/server.py", line 743, in do_GET
    self.copyfile(f, self.wfile)
    ~~~~~~~~~~~~~^^^^^^^^^^^^^^^
  File "/home/chener/miniconda3/lib/python3.14/http/server.py", line 946, in copyfile
    shutil.copyfileobj(source, outputfile)
    ~~~~~~~~~~~~~~~~~~^^^^^^^^^^^^^^^^^^^^
BrokenPipeError: [Errno 32] Broken pipe
  File "/home/chener/miniconda3/lib/python3.14/shutil.py", line 257, in copyfileobj
    fdst_write(buf)
    ~~~~~~~~~~^^^^^
----------------------------------------
  File "/home/chener/miniconda3/lib/python3.14/socketserver.py", line 845, in write
    self._sock.sendall(b)
    ~~~~~~~~~~~~~~~~~~^^^
BrokenPipeError: [Errno 32] Broken pipe
----------------------------------------
22/Sep/2026 09:15:54 - "GET /ctrl/a32/0047_agentview.png HTTP/1.1" 200 -
22/Sep/2026 09:15:54 - "GET /ctrl/a32/0047_wrist.png HTTP/1.1" 200 -
22/Sep/2026 09:15:54 - "GET /ctrl/a32/0050_agentview.png HTTP/1.1" 200 -
22/Sep/2026 09:15:54 - "GET /ctrl/a32/0050_wrist.png HTTP/1.1" 200 -
22/Sep/2026 09:15:54 - "GET /ctrl/a32/0051_agentview.png HTTP/1.1" 200 -
22/Sep/2026 09:15:54 - "GET /ctrl/a32/0051_wrist.png HTTP/1.1" 200 -
22/Sep/2026 09:15:54 - "GET /ctrl/a32/0054_agentview.png HTTP/1.1" 200 -
22/Sep/2026 09:15:54 - "GET /ctrl/a32/0054_wrist.png HTTP/1.1" 200 -
22/Sep/2026 09:15:55 - "GET /ctrl/a32/0059_wrist.png HTTP/1.1" 200 -
22/Sep/2026 09:15:55 - "GET /ctrl/a32/0059_agentview.png HTTP/1.1" 200 -
22/Sep/2026 09:15:55 - "GET /ctrl/a32/0060_agentview.png HTTP/1.1" 200 -
22/Sep/2026 09:15:55 - "GET /ctrl/a32/0060_wrist.png HTTP/1.1" 200 -
22/Sep/2026 09:15:55 - "GET /ctrl/a32/0062_agentview.png HTTP/1.1" 200 -
22/Sep/2026 09:15:55 - "GET /ctrl/a32/0062_wrist.png HTTP/1.1" 200 -
----------------------------------------
Exception occurred during processing of request from ('127.0.0.1', 51786)
Traceback (most recent call last):
  File "/home/chener/miniconda3/lib/python3.14/socketserver.py", line 697, in process_request_thread
    self.finish_request(request, client_address)
    ~~~~~~~~~~~~~~~~~~~^^^^^^^^^^^^^^^^^^^^^^^^^
  File "/home/chener/miniconda3/lib/python3.14/socketserver.py", line 362, in finish_request
    self.RequestHandlerClass(request, client_address, self)
    ~~~~~~~~~~~~~~~~~~~~~~~~^^^^^^^^^^^^^^^^^^^^^^^^^^^^^^^
  File "/home/chener/miniconda3/lib/python3.14/http/server.py", line 736, in __init__
    super().__init__(*args, **kwargs)
    ~~~~~~~~~~~~~~~~^^^^^^^^^^^^^^^^^
  File "/home/chener/miniconda3/lib/python3.14/socketserver.py", line 766, in __init__
    self.handle()
    ~~~~~~~~~~~^^
  File "/home/chener/miniconda3/lib/python3.14/http/server.py", line 500, in handle
    self.handle_one_request()
    ~~~~~~~~~~~~~~~~~~~~~~~^^
  File "/home/chener/miniconda3/lib/python3.14/http/server.py", line 488, in handle_one_request
    method()
    ~~~~~~^^
  File "/home/chener/LIBERO/astra_eval/viz/serve.py", line 33, in do_GET
    return SimpleHTTPRequestHandler.do_GET(self)
           ~~~~~~~~~~~~~~~~~~~~~~~~~~~~~~~^^^^^^
  File "/home/chener/miniconda3/lib/python3.14/http/server.py", line 743, in do_GET
    self.copyfile(f, self.wfile)
    ~~~~~~~~~~~~~^^^^^^^^^^^^^^^
  File "/home/chener/miniconda3/lib/python3.14/http/server.py", line 946, in copyfile
    shutil.copyfileobj(source, outputfile)
    ~~~~~~~~~~~~~~~~~~^^^^^^^^^^^^^^^^^^^^
  File "/home/chener/miniconda3/lib/python3.14/shutil.py", line 257, in copyfileobj
    fdst_write(buf)
    ~~~~~~~~~~^^^^^
  File "/home/chener/miniconda3/lib/python3.14/socketserver.py", line 845, in write
    self._sock.sendall(b)
    ~~~~~~~~~~~~~~~~~~^^^
BrokenPipeError: [Errno 32] Broken pipe
----------------------------------------
22/Sep/2026 09:15:55 - "GET /ctrl/a32/0068_agentview.png HTTP/1.1" 200 -
22/Sep/2026 09:15:55 - "GET /ctrl/a32/0068_wrist.png HTTP/1.1" 200 -
22/Sep/2026 09:15:55 - "GET /ctrl/a32/0070_agentview.png HTTP/1.1" 200 -
22/Sep/2026 09:15:55 - "GET /ctrl/a32/0070_wrist.png HTTP/1.1" 200 -
----------------------------------------
Exception occurred during processing of request from ('127.0.0.1', 51820)
----------------------------------------Traceback (most recent call last):

  File "/home/chener/miniconda3/lib/python3.14/socketserver.py", line 697, in process_request_thread
    self.finish_request(request, client_address)
    ~~~~~~~~~~~~~~~~~~~^^^^^^^^^^^^^^^^^^^^^^^^^
Exception occurred during processing of request from  File "/home/chener/miniconda3/lib/python3.14/socketserver.py", line 362, in finish_request
    self.RequestHandlerClass(request, client_address, self)
    ~~~~~~~~~~~~~~~~~~~~~~~~^^^^^^^^^^^^^^^^^^^^^^^^^^^^^^^
   File "/home/chener/miniconda3/lib/python3.14/http/server.py", line 736, in __init__
    super().__init__(*args, **kwargs)
    ~~~~~~~~~~~~~~~~^^^^^^^^^^^^^^^^^
  File "/home/chener/miniconda3/lib/python3.14/socketserver.py", line 766, in __init__
    self.handle()
    ~~~~~~~~~~~^^
  File "/home/chener/miniconda3/lib/python3.14/http/server.py", line 500, in handle
    self.handle_one_request()
    ~~~~~~~~~~~~~~~~~~~~~~~^^
  File "/home/chener/miniconda3/lib/python3.14/http/server.py", line 488, in handle_one_request
    method()
    ~~~~~~^^
('127.0.0.1', 51822)  File "/home/chener/LIBERO/astra_eval/viz/serve.py", line 33, in do_GET
    return SimpleHTTPRequestHandler.do_GET(self)
           ~~~~~~~~~~~~~~~~~~~~~~~~~~~~~~~^^^^^^
  File "/home/chener/miniconda3/lib/python3.14/http/server.py", line 743, in do_GET
    self.copyfile(f, self.wfile)
    ~~~~~~~~~~~~~^^^^^^^^^^^^^^^

  File "/home/chener/miniconda3/lib/python3.14/http/server.py", line 946, in copyfile
    shutil.copyfileobj(source, outputfile)
    ~~~~~~~~~~~~~~~~~~^^^^^^^^^^^^^^^^^^^^
  File "/home/chener/miniconda3/lib/python3.14/shutil.py", line 257, in copyfileobj
    fdst_write(buf)
    ~~~~~~~~~~^^^^^
  File "/home/chener/miniconda3/lib/python3.14/socketserver.py", line 845, in write
    self._sock.sendall(b)
    ~~~~~~~~~~~~~~~~~~^^^
BrokenPipeError: [Errno 32] Broken pipe
----------------------------------------
Traceback (most recent call last):
  File "/home/chener/miniconda3/lib/python3.14/socketserver.py", line 697, in process_request_thread
    self.finish_request(request, client_address)
    ~~~~~~~~~~~~~~~~~~~^^^^^^^^^^^^^^^^^^^^^^^^^
  File "/home/chener/miniconda3/lib/python3.14/socketserver.py", line 362, in finish_request
    self.RequestHandlerClass(request, client_address, self)
    ~~~~~~~~~~~~~~~~~~~~~~~~^^^^^^^^^^^^^^^^^^^^^^^^^^^^^^^
  File "/home/chener/miniconda3/lib/python3.14/http/server.py", line 736, in __init__
    super().__init__(*args, **kwargs)
    ~~~~~~~~~~~~~~~~^^^^^^^^^^^^^^^^^
  File "/home/chener/miniconda3/lib/python3.14/socketserver.py", line 766, in __init__
    self.handle()
    ~~~~~~~~~~~^^
  File "/home/chener/miniconda3/lib/python3.14/http/server.py", line 500, in handle
    self.handle_one_request()
    ~~~~~~~~~~~~~~~~~~~~~~~^^
  File "/home/chener/miniconda3/lib/python3.14/http/server.py", line 488, in handle_one_request
    method()
    ~~~~~~^^
  File "/home/chener/LIBERO/astra_eval/viz/serve.py", line 33, in do_GET
    return SimpleHTTPRequestHandler.do_GET(self)
           ~~~~~~~~~~~~~~~~~~~~~~~~~~~~~~~^^^^^^
  File "/home/chener/miniconda3/lib/python3.14/http/server.py", line 743, in do_GET
    self.copyfile(f, self.wfile)
    ~~~~~~~~~~~~~^^^^^^^^^^^^^^^
  File "/home/chener/miniconda3/lib/python3.14/http/server.py", line 946, in copyfile
    shutil.copyfileobj(source, outputfile)
    ~~~~~~~~~~~~~~~~~~^^^^^^^^^^^^^^^^^^^^
  File "/home/chener/miniconda3/lib/python3.14/shutil.py", line 257, in copyfileobj
    fdst_write(buf)
    ~~~~~~~~~~^^^^^
  File "/home/chener/miniconda3/lib/python3.14/socketserver.py", line 845, in write
    self._sock.sendall(b)
    ~~~~~~~~~~~~~~~~~~^^^
BrokenPipeError: [Errno 32] Broken pipe
----------------------------------------
22/Sep/2026 09:15:55 - "GET /ctrl/a32/0073_agentview.png HTTP/1.1" 200 -
22/Sep/2026 09:15:55 - "GET /ctrl/a32/0073_wrist.png HTTP/1.1" 200 -
22/Sep/2026 09:15:56 - "GET /ctrl/a32/0076_agentview.png HTTP/1.1" 200 -
22/Sep/2026 09:15:56 - "GET /ctrl/a32/0076_wrist.png HTTP/1.1" 200 -
22/Sep/2026 09:15:56 - "GET /ctrl/a32/0079_agentview.png HTTP/1.1" 200 -
----------------------------------------22/Sep/2026 09:15:56 - "GET /ctrl/a32/0079_wrist.png HTTP/1.1" 200 -

Exception occurred during processing of request from ('127.0.0.1', 51878)
Traceback (most recent call last):
----------------------------------------  File "/home/chener/miniconda3/lib/python3.14/socketserver.py", line 697, in process_request_thread
    self.finish_request(request, client_address)
    ~~~~~~~~~~~~~~~~~~~^^^^^^^^^^^^^^^^^^^^^^^^^
  File "/home/chener/miniconda3/lib/python3.14/socketserver.py", line 362, in finish_request
    self.RequestHandlerClass(request, client_address, self)
    ~~~~~~~~~~~~~~~~~~~~~~~~^^^^^^^^^^^^^^^^^^^^^^^^^^^^^^^
  File "/home/chener/miniconda3/lib/python3.14/http/server.py", line 736, in __init__
    super().__init__(*args, **kwargs)
    ~~~~~~~~~~~~~~~~^^^^^^^^^^^^^^^^^
  File "/home/chener/miniconda3/lib/python3.14/socketserver.py", line 766, in __init__
    self.handle()
    ~~~~~~~~~~~^^
  File "/home/chener/miniconda3/lib/python3.14/http/server.py", line 500, in handle
    self.handle_one_request()
    ~~~~~~~~~~~~~~~~~~~~~~~^^
  File "/home/chener/miniconda3/lib/python3.14/http/server.py", line 488, in handle_one_request
    method()
    ~~~~~~^^
  File "/home/chener/LIBERO/astra_eval/viz/serve.py", line 33, in do_GET
    return SimpleHTTPRequestHandler.do_GET(self)
           ~~~~~~~~~~~~~~~~~~~~~~~~~~~~~~~^^^^^^
  File "/home/chener/miniconda3/lib/python3.14/http/server.py", line 743, in do_GET
    self.copyfile(f, self.wfile)
    ~~~~~~~~~~~~~^^^^^^^^^^^^^^^

Exception occurred during processing of request from  File "/home/chener/miniconda3/lib/python3.14/http/server.py", line 946, in copyfile
    shutil.copyfileobj(source, outputfile)
    ~~~~~~~~~~~~~~~~~~^^^^^^^^^^^^^^^^^^^^
   File "/home/chener/miniconda3/lib/python3.14/shutil.py", line 257, in copyfileobj
    fdst_write(buf)
    ~~~~~~~~~~^^^^^
  File "/home/chener/miniconda3/lib/python3.14/socketserver.py", line 845, in write
    self._sock.sendall(b)
    ~~~~~~~~~~~~~~~~~~^^^
BrokenPipeError: [Errno 32] Broken pipe
----------------------------------------
('127.0.0.1', 51880)
Traceback (most recent call last):
  File "/home/chener/miniconda3/lib/python3.14/socketserver.py", line 697, in process_request_thread
    self.finish_request(request, client_address)
    ~~~~~~~~~~~~~~~~~~~^^^^^^^^^^^^^^^^^^^^^^^^^
  File "/home/chener/miniconda3/lib/python3.14/socketserver.py", line 362, in finish_request
    self.RequestHandlerClass(request, client_address, self)
    ~~~~~~~~~~~~~~~~~~~~~~~~^^^^^^^^^^^^^^^^^^^^^^^^^^^^^^^
  File "/home/chener/miniconda3/lib/python3.14/http/server.py", line 736, in __init__
    super().__init__(*args, **kwargs)
    ~~~~~~~~~~~~~~~~^^^^^^^^^^^^^^^^^
  File "/home/chener/miniconda3/lib/python3.14/socketserver.py", line 766, in __init__
    self.handle()
    ~~~~~~~~~~~^^
  File "/home/chener/miniconda3/lib/python3.14/http/server.py", line 500, in handle
    self.handle_one_request()
    ~~~~~~~~~~~~~~~~~~~~~~~^^
  File "/home/chener/miniconda3/lib/python3.14/http/server.py", line 488, in handle_one_request
    method()
    ~~~~~~^^
  File "/home/chener/LIBERO/astra_eval/viz/serve.py", line 33, in do_GET
    return SimpleHTTPRequestHandler.do_GET(self)
           ~~~~~~~~~~~~~~~~~~~~~~~~~~~~~~~^^^^^^
  File "/home/chener/miniconda3/lib/python3.14/http/server.py", line 743, in do_GET
    self.copyfile(f, self.wfile)
    ~~~~~~~~~~~~~^^^^^^^^^^^^^^^
  File "/home/chener/miniconda3/lib/python3.14/http/server.py", line 946, in copyfile
    shutil.copyfileobj(source, outputfile)
    ~~~~~~~~~~~~~~~~~~^^^^^^^^^^^^^^^^^^^^
  File "/home/chener/miniconda3/lib/python3.14/shutil.py", line 257, in copyfileobj
    fdst_write(buf)
    ~~~~~~~~~~^^^^^
  File "/home/chener/miniconda3/lib/python3.14/socketserver.py", line 845, in write
    self._sock.sendall(b)
    ~~~~~~~~~~~~~~~~~~^^^
BrokenPipeError: [Errno 32] Broken pipe
----------------------------------------
22/Sep/2026 09:15:56 - "GET /ctrl/a32/0080_agentview.png HTTP/1.1" 200 -
22/Sep/2026 09:15:56 - "GET /ctrl/a32/0080_wrist.png HTTP/1.1" 200 -
----------------------------------------
Exception occurred during processing of request from ('127.0.0.1', 51888)
----------------------------------------
Traceback (most recent call last):
Exception occurred during processing of request from  File "/home/chener/miniconda3/lib/python3.14/socketserver.py", line 697, in process_request_thread
    self.finish_request(request, client_address)
    ~~~~~~~~~~~~~~~~~~~^^^^^^^^^^^^^^^^^^^^^^^^^
  File "/home/chener/miniconda3/lib/python3.14/socketserver.py", line 362, in finish_request
    self.RequestHandlerClass(request, client_address, self)
    ~~~~~~~~~~~~~~~~~~~~~~~~^^^^^^^^^^^^^^^^^^^^^^^^^^^^^^^
  File "/home/chener/miniconda3/lib/python3.14/http/server.py", line 736, in __init__
    super().__init__(*args, **kwargs)
    ~~~~~~~~~~~~~~~~^^^^^^^^^^^^^^^^^
  File "/home/chener/miniconda3/lib/python3.14/socketserver.py", line 766, in __init__
    self.handle()
    ~~~~~~~~~~~^^
  File "/home/chener/miniconda3/lib/python3.14/http/server.py", line 500, in handle
    self.handle_one_request()
    ~~~~~~~~~~~~~~~~~~~~~~~^^
  File "/home/chener/miniconda3/lib/python3.14/http/server.py", line 488, in handle_one_request
    method()
    ~~~~~~^^
   File "/home/chener/LIBERO/astra_eval/viz/serve.py", line 33, in do_GET
    return SimpleHTTPRequestHandler.do_GET(self)
           ~~~~~~~~~~~~~~~~~~~~~~~~~~~~~~~^^^^^^
('127.0.0.1', 51900)
Traceback (most recent call last):
  File "/home/chener/miniconda3/lib/python3.14/http/server.py", line 743, in do_GET
    self.copyfile(f, self.wfile)
    ~~~~~~~~~~~~~^^^^^^^^^^^^^^^
  File "/home/chener/miniconda3/lib/python3.14/socketserver.py", line 697, in process_request_thread
    self.finish_request(request, client_address)
    ~~~~~~~~~~~~~~~~~~~^^^^^^^^^^^^^^^^^^^^^^^^^
  File "/home/chener/miniconda3/lib/python3.14/socketserver.py", line 362, in finish_request
    self.RequestHandlerClass(request, client_address, self)
    ~~~~~~~~~~~~~~~~~~~~~~~~^^^^^^^^^^^^^^^^^^^^^^^^^^^^^^^
  File "/home/chener/miniconda3/lib/python3.14/http/server.py", line 736, in __init__
    super().__init__(*args, **kwargs)
    ~~~~~~~~~~~~~~~~^^^^^^^^^^^^^^^^^
  File "/home/chener/miniconda3/lib/python3.14/http/server.py", line 946, in copyfile
    shutil.copyfileobj(source, outputfile)
    ~~~~~~~~~~~~~~~~~~^^^^^^^^^^^^^^^^^^^^
  File "/home/chener/miniconda3/lib/python3.14/shutil.py", line 257, in copyfileobj
    fdst_write(buf)
    ~~~~~~~~~~^^^^^
  File "/home/chener/miniconda3/lib/python3.14/socketserver.py", line 845, in write
    self._sock.sendall(b)
    ~~~~~~~~~~~~~~~~~~^^^
BrokenPipeError: [Errno 32] Broken pipe
----------------------------------------
  File "/home/chener/miniconda3/lib/python3.14/socketserver.py", line 766, in __init__
    self.handle()
    ~~~~~~~~~~~^^
  File "/home/chener/miniconda3/lib/python3.14/http/server.py", line 500, in handle
    self.handle_one_request()
    ~~~~~~~~~~~~~~~~~~~~~~~^^
  File "/home/chener/miniconda3/lib/python3.14/http/server.py", line 488, in handle_one_request
    method()
    ~~~~~~^^
  File "/home/chener/LIBERO/astra_eval/viz/serve.py", line 33, in do_GET
    return SimpleHTTPRequestHandler.do_GET(self)
           ~~~~~~~~~~~~~~~~~~~~~~~~~~~~~~~^^^^^^
  File "/home/chener/miniconda3/lib/python3.14/http/server.py", line 743, in do_GET
    self.copyfile(f, self.wfile)
    ~~~~~~~~~~~~~^^^^^^^^^^^^^^^
  File "/home/chener/miniconda3/lib/python3.14/http/server.py", line 946, in copyfile
    shutil.copyfileobj(source, outputfile)
    ~~~~~~~~~~~~~~~~~~^^^^^^^^^^^^^^^^^^^^
  File "/home/chener/miniconda3/lib/python3.14/shutil.py", line 257, in copyfileobj
    fdst_write(buf)
    ~~~~~~~~~~^^^^^
  File "/home/chener/miniconda3/lib/python3.14/socketserver.py", line 845, in write
    self._sock.sendall(b)
    ~~~~~~~~~~~~~~~~~~^^^
BrokenPipeError: [Errno 32] Broken pipe
----------------------------------------
22/Sep/2026 09:15:56 - "GET /ctrl/a32/0083_wrist.png HTTP/1.1" 200 -
----------------------------------------
Exception occurred during processing of request from ('127.0.0.1', 51916)
Traceback (most recent call last):
  File "/home/chener/miniconda3/lib/python3.14/socketserver.py", line 697, in process_request_thread
    self.finish_request(request, client_address)
    ~~~~~~~~~~~~~~~~~~~^^^^^^^^^^^^^^^^^^^^^^^^^
  File "/home/chener/miniconda3/lib/python3.14/socketserver.py", line 362, in finish_request
    self.RequestHandlerClass(request, client_address, self)
    ~~~~~~~~~~~~~~~~~~~~~~~~^^^^^^^^^^^^^^^^^^^^^^^^^^^^^^^
  File "/home/chener/miniconda3/lib/python3.14/http/server.py", line 736, in __init__
    super().__init__(*args, **kwargs)
    ~~~~~~~~~~~~~~~~^^^^^^^^^^^^^^^^^
  File "/home/chener/miniconda3/lib/python3.14/socketserver.py", line 766, in __init__
    self.handle()
    ~~~~~~~~~~~^^
  File "/home/chener/miniconda3/lib/python3.14/http/server.py", line 500, in handle
    self.handle_one_request()
    ~~~~~~~~~~~~~~~~~~~~~~~^^
  File "/home/chener/miniconda3/lib/python3.14/http/server.py", line 488, in handle_one_request
    method()
    ~~~~~~^^
  File "/home/chener/LIBERO/astra_eval/viz/serve.py", line 33, in do_GET
    return SimpleHTTPRequestHandler.do_GET(self)
           ~~~~~~~~~~~~~~~~~~~~~~~~~~~~~~~^^^^^^
  File "/home/chener/miniconda3/lib/python3.14/http/server.py", line 743, in do_GET
    self.copyfile(f, self.wfile)
    ~~~~~~~~~~~~~^^^^^^^^^^^^^^^
  File "/home/chener/miniconda3/lib/python3.14/http/server.py", line 946, in copyfile
    shutil.copyfileobj(source, outputfile)
    ~~~~~~~~~~~~~~~~~~^^^^^^^^^^^^^^^^^^^^
  File "/home/chener/miniconda3/lib/python3.14/shutil.py", line 257, in copyfileobj
    fdst_write(buf)
    ~~~~~~~~~~^^^^^
  File "/home/chener/miniconda3/lib/python3.14/socketserver.py", line 845, in write
    self._sock.sendall(b)
    ~~~~~~~~~~~~~~~~~~^^^
BrokenPipeError: [Errno 32] Broken pipe
----------------------------------------
22/Sep/2026 09:15:56 - "GET /ctrl/a32/0084_agentview.png HTTP/1.1" 200 -
22/Sep/2026 09:15:56 - "GET /ctrl/a32/0085_agentview.png HTTP/1.1" 200 -
22/Sep/2026 09:15:56 - "GET /ctrl/a32/0085_wrist.png HTTP/1.1" 200 -
22/Sep/2026 09:15:56 - "GET /ctrl/a32/0086_agentview.png HTTP/1.1" 200 -
22/Sep/2026 09:15:56 - "GET /ctrl/a32/0086_wrist.png HTTP/1.1" 200 -
22/Sep/2026 09:15:56 - "GET /ctrl/a32/0090_agentview.png HTTP/1.1" 200 -
22/Sep/2026 09:15:56 - "GET /ctrl/a32/0090_wrist.png HTTP/1.1" 200 -
----------------------------------------
----------------------------------------
Exception occurred during processing of request from Exception occurred during processing of request from('127.0.0.1', 51970)
 ('127.0.0.1', 51986)Traceback (most recent call last):

  File "/home/chener/miniconda3/lib/python3.14/socketserver.py", line 697, in process_request_thread
    self.finish_request(request, client_address)
    ~~~~~~~~~~~~~~~~~~~^^^^^^^^^^^^^^^^^^^^^^^^^
  File "/home/chener/miniconda3/lib/python3.14/socketserver.py", line 362, in finish_request
    self.RequestHandlerClass(request, client_address, self)
    ~~~~~~~~~~~~~~~~~~~~~~~~^^^^^^^^^^^^^^^^^^^^^^^^^^^^^^^
Traceback (most recent call last):
  File "/home/chener/miniconda3/lib/python3.14/http/server.py", line 736, in __init__
    super().__init__(*args, **kwargs)
    ~~~~~~~~~~~~~~~~^^^^^^^^^^^^^^^^^
  File "/home/chener/miniconda3/lib/python3.14/socketserver.py", line 697, in process_request_thread
    self.finish_request(request, client_address)
    ~~~~~~~~~~~~~~~~~~~^^^^^^^^^^^^^^^^^^^^^^^^^
  File "/home/chener/miniconda3/lib/python3.14/socketserver.py", line 362, in finish_request
    self.RequestHandlerClass(request, client_address, self)
    ~~~~~~~~~~~~~~~~~~~~~~~~^^^^^^^^^^^^^^^^^^^^^^^^^^^^^^^
  File "/home/chener/miniconda3/lib/python3.14/http/server.py", line 736, in __init__
    super().__init__(*args, **kwargs)
    ~~~~~~~~~~~~~~~~^^^^^^^^^^^^^^^^^
  File "/home/chener/miniconda3/lib/python3.14/socketserver.py", line 766, in __init__
    self.handle()
    ~~~~~~~~~~~^^
  File "/home/chener/miniconda3/lib/python3.14/http/server.py", line 500, in handle
    self.handle_one_request()
    ~~~~~~~~~~~~~~~~~~~~~~~^^
  File "/home/chener/miniconda3/lib/python3.14/socketserver.py", line 766, in __init__
    self.handle()
    ~~~~~~~~~~~^^
  File "/home/chener/miniconda3/lib/python3.14/http/server.py", line 500, in handle
    self.handle_one_request()
    ~~~~~~~~~~~~~~~~~~~~~~~^^
  File "/home/chener/miniconda3/lib/python3.14/http/server.py", line 488, in handle_one_request
    method()
    ~~~~~~^^
  File "/home/chener/miniconda3/lib/python3.14/http/server.py", line 488, in handle_one_request
    method()
    ~~~~~~^^
  File "/home/chener/LIBERO/astra_eval/viz/serve.py", line 33, in do_GET
    return SimpleHTTPRequestHandler.do_GET(self)
           ~~~~~~~~~~~~~~~~~~~~~~~~~~~~~~~^^^^^^
  File "/home/chener/miniconda3/lib/python3.14/http/server.py", line 743, in do_GET
    self.copyfile(f, self.wfile)
    ~~~~~~~~~~~~~^^^^^^^^^^^^^^^
  File "/home/chener/LIBERO/astra_eval/viz/serve.py", line 33, in do_GET
    return SimpleHTTPRequestHandler.do_GET(self)
           ~~~~~~~~~~~~~~~~~~~~~~~~~~~~~~~^^^^^^
  File "/home/chener/miniconda3/lib/python3.14/http/server.py", line 743, in do_GET
    self.copyfile(f, self.wfile)
    ~~~~~~~~~~~~~^^^^^^^^^^^^^^^
  File "/home/chener/miniconda3/lib/python3.14/http/server.py", line 946, in copyfile
    shutil.copyfileobj(source, outputfile)
    ~~~~~~~~~~~~~~~~~~^^^^^^^^^^^^^^^^^^^^
  File "/home/chener/miniconda3/lib/python3.14/http/server.py", line 946, in copyfile
    shutil.copyfileobj(source, outputfile)
    ~~~~~~~~~~~~~~~~~~^^^^^^^^^^^^^^^^^^^^
  File "/home/chener/miniconda3/lib/python3.14/shutil.py", line 257, in copyfileobj
    fdst_write(buf)
    ~~~~~~~~~~^^^^^
  File "/home/chener/miniconda3/lib/python3.14/shutil.py", line 257, in copyfileobj
    fdst_write(buf)
    ~~~~~~~~~~^^^^^
  File "/home/chener/miniconda3/lib/python3.14/socketserver.py", line 845, in write
    self._sock.sendall(b)
    ~~~~~~~~~~~~~~~~~~^^^
BrokenPipeError: [Errno 32] Broken pipe
----------------------------------------
  File "/home/chener/miniconda3/lib/python3.14/socketserver.py", line 845, in write
    self._sock.sendall(b)
    ~~~~~~~~~~~~~~~~~~^^^
BrokenPipeError: [Errno 32] Broken pipe
----------------------------------------
22/Sep/2026 09:15:56 - "GET /ctrl/a32/0094_wrist.png HTTP/1.1" 200 -
22/Sep/2026 09:15:56 - "GET /ctrl/a32/0094_agentview.png HTTP/1.1" 200 -
22/Sep/2026 09:15:57 - "GET /ctrl/a32/0096_agentview.png HTTP/1.1" 200 -
22/Sep/2026 09:15:57 - "GET /ctrl/a32/0096_wrist.png HTTP/1.1" 200 -
22/Sep/2026 09:15:57 - "GET /ctrl/a32/0097_wrist.png HTTP/1.1" 200 -
22/Sep/2026 09:15:57 - "GET /ctrl/a32/0097_agentview.png HTTP/1.1" 200 -
22/Sep/2026 09:15:57 - "GET /ctrl/a32/0104_agentview.png HTTP/1.1" 200 -
22/Sep/2026 09:15:57 - "GET /ctrl/a32/0104_wrist.png HTTP/1.1" 200 -
22/Sep/2026 09:15:57 - "GET /ctrl/a32/0106_agentview.png HTTP/1.1" 200 -
22/Sep/2026 09:15:57 - "GET /ctrl/a32/0108_agentview.png HTTP/1.1" 200 -
22/Sep/2026 09:15:57 - "GET /ctrl/a32/0108_wrist.png HTTP/1.1" 200 -
22/Sep/2026 09:15:57 - "GET /ctrl/a32/0110_agentview.png HTTP/1.1" 200 -
22/Sep/2026 09:15:57 - "GET /ctrl/a32/0112_agentview.png HTTP/1.1" 200 -
22/Sep/2026 09:15:57 - "GET /ctrl/a32/0113_agentview.png HTTP/1.1" 200 -
22/Sep/2026 09:15:57 - "GET /ctrl/a32/0113_wrist.png HTTP/1.1" 200 -
22/Sep/2026 09:15:58 - "GET /ctrl/a32/0117_agentview.png HTTP/1.1" 200 -
22/Sep/2026 09:15:58 - "GET /ctrl/a32/0117_wrist.png HTTP/1.1" 200 -
22/Sep/2026 09:15:58 - "GET /ctrl/a32/0118_agentview.png HTTP/1.1" 200 -
22/Sep/2026 09:15:58 - "GET /ctrl/a32/0118_wrist.png HTTP/1.1" 200 -
----------------------------------------
Exception occurred during processing of request from ('127.0.0.1', 52200)
Traceback (most recent call last):
  File "/home/chener/miniconda3/lib/python3.14/socketserver.py", line 697, in process_request_thread
    self.finish_request(request, client_address)
    ~~~~~~~~~~~~~~~~~~~^^^^^^^^^^^^^^^^^^^^^^^^^
  File "/home/chener/miniconda3/lib/python3.14/socketserver.py", line 362, in finish_request
    self.RequestHandlerClass(request, client_address, self)
    ~~~~~~~~~~~~~~~~~~~~~~~~^^^^^^^^^^^^^^^^^^^^^^^^^^^^^^^
  File "/home/chener/miniconda3/lib/python3.14/http/server.py", line 736, in __init__
    super().__init__(*args, **kwargs)
    ~~~~~~~~~~~~~~~~^^^^^^^^^^^^^^^^^
  File "/home/chener/miniconda3/lib/python3.14/socketserver.py", line 766, in __init__
    self.handle()
    ~~~~~~~~~~~^^
  File "/home/chener/miniconda3/lib/python3.14/http/server.py", line 500, in handle
    self.handle_one_request()
    ~~~~~~~~~~~~~~~~~~~~~~~^^
  File "/home/chener/miniconda3/lib/python3.14/http/server.py", line 488, in handle_one_request
    method()
    ~~~~~~^^
  File "/home/chener/LIBERO/astra_eval/viz/serve.py", line 33, in do_GET
    return SimpleHTTPRequestHandler.do_GET(self)
           ~~~~~~~~~~~~~~~~~~~~~~~~~~~~~~~^^^^^^
  File "/home/chener/miniconda3/lib/python3.14/http/server.py", line 743, in do_GET
    self.copyfile(f, self.wfile)
    ~~~~~~~~~~~~~^^^^^^^^^^^^^^^
  File "/home/chener/miniconda3/lib/python3.14/http/server.py", line 946, in copyfile
    shutil.copyfileobj(source, outputfile)
    ~~~~~~~~~~~~~~~~~~^^^^^^^^^^^^^^^^^^^^
  File "/home/chener/miniconda3/lib/python3.14/shutil.py", line 257, in copyfileobj
    fdst_write(buf)
    ~~~~~~~~~~^^^^^
  File "/home/chener/miniconda3/lib/python3.14/socketserver.py", line 845, in write
    self._sock.sendall(b)
    ~~~~~~~~~~~~~~~~~~^^^
BrokenPipeError: [Errno 32] Broken pipe
----------------------------------------
22/Sep/2026 09:15:58 - "GET /ctrl/a32/0121_agentview.png HTTP/1.1" 200 -
22/Sep/2026 09:15:58 - "GET /ctrl/a32/0121_wrist.png HTTP/1.1" 200 -
22/Sep/2026 09:15:58 - "GET /ctrl/a32/0123_wrist.png HTTP/1.1" 200 -
----------------------------------------
Exception occurred during processing of request from ('127.0.0.1', 52234)
Traceback (most recent call last):
  File "/home/chener/miniconda3/lib/python3.14/socketserver.py", line 697, in process_request_thread
    self.finish_request(request, client_address)
    ~~~~~~~~~~~~~~~~~~~^^^^^^^^^^^^^^^^^^^^^^^^^
  File "/home/chener/miniconda3/lib/python3.14/socketserver.py", line 362, in finish_request
    self.RequestHandlerClass(request, client_address, self)
    ~~~~~~~~~~~~~~~~~~~~~~~~^^^^^^^^^^^^^^^^^^^^^^^^^^^^^^^
  File "/home/chener/miniconda3/lib/python3.14/http/server.py", line 736, in __init__
    super().__init__(*args, **kwargs)
    ~~~~~~~~~~~~~~~~^^^^^^^^^^^^^^^^^
  File "/home/chener/miniconda3/lib/python3.14/socketserver.py", line 766, in __init__
    self.handle()
    ~~~~~~~~~~~^^
  File "/home/chener/miniconda3/lib/python3.14/http/server.py", line 500, in handle
    self.handle_one_request()
    ~~~~~~~~~~~~~~~~~~~~~~~^^
  File "/home/chener/miniconda3/lib/python3.14/http/server.py", line 488, in handle_one_request
    method()
    ~~~~~~^^
  File "/home/chener/LIBERO/astra_eval/viz/serve.py", line 33, in do_GET
    return SimpleHTTPRequestHandler.do_GET(self)
           ~~~~~~~~~~~~~~~~~~~~~~~~~~~~~~~^^^^^^
  File "/home/chener/miniconda3/lib/python3.14/http/server.py", line 743, in do_GET
    self.copyfile(f, self.wfile)
    ~~~~~~~~~~~~~^^^^^^^^^^^^^^^
  File "/home/chener/miniconda3/lib/python3.14/http/server.py", line 946, in copyfile
    shutil.copyfileobj(source, outputfile)
    ~~~~~~~~~~~~~~~~~~^^^^^^^^^^^^^^^^^^^^
  File "/home/chener/miniconda3/lib/python3.14/shutil.py", line 257, in copyfileobj
    fdst_write(buf)
    ~~~~~~~~~~^^^^^
  File "/home/chener/miniconda3/lib/python3.14/socketserver.py", line 845, in write
    self._sock.sendall(b)
    ~~~~~~~~~~~~~~~~~~^^^
BrokenPipeError: [Errno 32] Broken pipe
----------------------------------------
22/Sep/2026 09:15:58 - "GET /ctrl/a32/0124_agentview.png HTTP/1.1" 200 -
----------------------------------------22/Sep/2026 09:15:58 - "GET /ctrl/a32/0124_wrist.png HTTP/1.1" 200 -

Exception occurred during processing of request from ('127.0.0.1', 52250)
----------------------------------------Traceback (most recent call last):
  File "/home/chener/miniconda3/lib/python3.14/socketserver.py", line 697, in process_request_thread
    self.finish_request(request, client_address)
    ~~~~~~~~~~~~~~~~~~~^^^^^^^^^^^^^^^^^^^^^^^^^
  File "/home/chener/miniconda3/lib/python3.14/socketserver.py", line 362, in finish_request
    self.RequestHandlerClass(request, client_address, self)
    ~~~~~~~~~~~~~~~~~~~~~~~~^^^^^^^^^^^^^^^^^^^^^^^^^^^^^^^

  File "/home/chener/miniconda3/lib/python3.14/http/server.py", line 736, in __init__
    super().__init__(*args, **kwargs)
    ~~~~~~~~~~~~~~~~^^^^^^^^^^^^^^^^^
Exception occurred during processing of request from ('127.0.0.1', 52260)
  File "/home/chener/miniconda3/lib/python3.14/socketserver.py", line 766, in __init__
    self.handle()
    ~~~~~~~~~~~^^
  File "/home/chener/miniconda3/lib/python3.14/http/server.py", line 500, in handle
    self.handle_one_request()
    ~~~~~~~~~~~~~~~~~~~~~~~^^
Traceback (most recent call last):
  File "/home/chener/miniconda3/lib/python3.14/socketserver.py", line 697, in process_request_thread
    self.finish_request(request, client_address)
    ~~~~~~~~~~~~~~~~~~~^^^^^^^^^^^^^^^^^^^^^^^^^
  File "/home/chener/miniconda3/lib/python3.14/http/server.py", line 488, in handle_one_request
    method()
    ~~~~~~^^
  File "/home/chener/miniconda3/lib/python3.14/socketserver.py", line 362, in finish_request
    self.RequestHandlerClass(request, client_address, self)
    ~~~~~~~~~~~~~~~~~~~~~~~~^^^^^^^^^^^^^^^^^^^^^^^^^^^^^^^
  File "/home/chener/miniconda3/lib/python3.14/http/server.py", line 736, in __init__
    super().__init__(*args, **kwargs)
    ~~~~~~~~~~~~~~~~^^^^^^^^^^^^^^^^^
  File "/home/chener/LIBERO/astra_eval/viz/serve.py", line 33, in do_GET
    return SimpleHTTPRequestHandler.do_GET(self)
           ~~~~~~~~~~~~~~~~~~~~~~~~~~~~~~~^^^^^^
  File "/home/chener/miniconda3/lib/python3.14/http/server.py", line 743, in do_GET
    self.copyfile(f, self.wfile)
    ~~~~~~~~~~~~~^^^^^^^^^^^^^^^
  File "/home/chener/miniconda3/lib/python3.14/http/server.py", line 946, in copyfile
    shutil.copyfileobj(source, outputfile)
    ~~~~~~~~~~~~~~~~~~^^^^^^^^^^^^^^^^^^^^
  File "/home/chener/miniconda3/lib/python3.14/shutil.py", line 257, in copyfileobj
    fdst_write(buf)
    ~~~~~~~~~~^^^^^
  File "/home/chener/miniconda3/lib/python3.14/socketserver.py", line 845, in write
    self._sock.sendall(b)
    ~~~~~~~~~~~~~~~~~~^^^
BrokenPipeError: [Errno 32] Broken pipe
----------------------------------------  File "/home/chener/miniconda3/lib/python3.14/socketserver.py", line 766, in __init__
    self.handle()
    ~~~~~~~~~~~^^

  File "/home/chener/miniconda3/lib/python3.14/http/server.py", line 500, in handle
    self.handle_one_request()
    ~~~~~~~~~~~~~~~~~~~~~~~^^
  File "/home/chener/miniconda3/lib/python3.14/http/server.py", line 488, in handle_one_request
    method()
    ~~~~~~^^
  File "/home/chener/LIBERO/astra_eval/viz/serve.py", line 33, in do_GET
    return SimpleHTTPRequestHandler.do_GET(self)
           ~~~~~~~~~~~~~~~~~~~~~~~~~~~~~~~^^^^^^
  File "/home/chener/miniconda3/lib/python3.14/http/server.py", line 743, in do_GET
    self.copyfile(f, self.wfile)
    ~~~~~~~~~~~~~^^^^^^^^^^^^^^^
  File "/home/chener/miniconda3/lib/python3.14/http/server.py", line 946, in copyfile
    shutil.copyfileobj(source, outputfile)
    ~~~~~~~~~~~~~~~~~~^^^^^^^^^^^^^^^^^^^^
  File "/home/chener/miniconda3/lib/python3.14/shutil.py", line 257, in copyfileobj
    fdst_write(buf)
    ~~~~~~~~~~^^^^^
  File "/home/chener/miniconda3/lib/python3.14/socketserver.py", line 845, in write
    self._sock.sendall(b)
    ~~~~~~~~~~~~~~~~~~^^^
BrokenPipeError: [Errno 32] Broken pipe
----------------------------------------
22/Sep/2026 09:15:58 - "GET /ctrl/a32/0125_agentview.png HTTP/1.1" 200 -
22/Sep/2026 09:15:58 - "GET /ctrl/a32/0129_wrist.png HTTP/1.1" 200 -
22/Sep/2026 09:15:58 - "GET /ctrl/a32/0129_agentview.png HTTP/1.1" 200 -
22/Sep/2026 09:15:58 - "GET /ctrl/a32/0131_agentview.png HTTP/1.1" 200 -
22/Sep/2026 09:15:58 - "GET /ctrl/a32/0131_wrist.png HTTP/1.1" 200 -
22/Sep/2026 09:15:58 - "GET /ctrl/a32/0132_agentview.png HTTP/1.1" 200 -
22/Sep/2026 09:15:58 - "GET /ctrl/a32/0132_wrist.png HTTP/1.1" 200 -
22/Sep/2026 09:15:59 - "GET /ctrl/a32/0138_agentview.png HTTP/1.1" 200 -
22/Sep/2026 09:15:59 - "GET /ctrl/a32/0138_wrist.png HTTP/1.1" 200 -
22/Sep/2026 09:15:59 - "GET /ctrl/a32/0139_agentview.png HTTP/1.1" 200 -
22/Sep/2026 09:15:59 - "GET /ctrl/a32/0139_wrist.png HTTP/1.1" 200 -
22/Sep/2026 09:15:59 - "GET /ctrl/a32/0142_agentview.png HTTP/1.1" 200 -
22/Sep/2026 09:15:59 - "GET /ctrl/a32/0142_wrist.png HTTP/1.1" 200 -
22/Sep/2026 09:15:59 - "GET /ctrl/a32/0145_agentview.png HTTP/1.1" 200 -
----------------------------------------22/Sep/2026 09:15:59 - "GET /ctrl/a32/0145_wrist.png HTTP/1.1" 200 -

Exception occurred during processing of request from ('127.0.0.1', 52390)
----------------------------------------Traceback (most recent call last):

  File "/home/chener/miniconda3/lib/python3.14/socketserver.py", line 697, in process_request_thread
    self.finish_request(request, client_address)
    ~~~~~~~~~~~~~~~~~~~^^^^^^^^^^^^^^^^^^^^^^^^^
  File "/home/chener/miniconda3/lib/python3.14/socketserver.py", line 362, in finish_request
    self.RequestHandlerClass(request, client_address, self)
    ~~~~~~~~~~~~~~~~~~~~~~~~^^^^^^^^^^^^^^^^^^^^^^^^^^^^^^^
  File "/home/chener/miniconda3/lib/python3.14/http/server.py", line 736, in __init__
    super().__init__(*args, **kwargs)
    ~~~~~~~~~~~~~~~~^^^^^^^^^^^^^^^^^
  File "/home/chener/miniconda3/lib/python3.14/socketserver.py", line 766, in __init__
    self.handle()
    ~~~~~~~~~~~^^
  File "/home/chener/miniconda3/lib/python3.14/http/server.py", line 500, in handle
    self.handle_one_request()
    ~~~~~~~~~~~~~~~~~~~~~~~^^
  File "/home/chener/miniconda3/lib/python3.14/http/server.py", line 488, in handle_one_request
    method()
    ~~~~~~^^
  File "/home/chener/LIBERO/astra_eval/viz/serve.py", line 33, in do_GET
    return SimpleHTTPRequestHandler.do_GET(self)
           ~~~~~~~~~~~~~~~~~~~~~~~~~~~~~~~^^^^^^
  File "/home/chener/miniconda3/lib/python3.14/http/server.py", line 743, in do_GET
    self.copyfile(f, self.wfile)
    ~~~~~~~~~~~~~^^^^^^^^^^^^^^^
  File "/home/chener/miniconda3/lib/python3.14/http/server.py", line 946, in copyfile
    shutil.copyfileobj(source, outputfile)
    ~~~~~~~~~~~~~~~~~~^^^^^^^^^^^^^^^^^^^^
  File "/home/chener/miniconda3/lib/python3.14/shutil.py", line 257, in copyfileobj
    fdst_write(buf)
    ~~~~~~~~~~^^^^^
  File "/home/chener/miniconda3/lib/python3.14/socketserver.py", line 845, in write
    self._sock.sendall(b)
    ~~~~~~~~~~~~~~~~~~^^^
BrokenPipeError: [Errno 32] Broken pipe
Exception occurred during processing of request from----------------------------------------
 ('127.0.0.1', 52396)
Traceback (most recent call last):
  File "/home/chener/miniconda3/lib/python3.14/socketserver.py", line 697, in process_request_thread
    self.finish_request(request, client_address)
    ~~~~~~~~~~~~~~~~~~~^^^^^^^^^^^^^^^^^^^^^^^^^
  File "/home/chener/miniconda3/lib/python3.14/socketserver.py", line 362, in finish_request
    self.RequestHandlerClass(request, client_address, self)
    ~~~~~~~~~~~~~~~~~~~~~~~~^^^^^^^^^^^^^^^^^^^^^^^^^^^^^^^
  File "/home/chener/miniconda3/lib/python3.14/http/server.py", line 736, in __init__
    super().__init__(*args, **kwargs)
    ~~~~~~~~~~~~~~~~^^^^^^^^^^^^^^^^^
  File "/home/chener/miniconda3/lib/python3.14/socketserver.py", line 766, in __init__
    self.handle()
    ~~~~~~~~~~~^^
  File "/home/chener/miniconda3/lib/python3.14/http/server.py", line 500, in handle
    self.handle_one_request()
    ~~~~~~~~~~~~~~~~~~~~~~~^^
  File "/home/chener/miniconda3/lib/python3.14/http/server.py", line 488, in handle_one_request
    method()
    ~~~~~~^^
  File "/home/chener/LIBERO/astra_eval/viz/serve.py", line 33, in do_GET
    return SimpleHTTPRequestHandler.do_GET(self)
           ~~~~~~~~~~~~~~~~~~~~~~~~~~~~~~~^^^^^^
  File "/home/chener/miniconda3/lib/python3.14/http/server.py", line 743, in do_GET
    self.copyfile(f, self.wfile)
    ~~~~~~~~~~~~~^^^^^^^^^^^^^^^
  File "/home/chener/miniconda3/lib/python3.14/http/server.py", line 946, in copyfile
    shutil.copyfileobj(source, outputfile)
    ~~~~~~~~~~~~~~~~~~^^^^^^^^^^^^^^^^^^^^
  File "/home/chener/miniconda3/lib/python3.14/shutil.py", line 257, in copyfileobj
    fdst_write(buf)
    ~~~~~~~~~~^^^^^
  File "/home/chener/miniconda3/lib/python3.14/socketserver.py", line 845, in write
    self._sock.sendall(b)
    ~~~~~~~~~~~~~~~~~~^^^
BrokenPipeError: [Errno 32] Broken pipe
----------------------------------------
22/Sep/2026 09:15:59 - "GET /ctrl/a32/0148_agentview.png HTTP/1.1" 200 -
22/Sep/2026 09:15:59 - "GET /ctrl/a32/0148_wrist.png HTTP/1.1" 200 -
----------------------------------------
Exception occurred during processing of request from ('127.0.0.1', 52402)
----------------------------------------Traceback (most recent call last):
  File "/home/chener/miniconda3/lib/python3.14/socketserver.py", line 697, in process_request_thread
    self.finish_request(request, client_address)
    ~~~~~~~~~~~~~~~~~~~^^^^^^^^^^^^^^^^^^^^^^^^^

  File "/home/chener/miniconda3/lib/python3.14/socketserver.py", line 362, in finish_request
    self.RequestHandlerClass(request, client_address, self)
    ~~~~~~~~~~~~~~~~~~~~~~~~^^^^^^^^^^^^^^^^^^^^^^^^^^^^^^^
Exception occurred during processing of request from ('127.0.0.1', 52412)
  File "/home/chener/miniconda3/lib/python3.14/http/server.py", line 736, in __init__
    super().__init__(*args, **kwargs)
    ~~~~~~~~~~~~~~~~^^^^^^^^^^^^^^^^^
  File "/home/chener/miniconda3/lib/python3.14/socketserver.py", line 766, in __init__
    self.handle()
    ~~~~~~~~~~~^^
  File "/home/chener/miniconda3/lib/python3.14/http/server.py", line 500, in handle
    self.handle_one_request()
    ~~~~~~~~~~~~~~~~~~~~~~~^^
Traceback (most recent call last):
  File "/home/chener/miniconda3/lib/python3.14/http/server.py", line 488, in handle_one_request
    method()
    ~~~~~~^^
  File "/home/chener/miniconda3/lib/python3.14/socketserver.py", line 697, in process_request_thread
    self.finish_request(request, client_address)
    ~~~~~~~~~~~~~~~~~~~^^^^^^^^^^^^^^^^^^^^^^^^^
  File "/home/chener/LIBERO/astra_eval/viz/serve.py", line 33, in do_GET
    return SimpleHTTPRequestHandler.do_GET(self)
           ~~~~~~~~~~~~~~~~~~~~~~~~~~~~~~~^^^^^^
  File "/home/chener/miniconda3/lib/python3.14/http/server.py", line 743, in do_GET
    self.copyfile(f, self.wfile)
    ~~~~~~~~~~~~~^^^^^^^^^^^^^^^
  File "/home/chener/miniconda3/lib/python3.14/http/server.py", line 946, in copyfile
    shutil.copyfileobj(source, outputfile)
    ~~~~~~~~~~~~~~~~~~^^^^^^^^^^^^^^^^^^^^
  File "/home/chener/miniconda3/lib/python3.14/shutil.py", line 257, in copyfileobj
    fdst_write(buf)
    ~~~~~~~~~~^^^^^
  File "/home/chener/miniconda3/lib/python3.14/socketserver.py", line 845, in write
    self._sock.sendall(b)
    ~~~~~~~~~~~~~~~~~~^^^
BrokenPipeError: [Errno 32] Broken pipe
----------------------------------------
  File "/home/chener/miniconda3/lib/python3.14/socketserver.py", line 362, in finish_request
    self.RequestHandlerClass(request, client_address, self)
    ~~~~~~~~~~~~~~~~~~~~~~~~^^^^^^^^^^^^^^^^^^^^^^^^^^^^^^^
  File "/home/chener/miniconda3/lib/python3.14/http/server.py", line 736, in __init__
    super().__init__(*args, **kwargs)
    ~~~~~~~~~~~~~~~~^^^^^^^^^^^^^^^^^
  File "/home/chener/miniconda3/lib/python3.14/socketserver.py", line 766, in __init__
    self.handle()
    ~~~~~~~~~~~^^
  File "/home/chener/miniconda3/lib/python3.14/http/server.py", line 500, in handle
    self.handle_one_request()
    ~~~~~~~~~~~~~~~~~~~~~~~^^
  File "/home/chener/miniconda3/lib/python3.14/http/server.py", line 488, in handle_one_request
    method()
    ~~~~~~^^
  File "/home/chener/LIBERO/astra_eval/viz/serve.py", line 33, in do_GET
    return SimpleHTTPRequestHandler.do_GET(self)
           ~~~~~~~~~~~~~~~~~~~~~~~~~~~~~~~^^^^^^
  File "/home/chener/miniconda3/lib/python3.14/http/server.py", line 743, in do_GET
    self.copyfile(f, self.wfile)
    ~~~~~~~~~~~~~^^^^^^^^^^^^^^^
  File "/home/chener/miniconda3/lib/python3.14/http/server.py", line 946, in copyfile
    shutil.copyfileobj(source, outputfile)
    ~~~~~~~~~~~~~~~~~~^^^^^^^^^^^^^^^^^^^^
  File "/home/chener/miniconda3/lib/python3.14/shutil.py", line 257, in copyfileobj
    fdst_write(buf)
    ~~~~~~~~~~^^^^^
  File "/home/chener/miniconda3/lib/python3.14/socketserver.py", line 845, in write
    self._sock.sendall(b)
    ~~~~~~~~~~~~~~~~~~^^^
BrokenPipeError: [Errno 32] Broken pipe
----------------------------------------
22/Sep/2026 09:15:59 - "GET /ctrl/a32/0150_agentview.png HTTP/1.1" 200 -
22/Sep/2026 09:15:59 - "GET /ctrl/a32/0151_wrist.png HTTP/1.1" 200 -
22/Sep/2026 09:15:59 - "GET /ctrl/a32/0152_agentview.png HTTP/1.1" 200 -
22/Sep/2026 09:15:59 - "GET /ctrl/a32/0152_wrist.png HTTP/1.1" 200 -
22/Sep/2026 09:15:59 - "GET /ctrl/a32/0155_agentview.png HTTP/1.1" 200 -
22/Sep/2026 09:16:00 - "GET /ctrl/a32/0155_wrist.png HTTP/1.1" 200 -
22/Sep/2026 09:16:00 - "GET /ctrl/a32/0156_agentview.png HTTP/1.1" 200 -
----------------------------------------
Exception occurred during processing of request from ('127.0.0.1', 54518)
Traceback (most recent call last):
  File "/home/chener/miniconda3/lib/python3.14/socketserver.py", line 697, in process_request_thread
    self.finish_request(request, client_address)
    ~~~~~~~~~~~~~~~~~~~^^^^^^^^^^^^^^^^^^^^^^^^^
  File "/home/chener/miniconda3/lib/python3.14/socketserver.py", line 362, in finish_request
    self.RequestHandlerClass(request, client_address, self)
    ~~~~~~~~~~~~~~~~~~~~~~~~^^^^^^^^^^^^^^^^^^^^^^^^^^^^^^^
  File "/home/chener/miniconda3/lib/python3.14/http/server.py", line 736, in __init__
    super().__init__(*args, **kwargs)
    ~~~~~~~~~~~~~~~~^^^^^^^^^^^^^^^^^
  File "/home/chener/miniconda3/lib/python3.14/socketserver.py", line 766, in __init__
    self.handle()
    ~~~~~~~~~~~^^
  File "/home/chener/miniconda3/lib/python3.14/http/server.py", line 500, in handle
    self.handle_one_request()
    ~~~~~~~~~~~~~~~~~~~~~~~^^
  File "/home/chener/miniconda3/lib/python3.14/http/server.py", line 488, in handle_one_request
    method()
    ~~~~~~^^
  File "/home/chener/LIBERO/astra_eval/viz/serve.py", line 33, in do_GET
    return SimpleHTTPRequestHandler.do_GET(self)
           ~~~~~~~~~~~~~~~~~~~~~~~~~~~~~~~^^^^^^
  File "/home/chener/miniconda3/lib/python3.14/http/server.py", line 743, in do_GET
    self.copyfile(f, self.wfile)
    ~~~~~~~~~~~~~^^^^^^^^^^^^^^^
  File "/home/chener/miniconda3/lib/python3.14/http/server.py", line 946, in copyfile
    shutil.copyfileobj(source, outputfile)
    ~~~~~~~~~~~~~~~~~~^^^^^^^^^^^^^^^^^^^^
  File "/home/chener/miniconda3/lib/python3.14/shutil.py", line 257, in copyfileobj
    fdst_write(buf)
    ~~~~~~~~~~^^^^^
  File "/home/chener/miniconda3/lib/python3.14/socketserver.py", line 845, in write
    self._sock.sendall(b)
    ~~~~~~~~~~~~~~~~~~^^^
BrokenPipeError: [Errno 32] Broken pipe
----------------------------------------
22/Sep/2026 09:16:00 - "GET /ctrl/a32/0158_agentview.png HTTP/1.1" 200 -
22/Sep/2026 09:16:00 - "GET /ctrl/a32/0160_wrist.png HTTP/1.1" 200 -
22/Sep/2026 09:16:00 - "GET /ctrl/a32/0160_agentview.png HTTP/1.1" 200 -
22/Sep/2026 09:16:00 - "GET /ctrl/a32/0161_agentview.png HTTP/1.1" 200 -
22/Sep/2026 09:16:00 - "GET /ctrl/a32/0161_wrist.png HTTP/1.1" 200 -
22/Sep/2026 09:16:00 - "GET /ctrl/a32/0163_agentview.png HTTP/1.1" 200 -
22/Sep/2026 09:16:00 - "GET /ctrl/a32/0166_agentview.png HTTP/1.1" 200 -
22/Sep/2026 09:16:00 - "GET /ctrl/a32/0166_wrist.png HTTP/1.1" 200 -
----------------------------------------
----------------------------------------
Exception occurred during processing of request from ('127.0.0.1', 54568)
Exception occurred during processing of request from Traceback (most recent call last):
('127.0.0.1', 54582)  File "/home/chener/miniconda3/lib/python3.14/socketserver.py", line 697, in process_request_thread
    self.finish_request(request, client_address)
    ~~~~~~~~~~~~~~~~~~~^^^^^^^^^^^^^^^^^^^^^^^^^
  File "/home/chener/miniconda3/lib/python3.14/socketserver.py", line 362, in finish_request
    self.RequestHandlerClass(request, client_address, self)
    ~~~~~~~~~~~~~~~~~~~~~~~~^^^^^^^^^^^^^^^^^^^^^^^^^^^^^^^
  File "/home/chener/miniconda3/lib/python3.14/http/server.py", line 736, in __init__
    super().__init__(*args, **kwargs)
    ~~~~~~~~~~~~~~~~^^^^^^^^^^^^^^^^^
  File "/home/chener/miniconda3/lib/python3.14/socketserver.py", line 766, in __init__
    self.handle()
    ~~~~~~~~~~~^^
  File "/home/chener/miniconda3/lib/python3.14/http/server.py", line 500, in handle
    self.handle_one_request()
    ~~~~~~~~~~~~~~~~~~~~~~~^^

  File "/home/chener/miniconda3/lib/python3.14/http/server.py", line 488, in handle_one_request
    method()
    ~~~~~~^^
  File "/home/chener/LIBERO/astra_eval/viz/serve.py", line 33, in do_GET
    return SimpleHTTPRequestHandler.do_GET(self)
           ~~~~~~~~~~~~~~~~~~~~~~~~~~~~~~~^^^^^^
  File "/home/chener/miniconda3/lib/python3.14/http/server.py", line 743, in do_GET
    self.copyfile(f, self.wfile)
    ~~~~~~~~~~~~~^^^^^^^^^^^^^^^
  File "/home/chener/miniconda3/lib/python3.14/http/server.py", line 946, in copyfile
    shutil.copyfileobj(source, outputfile)
    ~~~~~~~~~~~~~~~~~~^^^^^^^^^^^^^^^^^^^^
Traceback (most recent call last):
  File "/home/chener/miniconda3/lib/python3.14/shutil.py", line 257, in copyfileobj
    fdst_write(buf)
    ~~~~~~~~~~^^^^^
  File "/home/chener/miniconda3/lib/python3.14/socketserver.py", line 697, in process_request_thread
    self.finish_request(request, client_address)
    ~~~~~~~~~~~~~~~~~~~^^^^^^^^^^^^^^^^^^^^^^^^^
  File "/home/chener/miniconda3/lib/python3.14/socketserver.py", line 362, in finish_request
    self.RequestHandlerClass(request, client_address, self)
    ~~~~~~~~~~~~~~~~~~~~~~~~^^^^^^^^^^^^^^^^^^^^^^^^^^^^^^^
  File "/home/chener/miniconda3/lib/python3.14/socketserver.py", line 845, in write
    self._sock.sendall(b)
    ~~~~~~~~~~~~~~~~~~^^^
BrokenPipeError: [Errno 32] Broken pipe
----------------------------------------
  File "/home/chener/miniconda3/lib/python3.14/http/server.py", line 736, in __init__
    super().__init__(*args, **kwargs)
    ~~~~~~~~~~~~~~~~^^^^^^^^^^^^^^^^^
  File "/home/chener/miniconda3/lib/python3.14/socketserver.py", line 766, in __init__
    self.handle()
    ~~~~~~~~~~~^^
  File "/home/chener/miniconda3/lib/python3.14/http/server.py", line 500, in handle
    self.handle_one_request()
    ~~~~~~~~~~~~~~~~~~~~~~~^^
  File "/home/chener/miniconda3/lib/python3.14/http/server.py", line 488, in handle_one_request
    method()
    ~~~~~~^^
  File "/home/chener/LIBERO/astra_eval/viz/serve.py", line 33, in do_GET
    return SimpleHTTPRequestHandler.do_GET(self)
           ~~~~~~~~~~~~~~~~~~~~~~~~~~~~~~~^^^^^^
  File "/home/chener/miniconda3/lib/python3.14/http/server.py", line 743, in do_GET
    self.copyfile(f, self.wfile)
    ~~~~~~~~~~~~~^^^^^^^^^^^^^^^
  File "/home/chener/miniconda3/lib/python3.14/http/server.py", line 946, in copyfile
    shutil.copyfileobj(source, outputfile)
    ~~~~~~~~~~~~~~~~~~^^^^^^^^^^^^^^^^^^^^
  File "/home/chener/miniconda3/lib/python3.14/shutil.py", line 257, in copyfileobj
    fdst_write(buf)
    ~~~~~~~~~~^^^^^
  File "/home/chener/miniconda3/lib/python3.14/socketserver.py", line 845, in write
    self._sock.sendall(b)
    ~~~~~~~~~~~~~~~~~~^^^
BrokenPipeError: [Errno 32] Broken pipe
----------------------------------------
22/Sep/2026 09:16:00 - "GET /ctrl/a32/0169_agentview.png HTTP/1.1" 200 -
22/Sep/2026 09:16:00 - "GET /ctrl/a32/0169_wrist.png HTTP/1.1" 200 -
22/Sep/2026 09:16:00 - "GET /ctrl/a32/0171_agentview.png HTTP/1.1" 200 -
22/Sep/2026 09:16:00 - "GET /ctrl/a32/0171_wrist.png HTTP/1.1" 200 -
22/Sep/2026 09:16:00 - "GET /ctrl/a32/0172_agentview.png HTTP/1.1" 200 -
22/Sep/2026 09:16:00 - "GET /ctrl/a32/0172_wrist.png HTTP/1.1" 200 -
22/Sep/2026 09:16:01 - "GET /ctrl/a32/0175_agentview.png HTTP/1.1" 200 -
22/Sep/2026 09:16:01 - "GET /ctrl/a32/0177_agentview.png HTTP/1.1" 200 -
22/Sep/2026 09:16:01 - "GET /ctrl/a32/0177_wrist.png HTTP/1.1" 200 -
----------------------------------------
Exception occurred during processing of request from ('127.0.0.1', 54670)
Traceback (most recent call last):
  File "/home/chener/miniconda3/lib/python3.14/socketserver.py", line 697, in process_request_thread
    self.finish_request(request, client_address)
    ~~~~~~~~~~~~~~~~~~~^^^^^^^^^^^^^^^^^^^^^^^^^
  File "/home/chener/miniconda3/lib/python3.14/socketserver.py", line 362, in finish_request
    self.RequestHandlerClass(request, client_address, self)
    ~~~~~~~~~~~~~~~~~~~~~~~~^^^^^^^^^^^^^^^^^^^^^^^^^^^^^^^
  File "/home/chener/miniconda3/lib/python3.14/http/server.py", line 736, in __init__
    super().__init__(*args, **kwargs)
    ~~~~~~~~~~~~~~~~^^^^^^^^^^^^^^^^^
  File "/home/chener/miniconda3/lib/python3.14/socketserver.py", line 766, in __init__
    self.handle()
    ~~~~~~~~~~~^^
  File "/home/chener/miniconda3/lib/python3.14/http/server.py", line 500, in handle
    self.handle_one_request()
    ~~~~~~~~~~~~~~~~~~~~~~~^^
  File "/home/chener/miniconda3/lib/python3.14/http/server.py", line 488, in handle_one_request
    method()
    ~~~~~~^^
  File "/home/chener/LIBERO/astra_eval/viz/serve.py", line 33, in do_GET
    return SimpleHTTPRequestHandler.do_GET(self)
           ~~~~~~~~~~~~~~~~~~~~~~~~~~~~~~~^^^^^^
  File "/home/chener/miniconda3/lib/python3.14/http/server.py", line 743, in do_GET
    self.copyfile(f, self.wfile)
    ~~~~~~~~~~~~~^^^^^^^^^^^^^^^
  File "/home/chener/miniconda3/lib/python3.14/http/server.py", line 946, in copyfile
    shutil.copyfileobj(source, outputfile)
    ~~~~~~~~~~~~~~~~~~^^^^^^^^^^^^^^^^^^^^
  File "/home/chener/miniconda3/lib/python3.14/shutil.py", line 257, in copyfileobj
    fdst_write(buf)
    ~~~~~~~~~~^^^^^
  File "/home/chener/miniconda3/lib/python3.14/socketserver.py", line 845, in write
    self._sock.sendall(b)
    ~~~~~~~~~~~~~~~~~~^^^
BrokenPipeError: [Errno 32] Broken pipe
----------------------------------------
22/Sep/2026 09:16:01 - "GET /ctrl/a32/0180_wrist.png HTTP/1.1" 200 -
22/Sep/2026 09:16:01 - "GET /ctrl/a32/0180_agentview.png HTTP/1.1" 200 -
22/Sep/2026 09:16:01 - "GET /ctrl/a32/0181_agentview.png HTTP/1.1" 200 -
22/Sep/2026 09:16:01 - "GET /ctrl/a32/0182_agentview.png HTTP/1.1" 200 -
22/Sep/2026 09:16:01 - "GET /ctrl/a32/0187_agentview.png HTTP/1.1" 200 -
22/Sep/2026 09:16:01 - "GET /ctrl/a32/0187_wrist.png HTTP/1.1" 200 -
22/Sep/2026 09:16:01 - "GET /ctrl/a32/0188_agentview.png HTTP/1.1" 200 -
----------------------------------------
Exception occurred during processing of request from ('127.0.0.1', 54722)
Traceback (most recent call last):
  File "/home/chener/miniconda3/lib/python3.14/socketserver.py", line 697, in process_request_thread
    self.finish_request(request, client_address)
    ~~~~~~~~~~~~~~~~~~~^^^^^^^^^^^^^^^^^^^^^^^^^
  File "/home/chener/miniconda3/lib/python3.14/socketserver.py", line 362, in finish_request
    self.RequestHandlerClass(request, client_address, self)
    ~~~~~~~~~~~~~~~~~~~~~~~~^^^^^^^^^^^^^^^^^^^^^^^^^^^^^^^
  File "/home/chener/miniconda3/lib/python3.14/http/server.py", line 736, in __init__
    super().__init__(*args, **kwargs)
    ~~~~~~~~~~~~~~~~^^^^^^^^^^^^^^^^^
  File "/home/chener/miniconda3/lib/python3.14/socketserver.py", line 766, in __init__
    self.handle()
    ~~~~~~~~~~~^^
  File "/home/chener/miniconda3/lib/python3.14/http/server.py", line 500, in handle
    self.handle_one_request()
    ~~~~~~~~~~~~~~~~~~~~~~~^^
  File "/home/chener/miniconda3/lib/python3.14/http/server.py", line 488, in handle_one_request
    method()
    ~~~~~~^^
  File "/home/chener/LIBERO/astra_eval/viz/serve.py", line 33, in do_GET
    return SimpleHTTPRequestHandler.do_GET(self)
           ~~~~~~~~~~~~~~~~~~~~~~~~~~~~~~~^^^^^^
  File "/home/chener/miniconda3/lib/python3.14/http/server.py", line 743, in do_GET
    self.copyfile(f, self.wfile)
    ~~~~~~~~~~~~~^^^^^^^^^^^^^^^
  File "/home/chener/miniconda3/lib/python3.14/http/server.py", line 946, in copyfile
    shutil.copyfileobj(source, outputfile)
    ~~~~~~~~~~~~~~~~~~^^^^^^^^^^^^^^^^^^^^
  File "/home/chener/miniconda3/lib/python3.14/shutil.py", line 257, in copyfileobj
    fdst_write(buf)
    ~~~~~~~~~~^^^^^
  File "/home/chener/miniconda3/lib/python3.14/socketserver.py", line 845, in write
    self._sock.sendall(b)
    ~~~~~~~~~~~~~~~~~~^^^
BrokenPipeError: [Errno 32] Broken pipe
----------------------------------------
22/Sep/2026 09:16:01 - "GET /ctrl/a32/0189_agentview.png HTTP/1.1" 200 -
22/Sep/2026 09:16:01 - "GET /ctrl/a32/0189_wrist.png HTTP/1.1" 200 -
22/Sep/2026 09:16:01 - "GET /ctrl/a32/0190_agentview.png HTTP/1.1" 200 -
22/Sep/2026 09:16:01 - "GET /ctrl/a32/0193_agentview.png HTTP/1.1" 200 -
22/Sep/2026 09:16:01 - "GET /ctrl/a32/0194_wrist.png HTTP/1.1" 200 -
22/Sep/2026 09:16:01 - "GET /ctrl/a32/0195_agentview.png HTTP/1.1" 200 -
----------------------------------------
Exception occurred during processing of request from ('127.0.0.1', 54768)
Traceback (most recent call last):
  File "/home/chener/miniconda3/lib/python3.14/socketserver.py", line 697, in process_request_thread
    self.finish_request(request, client_address)
    ~~~~~~~~~~~~~~~~~~~^^^^^^^^^^^^^^^^^^^^^^^^^
  File "/home/chener/miniconda3/lib/python3.14/socketserver.py", line 362, in finish_request
    self.RequestHandlerClass(request, client_address, self)
    ~~~~~~~~~~~~~~~~~~~~~~~~^^^^^^^^^^^^^^^^^^^^^^^^^^^^^^^
  File "/home/chener/miniconda3/lib/python3.14/http/server.py", line 736, in __init__
    super().__init__(*args, **kwargs)
    ~~~~~~~~~~~~~~~~^^^^^^^^^^^^^^^^^
  File "/home/chener/miniconda3/lib/python3.14/socketserver.py", line 766, in __init__
    self.handle()
    ~~~~~~~~~~~^^
  File "/home/chener/miniconda3/lib/python3.14/http/server.py", line 500, in handle
    self.handle_one_request()
    ~~~~~~~~~~~~~~~~~~~~~~~^^
  File "/home/chener/miniconda3/lib/python3.14/http/server.py", line 488, in handle_one_request
    method()
    ~~~~~~^^
  File "/home/chener/LIBERO/astra_eval/viz/serve.py", line 33, in do_GET
    return SimpleHTTPRequestHandler.do_GET(self)
           ~~~~~~~~~~~~~~~~~~~~~~~~~~~~~~~^^^^^^
  File "/home/chener/miniconda3/lib/python3.14/http/server.py", line 743, in do_GET
    self.copyfile(f, self.wfile)
    ~~~~~~~~~~~~~^^^^^^^^^^^^^^^
  File "/home/chener/miniconda3/lib/python3.14/http/server.py", line 946, in copyfile
    shutil.copyfileobj(source, outputfile)
    ~~~~~~~~~~~~~~~~~~^^^^^^^^^^^^^^^^^^^^
  File "/home/chener/miniconda3/lib/python3.14/shutil.py", line 257, in copyfileobj
    fdst_write(buf)
    ~~~~~~~~~~^^^^^
  File "/home/chener/miniconda3/lib/python3.14/socketserver.py", line 845, in write
    self._sock.sendall(b)
    ~~~~~~~~~~~~~~~~~~^^^
BrokenPipeError: [Errno 32] Broken pipe
----------------------------------------
22/Sep/2026 09:16:02 - "GET /ctrl/a32/0195_wrist.png HTTP/1.1" 200 -
22/Sep/2026 09:16:02 - "GET /ctrl/a32/0196_agentview.png HTTP/1.1" 200 -
22/Sep/2026 09:16:02 - "GET /ctrl/a32/0196_wrist.png HTTP/1.1" 200 -
----------------------------------------
Exception occurred during processing of request from ('127.0.0.1', 54800)
Traceback (most recent call last):
  File "/home/chener/miniconda3/lib/python3.14/socketserver.py", line 697, in process_request_thread
    self.finish_request(request, client_address)
    ~~~~~~~~~~~~~~~~~~~^^^^^^^^^^^^^^^^^^^^^^^^^
  File "/home/chener/miniconda3/lib/python3.14/socketserver.py", line 362, in finish_request
    self.RequestHandlerClass(request, client_address, self)
    ~~~~~~~~~~~~~~~~~~~~~~~~^^^^^^^^^^^^^^^^^^^^^^^^^^^^^^^
  File "/home/chener/miniconda3/lib/python3.14/http/server.py", line 736, in __init__
    super().__init__(*args, **kwargs)
    ~~~~~~~~~~~~~~~~^^^^^^^^^^^^^^^^^
  File "/home/chener/miniconda3/lib/python3.14/socketserver.py", line 766, in __init__
    self.handle()
    ~~~~~~~~~~~^^
  File "/home/chener/miniconda3/lib/python3.14/http/server.py", line 500, in handle
    self.handle_one_request()
    ~~~~~~~~~~~~~~~~~~~~~~~^^
  File "/home/chener/miniconda3/lib/python3.14/http/server.py", line 488, in handle_one_request
    method()
    ~~~~~~^^
  File "/home/chener/LIBERO/astra_eval/viz/serve.py", line 33, in do_GET
    return SimpleHTTPRequestHandler.do_GET(self)
           ~~~~~~~~~~~~~~~~~~~~~~~~~~~~~~~^^^^^^
  File "/home/chener/miniconda3/lib/python3.14/http/server.py", line 743, in do_GET
    self.copyfile(f, self.wfile)
    ~~~~~~~~~~~~~^^^^^^^^^^^^^^^
  File "/home/chener/miniconda3/lib/python3.14/http/server.py", line 946, in copyfile
    shutil.copyfileobj(source, outputfile)
    ~~~~~~~~~~~~~~~~~~^^^^^^^^^^^^^^^^^^^^
  File "/home/chener/miniconda3/lib/python3.14/shutil.py", line 257, in copyfileobj
    fdst_write(buf)
    ~~~~~~~~~~^^^^^
  File "/home/chener/miniconda3/lib/python3.14/socketserver.py", line 845, in write
    self._sock.sendall(b)
    ~~~~~~~~~~~~~~~~~~^^^
BrokenPipeError: [Errno 32] Broken pipe
----------------------------------------
22/Sep/2026 09:16:02 - "GET /ctrl/a32/0200_agentview.png HTTP/1.1" 200 -
----------------------------------------
Exception occurred during processing of request from ('127.0.0.1', 54806)
Traceback (most recent call last):
  File "/home/chener/miniconda3/lib/python3.14/socketserver.py", line 697, in process_request_thread
    self.finish_request(request, client_address)
    ~~~~~~~~~~~~~~~~~~~^^^^^^^^^^^^^^^^^^^^^^^^^
  File "/home/chener/miniconda3/lib/python3.14/socketserver.py", line 362, in finish_request
    self.RequestHandlerClass(request, client_address, self)
    ~~~~~~~~~~~~~~~~~~~~~~~~^^^^^^^^^^^^^^^^^^^^^^^^^^^^^^^
  File "/home/chener/miniconda3/lib/python3.14/http/server.py", line 736, in __init__
    super().__init__(*args, **kwargs)
    ~~~~~~~~~~~~~~~~^^^^^^^^^^^^^^^^^
  File "/home/chener/miniconda3/lib/python3.14/socketserver.py", line 766, in __init__
    self.handle()
    ~~~~~~~~~~~^^
  File "/home/chener/miniconda3/lib/python3.14/http/server.py", line 500, in handle
    self.handle_one_request()
    ~~~~~~~~~~~~~~~~~~~~~~~^^
  File "/home/chener/miniconda3/lib/python3.14/http/server.py", line 488, in handle_one_request
    method()
    ~~~~~~^^
  File "/home/chener/LIBERO/astra_eval/viz/serve.py", line 33, in do_GET
    return SimpleHTTPRequestHandler.do_GET(self)
           ~~~~~~~~~~~~~~~~~~~~~~~~~~~~~~~^^^^^^
  File "/home/chener/miniconda3/lib/python3.14/http/server.py", line 743, in do_GET
    self.copyfile(f, self.wfile)
    ~~~~~~~~~~~~~^^^^^^^^^^^^^^^
  File "/home/chener/miniconda3/lib/python3.14/http/server.py", line 946, in copyfile
    shutil.copyfileobj(source, outputfile)
    ~~~~~~~~~~~~~~~~~~^^^^^^^^^^^^^^^^^^^^
  File "/home/chener/miniconda3/lib/python3.14/shutil.py", line 257, in copyfileobj
    fdst_write(buf)
    ~~~~~~~~~~^^^^^
  File "/home/chener/miniconda3/lib/python3.14/socketserver.py", line 845, in write
    self._sock.sendall(b)
    ~~~~~~~~~~~~~~~~~~^^^
BrokenPipeError: [Errno 32] Broken pipe
----------------------------------------
22/Sep/2026 09:16:02 - "GET /ctrl/a32/0201_agentview.png HTTP/1.1" 200 -
22/Sep/2026 09:16:02 - "GET /ctrl/a32/0202_agentview.png HTTP/1.1" 200 -
22/Sep/2026 09:16:02 - "GET /ctrl/a32/0202_wrist.png HTTP/1.1" 200 -
22/Sep/2026 09:16:02 - "GET /ctrl/a32/0204_agentview.png HTTP/1.1" 200 -
22/Sep/2026 09:16:02 - "GET /ctrl/a32/0204_wrist.png HTTP/1.1" 200 -
22/Sep/2026 09:16:02 - "GET /ctrl/a32/0209_agentview.png HTTP/1.1" 200 -
22/Sep/2026 09:16:02 - "GET /ctrl/a32/0211_agentview.png HTTP/1.1" 200 -
22/Sep/2026 09:16:02 - "GET /ctrl/a32/0211_wrist.png HTTP/1.1" 200 -
22/Sep/2026 09:16:02 - "GET /ctrl/a32/0212_agentview.png HTTP/1.1" 200 -
22/Sep/2026 09:16:02 - "GET /ctrl/a32/0212_wrist.png HTTP/1.1" 200 -
22/Sep/2026 09:16:02 - "GET /ctrl/a32/0215_agentview.png HTTP/1.1" 200 -
22/Sep/2026 09:16:03 - "GET /ctrl/a32/0218_agentview.png HTTP/1.1" 200 -
22/Sep/2026 09:16:03 - "GET /ctrl/a32/0218_wrist.png HTTP/1.1" 200 -
22/Sep/2026 09:16:03 - "GET /ctrl/a32/0219_agentview.png HTTP/1.1" 200 -
----------------------------------------
Exception occurred during processing of request from ('127.0.0.1', 54936)
Traceback (most recent call last):
  File "/home/chener/miniconda3/lib/python3.14/socketserver.py", line 697, in process_request_thread
    self.finish_request(request, client_address)
    ~~~~~~~~~~~~~~~~~~~^^^^^^^^^^^^^^^^^^^^^^^^^
  File "/home/chener/miniconda3/lib/python3.14/socketserver.py", line 362, in finish_request
    self.RequestHandlerClass(request, client_address, self)
    ~~~~~~~~~~~~~~~~~~~~~~~~^^^^^^^^^^^^^^^^^^^^^^^^^^^^^^^
  File "/home/chener/miniconda3/lib/python3.14/http/server.py", line 736, in __init__
    super().__init__(*args, **kwargs)
    ~~~~~~~~~~~~~~~~^^^^^^^^^^^^^^^^^
  File "/home/chener/miniconda3/lib/python3.14/socketserver.py", line 766, in __init__
    self.handle()
    ~~~~~~~~~~~^^
  File "/home/chener/miniconda3/lib/python3.14/http/server.py", line 500, in handle
    self.handle_one_request()
    ~~~~~~~~~~~~~~~~~~~~~~~^^
22/Sep/2026 09:16:03 - "GET /ctrl/a32/0219_wrist.png HTTP/1.1" 200 -
  File "/home/chener/miniconda3/lib/python3.14/http/server.py", line 488, in handle_one_request
    method()
    ~~~~~~^^
  File "/home/chener/LIBERO/astra_eval/viz/serve.py", line 33, in do_GET
    return SimpleHTTPRequestHandler.do_GET(self)
           ~~~~~~~~~~~~~~~~~~~~~~~~~~~~~~~^^^^^^
  File "/home/chener/miniconda3/lib/python3.14/http/server.py", line 743, in do_GET
    self.copyfile(f, self.wfile)
    ~~~~~~~~~~~~~^^^^^^^^^^^^^^^
  File "/home/chener/miniconda3/lib/python3.14/http/server.py", line 946, in copyfile
    shutil.copyfileobj(source, outputfile)
    ~~~~~~~~~~~~~~~~~~^^^^^^^^^^^^^^^^^^^^
  File "/home/chener/miniconda3/lib/python3.14/shutil.py", line 257, in copyfileobj
    fdst_write(buf)
    ~~~~~~~~~~^^^^^
  File "/home/chener/miniconda3/lib/python3.14/socketserver.py", line 845, in write
    self._sock.sendall(b)
    ~~~~~~~~~~~~~~~~~~^^^
BrokenPipeError: [Errno 32] Broken pipe
----------------------------------------
----------------------------------------
Exception occurred during processing of request from ('127.0.0.1', 54944)
Traceback (most recent call last):
  File "/home/chener/miniconda3/lib/python3.14/socketserver.py", line 697, in process_request_thread
    self.finish_request(request, client_address)
    ~~~~~~~~~~~~~~~~~~~^^^^^^^^^^^^^^^^^^^^^^^^^
  File "/home/chener/miniconda3/lib/python3.14/socketserver.py", line 362, in finish_request
    self.RequestHandlerClass(request, client_address, self)
    ~~~~~~~~~~~~~~~~~~~~~~~~^^^^^^^^^^^^^^^^^^^^^^^^^^^^^^^
  File "/home/chener/miniconda3/lib/python3.14/http/server.py", line 736, in __init__
    super().__init__(*args, **kwargs)
    ~~~~~~~~~~~~~~~~^^^^^^^^^^^^^^^^^
  File "/home/chener/miniconda3/lib/python3.14/socketserver.py", line 766, in __init__
    self.handle()
    ~~~~~~~~~~~^^
  File "/home/chener/miniconda3/lib/python3.14/http/server.py", line 500, in handle
    self.handle_one_request()
    ~~~~~~~~~~~~~~~~~~~~~~~^^
  File "/home/chener/miniconda3/lib/python3.14/http/server.py", line 488, in handle_one_request
    method()
    ~~~~~~^^
  File "/home/chener/LIBERO/astra_eval/viz/serve.py", line 33, in do_GET
    return SimpleHTTPRequestHandler.do_GET(self)
           ~~~~~~~~~~~~~~~~~~~~~~~~~~~~~~~^^^^^^
  File "/home/chener/miniconda3/lib/python3.14/http/server.py", line 743, in do_GET
    self.copyfile(f, self.wfile)
    ~~~~~~~~~~~~~^^^^^^^^^^^^^^^
  File "/home/chener/miniconda3/lib/python3.14/http/server.py", line 946, in copyfile
    shutil.copyfileobj(source, outputfile)
    ~~~~~~~~~~~~~~~~~~^^^^^^^^^^^^^^^^^^^^
  File "/home/chener/miniconda3/lib/python3.14/shutil.py", line 257, in copyfileobj
    fdst_write(buf)
    ~~~~~~~~~~^^^^^
  File "/home/chener/miniconda3/lib/python3.14/socketserver.py", line 845, in write
    self._sock.sendall(b)
    ~~~~~~~~~~~~~~~~~~^^^
BrokenPipeError: [Errno 32] Broken pipe
----------------------------------------
22/Sep/2026 09:16:03 - "GET /ctrl/a32/0221_agentview.png HTTP/1.1" 200 -
22/Sep/2026 09:16:03 - "GET /ctrl/a32/0224_agentview.png HTTP/1.1" 200 -
22/Sep/2026 09:16:03 - "GET /ctrl/a32/0224_wrist.png HTTP/1.1" 200 -
22/Sep/2026 09:16:03 - "GET /ctrl/a32/0225_agentview.png HTTP/1.1" 200 -
22/Sep/2026 09:16:03 - "GET /ctrl/a32/0226_agentview.png HTTP/1.1" 200 -
22/Sep/2026 09:16:03 - "GET /ctrl/a32/0230_agentview.png HTTP/1.1" 200 -
22/Sep/2026 09:16:03 - "GET /ctrl/a32/0231_wrist.png HTTP/1.1" 200 -
22/Sep/2026 09:16:03 - "GET /ctrl/a32/0232_agentview.png HTTP/1.1" 200 -
22/Sep/2026 09:16:03 - "GET /ctrl/a32/0232_wrist.png HTTP/1.1" 200 -
22/Sep/2026 09:16:03 - "GET /ctrl/a32/0233_agentview.png HTTP/1.1" 200 -
22/Sep/2026 09:16:03 - "GET /ctrl/a32/0233_wrist.png HTTP/1.1" 200 -
22/Sep/2026 09:16:04 - "GET /ctrl/a32/0238_agentview.png HTTP/1.1" 200 -
22/Sep/2026 09:16:04 - "GET /ctrl/a32/0238_wrist.png HTTP/1.1" 200 -
22/Sep/2026 09:17:37 - "GET /frames/a30/0189_agentview.png HTTP/1.1" 200 -
22/Sep/2026 09:17:37 - "GET /frames/a30/0221_agentview.png HTTP/1.1" 200 -
22/Sep/2026 09:17:37 - "GET /frames/a30/0005_agentview.png HTTP/1.1" 200 -
22/Sep/2026 09:17:37 - "GET /ctrl/a30/0001_wrist.png HTTP/1.1" 200 -
22/Sep/2026 09:17:37 - "GET /ctrl/a30/0001_agentview.png HTTP/1.1" 200 -
22/Sep/2026 09:17:37 - "GET /frames/a29/0005_agentview.png HTTP/1.1" 200 -
22/Sep/2026 09:17:38 - "GET /frames/a29/0126_agentview.png HTTP/1.1" 200 -
22/Sep/2026 09:17:38 - "GET /frames/a29/0114_agentview.png HTTP/1.1" 200 -
22/Sep/2026 09:17:38 - "GET /frames/a29/0138_agentview.png HTTP/1.1" 200 -
22/Sep/2026 09:17:38 - "GET /frames/a29/0145_agentview.png HTTP/1.1" 200 -
22/Sep/2026 09:17:38 - "GET /ctrl/a29/0001_agentview.png HTTP/1.1" 200 -
22/Sep/2026 09:17:38 - "GET /ctrl/a29/0001_wrist.png HTTP/1.1" 200 -
22/Sep/2026 09:17:39 - "GET /frames/a24/0005_agentview.png HTTP/1.1" 304 -
22/Sep/2026 09:17:39 - "GET /frames/a24/0156_agentview.png HTTP/1.1" 304 -
22/Sep/2026 09:17:39 - "GET /frames/a24/0168_agentview.png HTTP/1.1" 304 -
22/Sep/2026 09:17:39 - "GET /frames/a24/0180_agentview.png HTTP/1.1" 304 -
22/Sep/2026 09:17:39 - "GET /ctrl/a24/0001_agentview.png HTTP/1.1" 304 -
22/Sep/2026 09:17:39 - "GET /frames/a24/0186_agentview.png HTTP/1.1" 304 -
22/Sep/2026 09:17:39 - "GET /frames/a25/0005_agentview.png HTTP/1.1" 304 -
22/Sep/2026 09:17:39 - "GET /frames/a25/0174_agentview.png HTTP/1.1" 304 -
22/Sep/2026 09:17:39 - "GET /frames/a25/0162_agentview.png HTTP/1.1" 304 -
22/Sep/2026 09:17:39 - "GET /frames/a25/0110_agentview.png HTTP/1.1" 304 -
22/Sep/2026 09:17:39 - "GET /frames/a25/0212_agentview.png HTTP/1.1" 304 -
22/Sep/2026 09:17:39 - "GET /frames/a25/0224_agentview.png HTTP/1.1" 304 -
22/Sep/2026 09:17:39 - "GET /ctrl/a25/0001_agentview.png HTTP/1.1" 304 -
22/Sep/2026 09:17:39 - "GET /ctrl/a25/0001_wrist.png HTTP/1.1" 304 -
22/Sep/2026 09:17:56 - "GET /ctrl/a25/0002_agentview.png HTTP/1.1" 200 -
22/Sep/2026 09:17:56 - "GET /ctrl/a25/0007_agentview.png HTTP/1.1" 200 -
22/Sep/2026 09:17:56 - "GET /ctrl/a25/0008_agentview.png HTTP/1.1" 200 -
22/Sep/2026 09:17:56 - "GET /ctrl/a25/0008_wrist.png HTTP/1.1" 200 -
22/Sep/2026 09:17:56 - "GET /ctrl/a25/0009_agentview.png HTTP/1.1" 200 -
22/Sep/2026 09:17:56 - "GET /ctrl/a25/0009_wrist.png HTTP/1.1" 200 -
22/Sep/2026 09:17:56 - "GET /ctrl/a25/0011_agentview.png HTTP/1.1" 200 -
22/Sep/2026 09:17:56 - "GET /ctrl/a25/0015_agentview.png HTTP/1.1" 200 -
22/Sep/2026 09:17:56 - "GET /ctrl/a25/0016_agentview.png HTTP/1.1" 200 -
22/Sep/2026 09:17:56 - "GET /ctrl/a25/0016_wrist.png HTTP/1.1" 200 -
22/Sep/2026 09:17:56 - "GET /ctrl/a25/0017_agentview.png HTTP/1.1" 200 -
22/Sep/2026 09:17:56 - "GET /ctrl/a25/0017_wrist.png HTTP/1.1" 200 -
22/Sep/2026 09:17:57 - "GET /ctrl/a25/0018_agentview.png HTTP/1.1" 200 -
22/Sep/2026 09:17:57 - "GET /ctrl/a25/0022_agentview.png HTTP/1.1" 200 -
22/Sep/2026 09:17:57 - "GET /ctrl/a25/0023_agentview.png HTTP/1.1" 200 -
22/Sep/2026 09:17:57 - "GET /ctrl/a25/0023_wrist.png HTTP/1.1" 200 -
22/Sep/2026 09:17:57 - "GET /ctrl/a25/0024_agentview.png HTTP/1.1" 200 -
22/Sep/2026 09:17:57 - "GET /ctrl/a25/0024_wrist.png HTTP/1.1" 200 -
22/Sep/2026 09:17:57 - "GET /ctrl/a25/0025_agentview.png HTTP/1.1" 200 -
22/Sep/2026 09:17:57 - "GET /ctrl/a25/0028_agentview.png HTTP/1.1" 200 -
22/Sep/2026 09:17:57 - "GET /ctrl/a25/0030_agentview.png HTTP/1.1" 200 -
22/Sep/2026 09:17:57 - "GET /ctrl/a25/0031_agentview.png HTTP/1.1" 200 -
22/Sep/2026 09:17:57 - "GET /ctrl/a25/0031_wrist.png HTTP/1.1" 200 -
22/Sep/2026 09:17:57 - "GET /ctrl/a25/0033_agentview.png HTTP/1.1" 200 -
22/Sep/2026 09:17:57 - "GET /ctrl/a25/0033_wrist.png HTTP/1.1" 200 -
22/Sep/2026 09:17:57 - "GET /ctrl/a25/0034_agentview.png HTTP/1.1" 200 -
22/Sep/2026 09:17:58 - "GET /ctrl/a25/0037_agentview.png HTTP/1.1" 200 -
----------------------------------------
Exception occurred during processing of request from ('127.0.0.1', 35428)
Traceback (most recent call last):
  File "/home/chener/miniconda3/lib/python3.14/socketserver.py", line 697, in process_request_thread
    self.finish_request(request, client_address)
    ~~~~~~~~~~~~~~~~~~~^^^^^^^^^^^^^^^^^^^^^^^^^
  File "/home/chener/miniconda3/lib/python3.14/socketserver.py", line 362, in finish_request
    self.RequestHandlerClass(request, client_address, self)
    ~~~~~~~~~~~~~~~~~~~~~~~~^^^^^^^^^^^^^^^^^^^^^^^^^^^^^^^
  File "/home/chener/miniconda3/lib/python3.14/http/server.py", line 736, in __init__
    super().__init__(*args, **kwargs)
    ~~~~~~~~~~~~~~~~^^^^^^^^^^^^^^^^^
  File "/home/chener/miniconda3/lib/python3.14/socketserver.py", line 766, in __init__
    self.handle()
    ~~~~~~~~~~~^^
  File "/home/chener/miniconda3/lib/python3.14/http/server.py", line 500, in handle
    self.handle_one_request()
    ~~~~~~~~~~~~~~~~~~~~~~~^^
  File "/home/chener/miniconda3/lib/python3.14/http/server.py", line 488, in handle_one_request
    method()
    ~~~~~~^^
  File "/home/chener/LIBERO/astra_eval/viz/serve.py", line 33, in do_GET
    return SimpleHTTPRequestHandler.do_GET(self)
           ~~~~~~~~~~~~~~~~~~~~~~~~~~~~~~~^^^^^^
  File "/home/chener/miniconda3/lib/python3.14/http/server.py", line 743, in do_GET
    self.copyfile(f, self.wfile)
    ~~~~~~~~~~~~~^^^^^^^^^^^^^^^
  File "/home/chener/miniconda3/lib/python3.14/http/server.py", line 946, in copyfile
    shutil.copyfileobj(source, outputfile)
    ~~~~~~~~~~~~~~~~~~^^^^^^^^^^^^^^^^^^^^
  File "/home/chener/miniconda3/lib/python3.14/shutil.py", line 257, in copyfileobj
    fdst_write(buf)
    ~~~~~~~~~~^^^^^
  File "/home/chener/miniconda3/lib/python3.14/socketserver.py", line 845, in write
    self._sock.sendall(b)
    ~~~~~~~~~~~~~~~~~~^^^
BrokenPipeError: [Errno 32] Broken pipe
----------------------------------------
22/Sep/2026 09:17:58 - "GET /ctrl/a25/0038_agentview.png HTTP/1.1" 200 -
22/Sep/2026 09:17:58 - "GET /ctrl/a25/0038_wrist.png HTTP/1.1" 200 -
----------------------------------------
Exception occurred during processing of request from ('127.0.0.1', 35440)
Traceback (most recent call last):
  File "/home/chener/miniconda3/lib/python3.14/socketserver.py", line 697, in process_request_thread
    self.finish_request(request, client_address)
    ~~~~~~~~~~~~~~~~~~~^^^^^^^^^^^^^^^^^^^^^^^^^
  File "/home/chener/miniconda3/lib/python3.14/socketserver.py", line 362, in finish_request
    self.RequestHandlerClass(request, client_address, self)
    ~~~~~~~~~~~~~~~~~~~~~~~~^^^^^^^^^^^^^^^^^^^^^^^^^^^^^^^
  File "/home/chener/miniconda3/lib/python3.14/http/server.py", line 736, in __init__
    super().__init__(*args, **kwargs)
    ~~~~~~~~~~~~~~~~^^^^^^^^^^^^^^^^^
  File "/home/chener/miniconda3/lib/python3.14/socketserver.py", line 766, in __init__
    self.handle()
    ~~~~~~~~~~~^^
  File "/home/chener/miniconda3/lib/python3.14/http/server.py", line 500, in handle
    self.handle_one_request()
    ~~~~~~~~~~~~~~~~~~~~~~~^^
  File "/home/chener/miniconda3/lib/python3.14/http/server.py", line 488, in handle_one_request
    method()
    ~~~~~~^^
  File "/home/chener/LIBERO/astra_eval/viz/serve.py", line 33, in do_GET
    return SimpleHTTPRequestHandler.do_GET(self)
           ~~~~~~~~~~~~~~~~~~~~~~~~~~~~~~~^^^^^^
  File "/home/chener/miniconda3/lib/python3.14/http/server.py", line 743, in do_GET
    self.copyfile(f, self.wfile)
    ~~~~~~~~~~~~~^^^^^^^^^^^^^^^
  File "/home/chener/miniconda3/lib/python3.14/http/server.py", line 946, in copyfile
    shutil.copyfileobj(source, outputfile)
    ~~~~~~~~~~~~~~~~~~^^^^^^^^^^^^^^^^^^^^
  File "/home/chener/miniconda3/lib/python3.14/shutil.py", line 257, in copyfileobj
    fdst_write(buf)
    ~~~~~~~~~~^^^^^
  File "/home/chener/miniconda3/lib/python3.14/socketserver.py", line 845, in write
    self._sock.sendall(b)
    ~~~~~~~~~~~~~~~~~~^^^
BrokenPipeError: [Errno 32] Broken pipe
----------------------------------------
22/Sep/2026 09:17:58 - "GET /ctrl/a25/0040_agentview.png HTTP/1.1" 200 -
22/Sep/2026 09:17:58 - "GET /ctrl/a25/0040_wrist.png HTTP/1.1" 200 -
22/Sep/2026 09:17:58 - "GET /ctrl/a25/0041_agentview.png HTTP/1.1" 200 -
22/Sep/2026 09:17:58 - "GET /ctrl/a25/0044_agentview.png HTTP/1.1" 200 -
22/Sep/2026 09:17:58 - "GET /ctrl/a25/0044_wrist.png HTTP/1.1" 200 -
----------------------------------------
Exception occurred during processing of request from ('127.0.0.1', 35490)
Traceback (most recent call last):
  File "/home/chener/miniconda3/lib/python3.14/socketserver.py", line 697, in process_request_thread
    self.finish_request(request, client_address)
    ~~~~~~~~~~~~~~~~~~~^^^^^^^^^^^^^^^^^^^^^^^^^
  File "/home/chener/miniconda3/lib/python3.14/socketserver.py", line 362, in finish_request
    self.RequestHandlerClass(request, client_address, self)
    ~~~~~~~~~~~~~~~~~~~~~~~~^^^^^^^^^^^^^^^^^^^^^^^^^^^^^^^
22/Sep/2026 09:17:58 - "GET /ctrl/a25/0045_agentview.png HTTP/1.1" 200 -
  File "/home/chener/miniconda3/lib/python3.14/http/server.py", line 736, in __init__
    super().__init__(*args, **kwargs)
    ~~~~~~~~~~~~~~~~^^^^^^^^^^^^^^^^^
  File "/home/chener/miniconda3/lib/python3.14/socketserver.py", line 766, in __init__
    self.handle()
    ~~~~~~~~~~~^^
  File "/home/chener/miniconda3/lib/python3.14/http/server.py", line 500, in handle
    self.handle_one_request()
    ~~~~~~~~~~~~~~~~~~~~~~~^^
  File "/home/chener/miniconda3/lib/python3.14/http/server.py", line 488, in handle_one_request
    method()
    ~~~~~~^^
  File "/home/chener/LIBERO/astra_eval/viz/serve.py", line 33, in do_GET
    return SimpleHTTPRequestHandler.do_GET(self)
           ~~~~~~~~~~~~~~~~~~~~~~~~~~~~~~~^^^^^^
  File "/home/chener/miniconda3/lib/python3.14/http/server.py", line 743, in do_GET
    self.copyfile(f, self.wfile)
    ~~~~~~~~~~~~~^^^^^^^^^^^^^^^
  File "/home/chener/miniconda3/lib/python3.14/http/server.py", line 946, in copyfile
    shutil.copyfileobj(source, outputfile)
    ~~~~~~~~~~~~~~~~~~^^^^^^^^^^^^^^^^^^^^
  File "/home/chener/miniconda3/lib/python3.14/shutil.py", line 257, in copyfileobj
    fdst_write(buf)
    ~~~~~~~~~~^^^^^
  File "/home/chener/miniconda3/lib/python3.14/socketserver.py", line 845, in write
    self._sock.sendall(b)
    ~~~~~~~~~~~~~~~~~~^^^
BrokenPipeError: [Errno 32] Broken pipe
----------------------------------------
22/Sep/2026 09:17:58 - "GET /ctrl/a25/0047_agentview.png HTTP/1.1" 200 -
22/Sep/2026 09:17:58 - "GET /ctrl/a25/0047_wrist.png HTTP/1.1" 200 -
22/Sep/2026 09:17:58 - "GET /ctrl/a25/0048_agentview.png HTTP/1.1" 200 -
22/Sep/2026 09:17:58 - "GET /ctrl/a25/0051_agentview.png HTTP/1.1" 200 -
22/Sep/2026 09:17:58 - "GET /ctrl/a25/0052_agentview.png HTTP/1.1" 200 -
22/Sep/2026 09:17:58 - "GET /ctrl/a25/0051_wrist.png HTTP/1.1" 200 -
----------------------------------------
Exception occurred during processing of request from ('127.0.0.1', 35534)
Traceback (most recent call last):
  File "/home/chener/miniconda3/lib/python3.14/socketserver.py", line 697, in process_request_thread
    self.finish_request(request, client_address)
    ~~~~~~~~~~~~~~~~~~~^^^^^^^^^^^^^^^^^^^^^^^^^
  File "/home/chener/miniconda3/lib/python3.14/socketserver.py", line 362, in finish_request
    self.RequestHandlerClass(request, client_address, self)
    ~~~~~~~~~~~~~~~~~~~~~~~~^^^^^^^^^^^^^^^^^^^^^^^^^^^^^^^
  File "/home/chener/miniconda3/lib/python3.14/http/server.py", line 736, in __init__
    super().__init__(*args, **kwargs)
    ~~~~~~~~~~~~~~~~^^^^^^^^^^^^^^^^^
  File "/home/chener/miniconda3/lib/python3.14/socketserver.py", line 766, in __init__
    self.handle()
    ~~~~~~~~~~~^^
  File "/home/chener/miniconda3/lib/python3.14/http/server.py", line 500, in handle
    self.handle_one_request()
    ~~~~~~~~~~~~~~~~~~~~~~~^^
  File "/home/chener/miniconda3/lib/python3.14/http/server.py", line 488, in handle_one_request
    method()
    ~~~~~~^^
  File "/home/chener/LIBERO/astra_eval/viz/serve.py", line 33, in do_GET
    return SimpleHTTPRequestHandler.do_GET(self)
           ~~~~~~~~~~~~~~~~~~~~~~~~~~~~~~~^^^^^^
  File "/home/chener/miniconda3/lib/python3.14/http/server.py", line 743, in do_GET
    self.copyfile(f, self.wfile)
    ~~~~~~~~~~~~~^^^^^^^^^^^^^^^
  File "/home/chener/miniconda3/lib/python3.14/http/server.py", line 946, in copyfile
    shutil.copyfileobj(source, outputfile)
    ~~~~~~~~~~~~~~~~~~^^^^^^^^^^^^^^^^^^^^
  File "/home/chener/miniconda3/lib/python3.14/shutil.py", line 257, in copyfileobj
    fdst_write(buf)
    ~~~~~~~~~~^^^^^
  File "/home/chener/miniconda3/lib/python3.14/socketserver.py", line 845, in write
    self._sock.sendall(b)
    ~~~~~~~~~~~~~~~~~~^^^
BrokenPipeError: [Errno 32] Broken pipe
----------------------------------------
22/Sep/2026 09:17:58 - "GET /ctrl/a25/0053_agentview.png HTTP/1.1" 200 -
22/Sep/2026 09:17:58 - "GET /ctrl/a25/0053_wrist.png HTTP/1.1" 200 -
22/Sep/2026 09:17:58 - "GET /ctrl/a25/0054_agentview.png HTTP/1.1" 200 -
22/Sep/2026 09:17:59 - "GET /ctrl/a25/0057_agentview.png HTTP/1.1" 200 -
22/Sep/2026 09:17:59 - "GET /ctrl/a25/0058_agentview.png HTTP/1.1" 200 -
22/Sep/2026 09:17:59 - "GET /ctrl/a25/0058_wrist.png HTTP/1.1" 200 -
22/Sep/2026 09:17:59 - "GET /ctrl/a25/0061_agentview.png HTTP/1.1" 200 -
22/Sep/2026 09:17:59 - "GET /ctrl/a25/0061_wrist.png HTTP/1.1" 200 -
22/Sep/2026 09:17:59 - "GET /ctrl/a25/0062_agentview.png HTTP/1.1" 200 -
22/Sep/2026 09:17:59 - "GET /ctrl/a25/0064_agentview.png HTTP/1.1" 200 -
22/Sep/2026 09:17:59 - "GET /ctrl/a25/0065_agentview.png HTTP/1.1" 200 -
22/Sep/2026 09:17:59 - "GET /ctrl/a25/0065_wrist.png HTTP/1.1" 200 -
----------------------------------------
Exception occurred during processing of request from ('127.0.0.1', 35612)----------------------------------------

Exception occurred during processing of request fromTraceback (most recent call last):
   File "/home/chener/miniconda3/lib/python3.14/socketserver.py", line 697, in process_request_thread
    self.finish_request(request, client_address)
    ~~~~~~~~~~~~~~~~~~~^^^^^^^^^^^^^^^^^^^^^^^^^
('127.0.0.1', 35628)  File "/home/chener/miniconda3/lib/python3.14/socketserver.py", line 362, in finish_request
    self.RequestHandlerClass(request, client_address, self)
    ~~~~~~~~~~~~~~~~~~~~~~~~^^^^^^^^^^^^^^^^^^^^^^^^^^^^^^^

  File "/home/chener/miniconda3/lib/python3.14/http/server.py", line 736, in __init__
    super().__init__(*args, **kwargs)
    ~~~~~~~~~~~~~~~~^^^^^^^^^^^^^^^^^
  File "/home/chener/miniconda3/lib/python3.14/socketserver.py", line 766, in __init__
    self.handle()
    ~~~~~~~~~~~^^
Traceback (most recent call last):
  File "/home/chener/miniconda3/lib/python3.14/socketserver.py", line 697, in process_request_thread
    self.finish_request(request, client_address)
    ~~~~~~~~~~~~~~~~~~~^^^^^^^^^^^^^^^^^^^^^^^^^
  File "/home/chener/miniconda3/lib/python3.14/http/server.py", line 500, in handle
    self.handle_one_request()
    ~~~~~~~~~~~~~~~~~~~~~~~^^
  File "/home/chener/miniconda3/lib/python3.14/socketserver.py", line 362, in finish_request
    self.RequestHandlerClass(request, client_address, self)
    ~~~~~~~~~~~~~~~~~~~~~~~~^^^^^^^^^^^^^^^^^^^^^^^^^^^^^^^
  File "/home/chener/miniconda3/lib/python3.14/http/server.py", line 488, in handle_one_request
    method()
    ~~~~~~^^
  File "/home/chener/miniconda3/lib/python3.14/http/server.py", line 736, in __init__
    super().__init__(*args, **kwargs)
    ~~~~~~~~~~~~~~~~^^^^^^^^^^^^^^^^^
  File "/home/chener/LIBERO/astra_eval/viz/serve.py", line 33, in do_GET
    return SimpleHTTPRequestHandler.do_GET(self)
           ~~~~~~~~~~~~~~~~~~~~~~~~~~~~~~~^^^^^^
  File "/home/chener/miniconda3/lib/python3.14/http/server.py", line 743, in do_GET
    self.copyfile(f, self.wfile)
    ~~~~~~~~~~~~~^^^^^^^^^^^^^^^
  File "/home/chener/miniconda3/lib/python3.14/http/server.py", line 946, in copyfile
    shutil.copyfileobj(source, outputfile)
    ~~~~~~~~~~~~~~~~~~^^^^^^^^^^^^^^^^^^^^
  File "/home/chener/miniconda3/lib/python3.14/socketserver.py", line 766, in __init__
    self.handle()
    ~~~~~~~~~~~^^
  File "/home/chener/miniconda3/lib/python3.14/http/server.py", line 500, in handle
    self.handle_one_request()
    ~~~~~~~~~~~~~~~~~~~~~~~^^
  File "/home/chener/miniconda3/lib/python3.14/http/server.py", line 488, in handle_one_request
    method()
    ~~~~~~^^
  File "/home/chener/miniconda3/lib/python3.14/shutil.py", line 257, in copyfileobj
    fdst_write(buf)
    ~~~~~~~~~~^^^^^
  File "/home/chener/LIBERO/astra_eval/viz/serve.py", line 33, in do_GET
    return SimpleHTTPRequestHandler.do_GET(self)
           ~~~~~~~~~~~~~~~~~~~~~~~~~~~~~~~^^^^^^
  File "/home/chener/miniconda3/lib/python3.14/http/server.py", line 743, in do_GET
    self.copyfile(f, self.wfile)
    ~~~~~~~~~~~~~^^^^^^^^^^^^^^^
  File "/home/chener/miniconda3/lib/python3.14/socketserver.py", line 845, in write
    self._sock.sendall(b)
    ~~~~~~~~~~~~~~~~~~^^^
BrokenPipeError: [Errno 32] Broken pipe
----------------------------------------
  File "/home/chener/miniconda3/lib/python3.14/http/server.py", line 946, in copyfile
    shutil.copyfileobj(source, outputfile)
    ~~~~~~~~~~~~~~~~~~^^^^^^^^^^^^^^^^^^^^
  File "/home/chener/miniconda3/lib/python3.14/shutil.py", line 257, in copyfileobj
    fdst_write(buf)
    ~~~~~~~~~~^^^^^
  File "/home/chener/miniconda3/lib/python3.14/socketserver.py", line 845, in write
    self._sock.sendall(b)
    ~~~~~~~~~~~~~~~~~~^^^
BrokenPipeError: [Errno 32] Broken pipe
----------------------------------------
22/Sep/2026 09:17:59 - "GET /ctrl/a25/0068_agentview.png HTTP/1.1" 200 -
22/Sep/2026 09:17:59 - "GET /ctrl/a25/0068_wrist.png HTTP/1.1" 200 -
22/Sep/2026 09:17:59 - "GET /ctrl/a25/0069_agentview.png HTTP/1.1" 200 -
22/Sep/2026 09:17:59 - "GET /ctrl/a25/0072_wrist.png HTTP/1.1" 200 -
22/Sep/2026 09:17:59 - "GET /ctrl/a25/0072_agentview.png HTTP/1.1" 200 -
22/Sep/2026 09:17:59 - "GET /ctrl/a25/0073_agentview.png HTTP/1.1" 200 -
22/Sep/2026 09:17:59 - "GET /ctrl/a25/0074_agentview.png HTTP/1.1" 200 -
22/Sep/2026 09:17:59 - "GET /ctrl/a25/0074_wrist.png HTTP/1.1" 200 -
22/Sep/2026 09:17:59 - "GET /ctrl/a25/0075_agentview.png HTTP/1.1" 200 -
22/Sep/2026 09:18:00 - "GET /ctrl/a25/0078_agentview.png HTTP/1.1" 200 -
22/Sep/2026 09:18:00 - "GET /ctrl/a25/0078_wrist.png HTTP/1.1" 200 -
----------------------------------------
Exception occurred during processing of request from ('127.0.0.1', 34354)
----------------------------------------Traceback (most recent call last):

  File "/home/chener/miniconda3/lib/python3.14/socketserver.py", line 697, in process_request_thread
    self.finish_request(request, client_address)
    ~~~~~~~~~~~~~~~~~~~^^^^^^^^^^^^^^^^^^^^^^^^^
Exception occurred during processing of request from  File "/home/chener/miniconda3/lib/python3.14/socketserver.py", line 362, in finish_request
    self.RequestHandlerClass(request, client_address, self)
    ~~~~~~~~~~~~~~~~~~~~~~~~^^^^^^^^^^^^^^^^^^^^^^^^^^^^^^^
  File "/home/chener/miniconda3/lib/python3.14/http/server.py", line 736, in __init__
    super().__init__(*args, **kwargs)
    ~~~~~~~~~~~~~~~~^^^^^^^^^^^^^^^^^
  File "/home/chener/miniconda3/lib/python3.14/socketserver.py", line 766, in __init__
    self.handle()
    ~~~~~~~~~~~^^
 ('127.0.0.1', 34370)
  File "/home/chener/miniconda3/lib/python3.14/http/server.py", line 500, in handle
    self.handle_one_request()
    ~~~~~~~~~~~~~~~~~~~~~~~^^
  File "/home/chener/miniconda3/lib/python3.14/http/server.py", line 488, in handle_one_request
    method()
    ~~~~~~^^
  File "/home/chener/LIBERO/astra_eval/viz/serve.py", line 33, in do_GET
    return SimpleHTTPRequestHandler.do_GET(self)
           ~~~~~~~~~~~~~~~~~~~~~~~~~~~~~~~^^^^^^
  File "/home/chener/miniconda3/lib/python3.14/http/server.py", line 743, in do_GET
    self.copyfile(f, self.wfile)
    ~~~~~~~~~~~~~^^^^^^^^^^^^^^^
  File "/home/chener/miniconda3/lib/python3.14/http/server.py", line 946, in copyfile
    shutil.copyfileobj(source, outputfile)
    ~~~~~~~~~~~~~~~~~~^^^^^^^^^^^^^^^^^^^^
  File "/home/chener/miniconda3/lib/python3.14/shutil.py", line 257, in copyfileobj
    fdst_write(buf)
    ~~~~~~~~~~^^^^^
  File "/home/chener/miniconda3/lib/python3.14/socketserver.py", line 845, in write
    self._sock.sendall(b)
    ~~~~~~~~~~~~~~~~~~^^^
BrokenPipeError: [Errno 32] Broken pipe
----------------------------------------
Traceback (most recent call last):
  File "/home/chener/miniconda3/lib/python3.14/socketserver.py", line 697, in process_request_thread
    self.finish_request(request, client_address)
    ~~~~~~~~~~~~~~~~~~~^^^^^^^^^^^^^^^^^^^^^^^^^
  File "/home/chener/miniconda3/lib/python3.14/socketserver.py", line 362, in finish_request
    self.RequestHandlerClass(request, client_address, self)
    ~~~~~~~~~~~~~~~~~~~~~~~~^^^^^^^^^^^^^^^^^^^^^^^^^^^^^^^
  File "/home/chener/miniconda3/lib/python3.14/http/server.py", line 736, in __init__
    super().__init__(*args, **kwargs)
    ~~~~~~~~~~~~~~~~^^^^^^^^^^^^^^^^^
  File "/home/chener/miniconda3/lib/python3.14/socketserver.py", line 766, in __init__
    self.handle()
    ~~~~~~~~~~~^^
  File "/home/chener/miniconda3/lib/python3.14/http/server.py", line 500, in handle
    self.handle_one_request()
    ~~~~~~~~~~~~~~~~~~~~~~~^^
  File "/home/chener/miniconda3/lib/python3.14/http/server.py", line 488, in handle_one_request
    method()
    ~~~~~~^^
  File "/home/chener/LIBERO/astra_eval/viz/serve.py", line 33, in do_GET
    return SimpleHTTPRequestHandler.do_GET(self)
           ~~~~~~~~~~~~~~~~~~~~~~~~~~~~~~~^^^^^^
  File "/home/chener/miniconda3/lib/python3.14/http/server.py", line 743, in do_GET
    self.copyfile(f, self.wfile)
    ~~~~~~~~~~~~~^^^^^^^^^^^^^^^
  File "/home/chener/miniconda3/lib/python3.14/http/server.py", line 946, in copyfile
    shutil.copyfileobj(source, outputfile)
    ~~~~~~~~~~~~~~~~~~^^^^^^^^^^^^^^^^^^^^
  File "/home/chener/miniconda3/lib/python3.14/shutil.py", line 257, in copyfileobj
    fdst_write(buf)
    ~~~~~~~~~~^^^^^
  File "/home/chener/miniconda3/lib/python3.14/socketserver.py", line 845, in write
    self._sock.sendall(b)
    ~~~~~~~~~~~~~~~~~~^^^
BrokenPipeError: [Errno 32] Broken pipe
----------------------------------------
22/Sep/2026 09:18:00 - "GET /ctrl/a25/0079_agentview.png HTTP/1.1" 200 -
----------------------------------------
Exception occurred during processing of request from ('127.0.0.1', 34378)
Traceback (most recent call last):
  File "/home/chener/miniconda3/lib/python3.14/socketserver.py", line 697, in process_request_thread
    self.finish_request(request, client_address)
    ~~~~~~~~~~~~~~~~~~~^^^^^^^^^^^^^^^^^^^^^^^^^
  File "/home/chener/miniconda3/lib/python3.14/socketserver.py", line 362, in finish_request
    self.RequestHandlerClass(request, client_address, self)
    ~~~~~~~~~~~~~~~~~~~~~~~~^^^^^^^^^^^^^^^^^^^^^^^^^^^^^^^
  File "/home/chener/miniconda3/lib/python3.14/http/server.py", line 736, in __init__
    super().__init__(*args, **kwargs)
    ~~~~~~~~~~~~~~~~^^^^^^^^^^^^^^^^^
  File "/home/chener/miniconda3/lib/python3.14/socketserver.py", line 766, in __init__
    self.handle()
    ~~~~~~~~~~~^^
  File "/home/chener/miniconda3/lib/python3.14/http/server.py", line 500, in handle
    self.handle_one_request()
    ~~~~~~~~~~~~~~~~~~~~~~~^^
  File "/home/chener/miniconda3/lib/python3.14/http/server.py", line 488, in handle_one_request
    method()
    ~~~~~~^^
  File "/home/chener/LIBERO/astra_eval/viz/serve.py", line 33, in do_GET
    return SimpleHTTPRequestHandler.do_GET(self)
           ~~~~~~~~~~~~~~~~~~~~~~~~~~~~~~~^^^^^^
  File "/home/chener/miniconda3/lib/python3.14/http/server.py", line 743, in do_GET
    self.copyfile(f, self.wfile)
    ~~~~~~~~~~~~~^^^^^^^^^^^^^^^
  File "/home/chener/miniconda3/lib/python3.14/http/server.py", line 946, in copyfile
    shutil.copyfileobj(source, outputfile)
    ~~~~~~~~~~~~~~~~~~^^^^^^^^^^^^^^^^^^^^
  File "/home/chener/miniconda3/lib/python3.14/shutil.py", line 257, in copyfileobj
    fdst_write(buf)
    ~~~~~~~~~~^^^^^
  File "/home/chener/miniconda3/lib/python3.14/socketserver.py", line 845, in write
    self._sock.sendall(b)
    ~~~~~~~~~~~~~~~~~~^^^
BrokenPipeError: [Errno 32] Broken pipe
----------------------------------------
22/Sep/2026 09:18:00 - "GET /ctrl/a25/0082_agentview.png HTTP/1.1" 200 -
22/Sep/2026 09:18:00 - "GET /ctrl/a25/0082_wrist.png HTTP/1.1" 200 -
22/Sep/2026 09:18:00 - "GET /ctrl/a25/0083_agentview.png HTTP/1.1" 200 -
22/Sep/2026 09:18:00 - "GET /ctrl/a25/0085_wrist.png HTTP/1.1" 200 -
22/Sep/2026 09:18:00 - "GET /ctrl/a25/0085_agentview.png HTTP/1.1" 200 -
22/Sep/2026 09:18:00 - "GET /ctrl/a25/0086_agentview.png HTTP/1.1" 200 -
22/Sep/2026 09:18:00 - "GET /ctrl/a25/0088_agentview.png HTTP/1.1" 200 -
22/Sep/2026 09:18:00 - "GET /ctrl/a25/0088_wrist.png HTTP/1.1" 200 -
----------------------------------------
Exception occurred during processing of request from ----------------------------------------('127.0.0.1', 34442)

Traceback (most recent call last):
  File "/home/chener/miniconda3/lib/python3.14/socketserver.py", line 697, in process_request_thread
    self.finish_request(request, client_address)
    ~~~~~~~~~~~~~~~~~~~^^^^^^^^^^^^^^^^^^^^^^^^^
Exception occurred during processing of request from   File "/home/chener/miniconda3/lib/python3.14/socketserver.py", line 362, in finish_request
    self.RequestHandlerClass(request, client_address, self)
    ~~~~~~~~~~~~~~~~~~~~~~~~^^^^^^^^^^^^^^^^^^^^^^^^^^^^^^^
  File "/home/chener/miniconda3/lib/python3.14/http/server.py", line 736, in __init__
    super().__init__(*args, **kwargs)
    ~~~~~~~~~~~~~~~~^^^^^^^^^^^^^^^^^
('127.0.0.1', 34448)  File "/home/chener/miniconda3/lib/python3.14/socketserver.py", line 766, in __init__
    self.handle()
    ~~~~~~~~~~~^^

  File "/home/chener/miniconda3/lib/python3.14/http/server.py", line 500, in handle
    self.handle_one_request()
    ~~~~~~~~~~~~~~~~~~~~~~~^^
  File "/home/chener/miniconda3/lib/python3.14/http/server.py", line 488, in handle_one_request
    method()
    ~~~~~~^^
  File "/home/chener/LIBERO/astra_eval/viz/serve.py", line 33, in do_GET
    return SimpleHTTPRequestHandler.do_GET(self)
           ~~~~~~~~~~~~~~~~~~~~~~~~~~~~~~~^^^^^^
  File "/home/chener/miniconda3/lib/python3.14/http/server.py", line 743, in do_GET
    self.copyfile(f, self.wfile)
    ~~~~~~~~~~~~~^^^^^^^^^^^^^^^
  File "/home/chener/miniconda3/lib/python3.14/http/server.py", line 946, in copyfile
    shutil.copyfileobj(source, outputfile)
    ~~~~~~~~~~~~~~~~~~^^^^^^^^^^^^^^^^^^^^
  File "/home/chener/miniconda3/lib/python3.14/shutil.py", line 257, in copyfileobj
    fdst_write(buf)
    ~~~~~~~~~~^^^^^
  File "/home/chener/miniconda3/lib/python3.14/socketserver.py", line 845, in write
    self._sock.sendall(b)
    ~~~~~~~~~~~~~~~~~~^^^
Traceback (most recent call last):
BrokenPipeError: [Errno 32] Broken pipe
----------------------------------------
  File "/home/chener/miniconda3/lib/python3.14/socketserver.py", line 697, in process_request_thread
    self.finish_request(request, client_address)
    ~~~~~~~~~~~~~~~~~~~^^^^^^^^^^^^^^^^^^^^^^^^^
  File "/home/chener/miniconda3/lib/python3.14/socketserver.py", line 362, in finish_request
    self.RequestHandlerClass(request, client_address, self)
    ~~~~~~~~~~~~~~~~~~~~~~~~^^^^^^^^^^^^^^^^^^^^^^^^^^^^^^^
  File "/home/chener/miniconda3/lib/python3.14/http/server.py", line 736, in __init__
    super().__init__(*args, **kwargs)
    ~~~~~~~~~~~~~~~~^^^^^^^^^^^^^^^^^
  File "/home/chener/miniconda3/lib/python3.14/socketserver.py", line 766, in __init__
    self.handle()
    ~~~~~~~~~~~^^
  File "/home/chener/miniconda3/lib/python3.14/http/server.py", line 500, in handle
    self.handle_one_request()
    ~~~~~~~~~~~~~~~~~~~~~~~^^
  File "/home/chener/miniconda3/lib/python3.14/http/server.py", line 488, in handle_one_request
    method()
    ~~~~~~^^
  File "/home/chener/LIBERO/astra_eval/viz/serve.py", line 33, in do_GET
    return SimpleHTTPRequestHandler.do_GET(self)
           ~~~~~~~~~~~~~~~~~~~~~~~~~~~~~~~^^^^^^
  File "/home/chener/miniconda3/lib/python3.14/http/server.py", line 743, in do_GET
    self.copyfile(f, self.wfile)
    ~~~~~~~~~~~~~^^^^^^^^^^^^^^^
  File "/home/chener/miniconda3/lib/python3.14/http/server.py", line 946, in copyfile
    shutil.copyfileobj(source, outputfile)
    ~~~~~~~~~~~~~~~~~~^^^^^^^^^^^^^^^^^^^^
  File "/home/chener/miniconda3/lib/python3.14/shutil.py", line 257, in copyfileobj
    fdst_write(buf)
    ~~~~~~~~~~^^^^^
  File "/home/chener/miniconda3/lib/python3.14/socketserver.py", line 845, in write
    self._sock.sendall(b)
    ~~~~~~~~~~~~~~~~~~^^^
BrokenPipeError: [Errno 32] Broken pipe
----------------------------------------
22/Sep/2026 09:18:00 - "GET /ctrl/a25/0089_agentview.png HTTP/1.1" 200 -
22/Sep/2026 09:18:00 - "GET /ctrl/a25/0091_wrist.png HTTP/1.1" 200 -
22/Sep/2026 09:18:00 - "GET /ctrl/a25/0092_agentview.png HTTP/1.1" 200 -
----------------------------------------
Exception occurred during processing of request from ('127.0.0.1', 34468)
Traceback (most recent call last):
  File "/home/chener/miniconda3/lib/python3.14/socketserver.py", line 697, in process_request_thread
    self.finish_request(request, client_address)
    ~~~~~~~~~~~~~~~~~~~^^^^^^^^^^^^^^^^^^^^^^^^^
  File "/home/chener/miniconda3/lib/python3.14/socketserver.py", line 362, in finish_request
    self.RequestHandlerClass(request, client_address, self)
    ~~~~~~~~~~~~~~~~~~~~~~~~^^^^^^^^^^^^^^^^^^^^^^^^^^^^^^^
  File "/home/chener/miniconda3/lib/python3.14/http/server.py", line 736, in __init__
    super().__init__(*args, **kwargs)
    ~~~~~~~~~~~~~~~~^^^^^^^^^^^^^^^^^
  File "/home/chener/miniconda3/lib/python3.14/socketserver.py", line 766, in __init__
    self.handle()
    ~~~~~~~~~~~^^
  File "/home/chener/miniconda3/lib/python3.14/http/server.py", line 500, in handle
    self.handle_one_request()
    ~~~~~~~~~~~~~~~~~~~~~~~^^
  File "/home/chener/miniconda3/lib/python3.14/http/server.py", line 488, in handle_one_request
    method()
    ~~~~~~^^
  File "/home/chener/LIBERO/astra_eval/viz/serve.py", line 33, in do_GET
    return SimpleHTTPRequestHandler.do_GET(self)
           ~~~~~~~~~~~~~~~~~~~~~~~~~~~~~~~^^^^^^
  File "/home/chener/miniconda3/lib/python3.14/http/server.py", line 743, in do_GET
    self.copyfile(f, self.wfile)
    ~~~~~~~~~~~~~^^^^^^^^^^^^^^^
  File "/home/chener/miniconda3/lib/python3.14/http/server.py", line 946, in copyfile
    shutil.copyfileobj(source, outputfile)
    ~~~~~~~~~~~~~~~~~~^^^^^^^^^^^^^^^^^^^^
  File "/home/chener/miniconda3/lib/python3.14/shutil.py", line 257, in copyfileobj
    fdst_write(buf)
    ~~~~~~~~~~^^^^^
  File "/home/chener/miniconda3/lib/python3.14/socketserver.py", line 845, in write
    self._sock.sendall(b)
    ~~~~~~~~~~~~~~~~~~^^^
BrokenPipeError: [Errno 32] Broken pipe
----------------------------------------
22/Sep/2026 09:18:00 - "GET /ctrl/a25/0093_agentview.png HTTP/1.1" 200 -
22/Sep/2026 09:18:00 - "GET /ctrl/a25/0094_wrist.png HTTP/1.1" 200 -
22/Sep/2026 09:18:00 - "GET /ctrl/a25/0095_agentview.png HTTP/1.1" 200 -
----------------------------------------
Exception occurred during processing of request from ('127.0.0.1', 34488)
Traceback (most recent call last):
  File "/home/chener/miniconda3/lib/python3.14/socketserver.py", line 697, in process_request_thread
    self.finish_request(request, client_address)
    ~~~~~~~~~~~~~~~~~~~^^^^^^^^^^^^^^^^^^^^^^^^^
  File "/home/chener/miniconda3/lib/python3.14/socketserver.py", line 362, in finish_request
    self.RequestHandlerClass(request, client_address, self)
    ~~~~~~~~~~~~~~~~~~~~~~~~^^^^^^^^^^^^^^^^^^^^^^^^^^^^^^^
  File "/home/chener/miniconda3/lib/python3.14/http/server.py", line 736, in __init__
    super().__init__(*args, **kwargs)
    ~~~~~~~~~~~~~~~~^^^^^^^^^^^^^^^^^
  File "/home/chener/miniconda3/lib/python3.14/socketserver.py", line 766, in __init__
    self.handle()
    ~~~~~~~~~~~^^
  File "/home/chener/miniconda3/lib/python3.14/http/server.py", line 500, in handle
    self.handle_one_request()
    ~~~~~~~~~~~~~~~~~~~~~~~^^
  File "/home/chener/miniconda3/lib/python3.14/http/server.py", line 488, in handle_one_request
    method()
    ~~~~~~^^
  File "/home/chener/LIBERO/astra_eval/viz/serve.py", line 33, in do_GET
    return SimpleHTTPRequestHandler.do_GET(self)
           ~~~~~~~~~~~~~~~~~~~~~~~~~~~~~~~^^^^^^
  File "/home/chener/miniconda3/lib/python3.14/http/server.py", line 743, in do_GET
    self.copyfile(f, self.wfile)
    ~~~~~~~~~~~~~^^^^^^^^^^^^^^^
  File "/home/chener/miniconda3/lib/python3.14/http/server.py", line 946, in copyfile
    shutil.copyfileobj(source, outputfile)
    ~~~~~~~~~~~~~~~~~~^^^^^^^^^^^^^^^^^^^^
  File "/home/chener/miniconda3/lib/python3.14/shutil.py", line 257, in copyfileobj
    fdst_write(buf)
    ~~~~~~~~~~^^^^^
  File "/home/chener/miniconda3/lib/python3.14/socketserver.py", line 845, in write
    self._sock.sendall(b)
    ~~~~~~~~~~~~~~~~~~^^^
BrokenPipeError: [Errno 32] Broken pipe
----------------------------------------
22/Sep/2026 09:18:00 - "GET /ctrl/a25/0096_agentview.png HTTP/1.1" 200 -
22/Sep/2026 09:18:01 - "GET /ctrl/a25/0098_wrist.png HTTP/1.1" 200 -
22/Sep/2026 09:18:01 - "GET /ctrl/a25/0098_agentview.png HTTP/1.1" 200 -
----------------------------------------
Exception occurred during processing of request from ('127.0.0.1', 34522)
Traceback (most recent call last):
  File "/home/chener/miniconda3/lib/python3.14/socketserver.py", line 697, in process_request_thread
    self.finish_request(request, client_address)
    ~~~~~~~~~~~~~~~~~~~^^^^^^^^^^^^^^^^^^^^^^^^^
  File "/home/chener/miniconda3/lib/python3.14/socketserver.py", line 362, in finish_request
    self.RequestHandlerClass(request, client_address, self)
    ~~~~~~~~~~~~~~~~~~~~~~~~^^^^^^^^^^^^^^^^^^^^^^^^^^^^^^^
  File "/home/chener/miniconda3/lib/python3.14/http/server.py", line 736, in __init__
    super().__init__(*args, **kwargs)
    ~~~~~~~~~~~~~~~~^^^^^^^^^^^^^^^^^
  File "/home/chener/miniconda3/lib/python3.14/socketserver.py", line 766, in __init__
    self.handle()
    ~~~~~~~~~~~^^
  File "/home/chener/miniconda3/lib/python3.14/http/server.py", line 500, in handle
    self.handle_one_request()
    ~~~~~~~~~~~~~~~~~~~~~~~^^
  File "/home/chener/miniconda3/lib/python3.14/http/server.py", line 488, in handle_one_request
    method()
    ~~~~~~^^
  File "/home/chener/LIBERO/astra_eval/viz/serve.py", line 33, in do_GET
    return SimpleHTTPRequestHandler.do_GET(self)
           ~~~~~~~~~~~~~~~~~~~~~~~~~~~~~~~^^^^^^
  File "/home/chener/miniconda3/lib/python3.14/http/server.py", line 743, in do_GET
    self.copyfile(f, self.wfile)
    ~~~~~~~~~~~~~^^^^^^^^^^^^^^^
  File "/home/chener/miniconda3/lib/python3.14/http/server.py", line 946, in copyfile
    shutil.copyfileobj(source, outputfile)
    ~~~~~~~~~~~~~~~~~~^^^^^^^^^^^^^^^^^^^^
  File "/home/chener/miniconda3/lib/python3.14/shutil.py", line 257, in copyfileobj
    fdst_write(buf)
    ~~~~~~~~~~^^^^^
  File "/home/chener/miniconda3/lib/python3.14/socketserver.py", line 845, in write
    self._sock.sendall(b)
    ~~~~~~~~~~~~~~~~~~^^^
BrokenPipeError: [Errno 32] Broken pipe
----------------------------------------
22/Sep/2026 09:18:01 - "GET /ctrl/a25/0100_agentview.png HTTP/1.1" 200 -
22/Sep/2026 09:18:01 - "GET /ctrl/a25/0101_agentview.png HTTP/1.1" 200 -
22/Sep/2026 09:18:01 - "GET /ctrl/a25/0102_agentview.png HTTP/1.1" 200 -
22/Sep/2026 09:18:01 - "GET /ctrl/a25/0103_agentview.png HTTP/1.1" 200 -
22/Sep/2026 09:18:01 - "GET /ctrl/a25/0105_agentview.png HTTP/1.1" 200 -
22/Sep/2026 09:18:01 - "GET /ctrl/a25/0105_wrist.png HTTP/1.1" 200 -
22/Sep/2026 09:18:01 - "GET /ctrl/a25/0106_agentview.png HTTP/1.1" 200 -
22/Sep/2026 09:18:01 - "GET /ctrl/a25/0108_agentview.png HTTP/1.1" 200 -
22/Sep/2026 09:18:01 - "GET /ctrl/a25/0108_wrist.png HTTP/1.1" 200 -
----------------------------------------
Exception occurred during processing of request from ('127.0.0.1', 34632)
Traceback (most recent call last):
  File "/home/chener/miniconda3/lib/python3.14/socketserver.py", line 697, in process_request_thread
    self.finish_request(request, client_address)
    ~~~~~~~~~~~~~~~~~~~^^^^^^^^^^^^^^^^^^^^^^^^^
  File "/home/chener/miniconda3/lib/python3.14/socketserver.py", line 362, in finish_request
    self.RequestHandlerClass(request, client_address, self)
    ~~~~~~~~~~~~~~~~~~~~~~~~^^^^^^^^^^^^^^^^^^^^^^^^^^^^^^^
  File "/home/chener/miniconda3/lib/python3.14/http/server.py", line 736, in __init__
    super().__init__(*args, **kwargs)
    ~~~~~~~~~~~~~~~~^^^^^^^^^^^^^^^^^
  File "/home/chener/miniconda3/lib/python3.14/socketserver.py", line 766, in __init__
    self.handle()
    ~~~~~~~~~~~^^
  File "/home/chener/miniconda3/lib/python3.14/http/server.py", line 500, in handle
    self.handle_one_request()
    ~~~~~~~~~~~~~~~~~~~~~~~^^
  File "/home/chener/miniconda3/lib/python3.14/http/server.py", line 488, in handle_one_request
    method()
    ~~~~~~^^
  File "/home/chener/LIBERO/astra_eval/viz/serve.py", line 33, in do_GET
    return SimpleHTTPRequestHandler.do_GET(self)
           ~~~~~~~~~~~~~~~~~~~~~~~~~~~~~~~^^^^^^
  File "/home/chener/miniconda3/lib/python3.14/http/server.py", line 743, in do_GET
    self.copyfile(f, self.wfile)
    ~~~~~~~~~~~~~^^^^^^^^^^^^^^^
  File "/home/chener/miniconda3/lib/python3.14/http/server.py", line 946, in copyfile
    shutil.copyfileobj(source, outputfile)
    ~~~~~~~~~~~~~~~~~~^^^^^^^^^^^^^^^^^^^^
  File "/home/chener/miniconda3/lib/python3.14/shutil.py", line 257, in copyfileobj
    fdst_write(buf)
    ~~~~~~~~~~^^^^^
  File "/home/chener/miniconda3/lib/python3.14/socketserver.py", line 845, in write
    self._sock.sendall(b)
    ~~~~~~~~~~~~~~~~~~^^^
BrokenPipeError: [Errno 32] Broken pipe
----------------------------------------
22/Sep/2026 09:18:01 - "GET /ctrl/a25/0110_agentview.png HTTP/1.1" 200 -
22/Sep/2026 09:18:01 - "GET /ctrl/a25/0112_agentview.png HTTP/1.1" 200 -
22/Sep/2026 09:18:01 - "GET /ctrl/a25/0112_wrist.png HTTP/1.1" 200 -
22/Sep/2026 09:18:01 - "GET /ctrl/a25/0113_agentview.png HTTP/1.1" 200 -
22/Sep/2026 09:18:01 - "GET /ctrl/a25/0114_agentview.png HTTP/1.1" 200 -
----------------------------------------
Exception occurred during processing of request from ('127.0.0.1', 34674)
Traceback (most recent call last):
  File "/home/chener/miniconda3/lib/python3.14/socketserver.py", line 697, in process_request_thread
    self.finish_request(request, client_address)
    ~~~~~~~~~~~~~~~~~~~^^^^^^^^^^^^^^^^^^^^^^^^^
  File "/home/chener/miniconda3/lib/python3.14/socketserver.py", line 362, in finish_request
    self.RequestHandlerClass(request, client_address, self)
    ~~~~~~~~~~~~~~~~~~~~~~~~^^^^^^^^^^^^^^^^^^^^^^^^^^^^^^^
  File "/home/chener/miniconda3/lib/python3.14/http/server.py", line 736, in __init__
    super().__init__(*args, **kwargs)
    ~~~~~~~~~~~~~~~~^^^^^^^^^^^^^^^^^
  File "/home/chener/miniconda3/lib/python3.14/socketserver.py", line 766, in __init__
    self.handle()
    ~~~~~~~~~~~^^
  File "/home/chener/miniconda3/lib/python3.14/http/server.py", line 500, in handle
    self.handle_one_request()
    ~~~~~~~~~~~~~~~~~~~~~~~^^
  File "/home/chener/miniconda3/lib/python3.14/http/server.py", line 488, in handle_one_request
    method()
    ~~~~~~^^
  File "/home/chener/LIBERO/astra_eval/viz/serve.py", line 33, in do_GET
    return SimpleHTTPRequestHandler.do_GET(self)
           ~~~~~~~~~~~~~~~~~~~~~~~~~~~~~~~^^^^^^
  File "/home/chener/miniconda3/lib/python3.14/http/server.py", line 743, in do_GET
    self.copyfile(f, self.wfile)
    ~~~~~~~~~~~~~^^^^^^^^^^^^^^^
  File "/home/chener/miniconda3/lib/python3.14/http/server.py", line 946, in copyfile
    shutil.copyfileobj(source, outputfile)
    ~~~~~~~~~~~~~~~~~~^^^^^^^^^^^^^^^^^^^^
  File "/home/chener/miniconda3/lib/python3.14/shutil.py", line 257, in copyfileobj
    fdst_write(buf)
    ~~~~~~~~~~^^^^^
  File "/home/chener/miniconda3/lib/python3.14/socketserver.py", line 845, in write
    self._sock.sendall(b)
    ~~~~~~~~~~~~~~~~~~^^^
BrokenPipeError: [Errno 32] Broken pipe
----------------------------------------
22/Sep/2026 09:18:01 - "GET /ctrl/a25/0114_wrist.png HTTP/1.1" 200 -
----------------------------------------
Exception occurred during processing of request from ('127.0.0.1', 34688)
Traceback (most recent call last):
  File "/home/chener/miniconda3/lib/python3.14/socketserver.py", line 697, in process_request_thread
    self.finish_request(request, client_address)
    ~~~~~~~~~~~~~~~~~~~^^^^^^^^^^^^^^^^^^^^^^^^^
  File "/home/chener/miniconda3/lib/python3.14/socketserver.py", line 362, in finish_request
    self.RequestHandlerClass(request, client_address, self)
    ~~~~~~~~~~~~~~~~~~~~~~~~^^^^^^^^^^^^^^^^^^^^^^^^^^^^^^^
  File "/home/chener/miniconda3/lib/python3.14/http/server.py", line 736, in __init__
    super().__init__(*args, **kwargs)
    ~~~~~~~~~~~~~~~~^^^^^^^^^^^^^^^^^
  File "/home/chener/miniconda3/lib/python3.14/socketserver.py", line 766, in __init__
    self.handle()
    ~~~~~~~~~~~^^
  File "/home/chener/miniconda3/lib/python3.14/http/server.py", line 500, in handle
    self.handle_one_request()
    ~~~~~~~~~~~~~~~~~~~~~~~^^
  File "/home/chener/miniconda3/lib/python3.14/http/server.py", line 488, in handle_one_request
    method()
    ~~~~~~^^
  File "/home/chener/LIBERO/astra_eval/viz/serve.py", line 33, in do_GET
    return SimpleHTTPRequestHandler.do_GET(self)
           ~~~~~~~~~~~~~~~~~~~~~~~~~~~~~~~^^^^^^
  File "/home/chener/miniconda3/lib/python3.14/http/server.py", line 743, in do_GET
    self.copyfile(f, self.wfile)
    ~~~~~~~~~~~~~^^^^^^^^^^^^^^^
  File "/home/chener/miniconda3/lib/python3.14/http/server.py", line 946, in copyfile
    shutil.copyfileobj(source, outputfile)
    ~~~~~~~~~~~~~~~~~~^^^^^^^^^^^^^^^^^^^^
  File "/home/chener/miniconda3/lib/python3.14/shutil.py", line 257, in copyfileobj
    fdst_write(buf)
    ~~~~~~~~~~^^^^^
  File "/home/chener/miniconda3/lib/python3.14/socketserver.py", line 845, in write
    self._sock.sendall(b)
    ~~~~~~~~~~~~~~~~~~^^^
BrokenPipeError: [Errno 32] Broken pipe
----------------------------------------
22/Sep/2026 09:18:02 - "GET /ctrl/a25/0117_agentview.png HTTP/1.1" 200 -
22/Sep/2026 09:18:02 - "GET /ctrl/a25/0119_wrist.png HTTP/1.1" 200 -
----------------------------------------22/Sep/2026 09:18:02 - "GET /ctrl/a25/0120_agentview.png HTTP/1.1" 200 -

Exception occurred during processing of request from ('127.0.0.1', 34712)
Traceback (most recent call last):
  File "/home/chener/miniconda3/lib/python3.14/socketserver.py", line 697, in process_request_thread
    self.finish_request(request, client_address)
    ~~~~~~~~~~~~~~~~~~~^^^^^^^^^^^^^^^^^^^^^^^^^
  File "/home/chener/miniconda3/lib/python3.14/socketserver.py", line 362, in finish_request
    self.RequestHandlerClass(request, client_address, self)
    ~~~~~~~~~~~~~~~~~~~~~~~~^^^^^^^^^^^^^^^^^^^^^^^^^^^^^^^
  File "/home/chener/miniconda3/lib/python3.14/http/server.py", line 736, in __init__
    super().__init__(*args, **kwargs)
    ~~~~~~~~~~~~~~~~^^^^^^^^^^^^^^^^^
  File "/home/chener/miniconda3/lib/python3.14/socketserver.py", line 766, in __init__
    self.handle()
    ~~~~~~~~~~~^^
  File "/home/chener/miniconda3/lib/python3.14/http/server.py", line 500, in handle
    self.handle_one_request()
    ~~~~~~~~~~~~~~~~~~~~~~~^^
  File "/home/chener/miniconda3/lib/python3.14/http/server.py", line 488, in handle_one_request
    method()
    ~~~~~~^^
  File "/home/chener/LIBERO/astra_eval/viz/serve.py", line 33, in do_GET
    return SimpleHTTPRequestHandler.do_GET(self)
           ~~~~~~~~~~~~~~~~~~~~~~~~~~~~~~~^^^^^^
  File "/home/chener/miniconda3/lib/python3.14/http/server.py", line 743, in do_GET
    self.copyfile(f, self.wfile)
    ~~~~~~~~~~~~~^^^^^^^^^^^^^^^
  File "/home/chener/miniconda3/lib/python3.14/http/server.py", line 946, in copyfile
    shutil.copyfileobj(source, outputfile)
    ~~~~~~~~~~~~~~~~~~^^^^^^^^^^^^^^^^^^^^
  File "/home/chener/miniconda3/lib/python3.14/shutil.py", line 257, in copyfileobj
    fdst_write(buf)
    ~~~~~~~~~~^^^^^
  File "/home/chener/miniconda3/lib/python3.14/socketserver.py", line 845, in write
    self._sock.sendall(b)
    ~~~~~~~~~~~~~~~~~~^^^
BrokenPipeError: [Errno 32] Broken pipe
----------------------------------------
22/Sep/2026 09:18:02 - "GET /ctrl/a25/0121_agentview.png HTTP/1.1" 200 -
22/Sep/2026 09:18:02 - "GET /ctrl/a25/0121_wrist.png HTTP/1.1" 200 -
22/Sep/2026 09:18:02 - "GET /ctrl/a25/0122_agentview.png HTTP/1.1" 200 -
22/Sep/2026 09:18:02 - "GET /ctrl/a25/0124_agentview.png HTTP/1.1" 200 -
22/Sep/2026 09:18:02 - "GET /ctrl/a25/0127_agentview.png HTTP/1.1" 200 -
22/Sep/2026 09:18:02 - "GET /ctrl/a25/0127_wrist.png HTTP/1.1" 200 -
22/Sep/2026 09:18:02 - "GET /ctrl/a25/0128_agentview.png HTTP/1.1" 200 -
22/Sep/2026 09:18:02 - "GET /ctrl/a25/0128_wrist.png HTTP/1.1" 200 -
22/Sep/2026 09:18:02 - "GET /ctrl/a25/0129_agentview.png HTTP/1.1" 200 -
22/Sep/2026 09:18:02 - "GET /ctrl/a25/0131_agentview.png HTTP/1.1" 200 -
----------------------------------------
Exception occurred during processing of request from ('127.0.0.1', 34838)
Traceback (most recent call last):
  File "/home/chener/miniconda3/lib/python3.14/socketserver.py", line 697, in process_request_thread
    self.finish_request(request, client_address)
    ~~~~~~~~~~~~~~~~~~~^^^^^^^^^^^^^^^^^^^^^^^^^
  File "/home/chener/miniconda3/lib/python3.14/socketserver.py", line 362, in finish_request
    self.RequestHandlerClass(request, client_address, self)
    ~~~~~~~~~~~~~~~~~~~~~~~~^^^^^^^^^^^^^^^^^^^^^^^^^^^^^^^
  File "/home/chener/miniconda3/lib/python3.14/http/server.py", line 736, in __init__
    super().__init__(*args, **kwargs)
    ~~~~~~~~~~~~~~~~^^^^^^^^^^^^^^^^^
  File "/home/chener/miniconda3/lib/python3.14/socketserver.py", line 766, in __init__
    self.handle()
    ~~~~~~~~~~~^^
  File "/home/chener/miniconda3/lib/python3.14/http/server.py", line 500, in handle
    self.handle_one_request()
    ~~~~~~~~~~~~~~~~~~~~~~~^^
  File "/home/chener/miniconda3/lib/python3.14/http/server.py", line 488, in handle_one_request
    method()
    ~~~~~~^^
  File "/home/chener/LIBERO/astra_eval/viz/serve.py", line 33, in do_GET
    return SimpleHTTPRequestHandler.do_GET(self)
           ~~~~~~~~~~~~~~~~~~~~~~~~~~~~~~~^^^^^^
  File "/home/chener/miniconda3/lib/python3.14/http/server.py", line 743, in do_GET
    self.copyfile(f, self.wfile)
    ~~~~~~~~~~~~~^^^^^^^^^^^^^^^
  File "/home/chener/miniconda3/lib/python3.14/http/server.py", line 946, in copyfile
    shutil.copyfileobj(source, outputfile)
    ~~~~~~~~~~~~~~~~~~^^^^^^^^^^^^^^^^^^^^
  File "/home/chener/miniconda3/lib/python3.14/shutil.py", line 257, in copyfileobj
    fdst_write(buf)
    ~~~~~~~~~~^^^^^
  File "/home/chener/miniconda3/lib/python3.14/socketserver.py", line 845, in write
    self._sock.sendall(b)
    ~~~~~~~~~~~~~~~~~~^^^
BrokenPipeError: [Errno 32] Broken pipe
----------------------------------------
22/Sep/2026 09:18:02 - "GET /ctrl/a25/0134_agentview.png HTTP/1.1" 200 -
22/Sep/2026 09:18:02 - "GET /ctrl/a25/0134_wrist.png HTTP/1.1" 200 -
22/Sep/2026 09:18:02 - "GET /ctrl/a25/0135_agentview.png HTTP/1.1" 200 -
22/Sep/2026 09:18:02 - "GET /ctrl/a25/0135_wrist.png HTTP/1.1" 200 -
----------------------------------------
Exception occurred during processing of request from ('127.0.0.1', 34848)
----------------------------------------Traceback (most recent call last):

Exception occurred during processing of request from  File "/home/chener/miniconda3/lib/python3.14/socketserver.py", line 697, in process_request_thread
    self.finish_request(request, client_address)
    ~~~~~~~~~~~~~~~~~~~^^^^^^^^^^^^^^^^^^^^^^^^^
   File "/home/chener/miniconda3/lib/python3.14/socketserver.py", line 362, in finish_request
    self.RequestHandlerClass(request, client_address, self)
    ~~~~~~~~~~~~~~~~~~~~~~~~^^^^^^^^^^^^^^^^^^^^^^^^^^^^^^^
('127.0.0.1', 34854)
  File "/home/chener/miniconda3/lib/python3.14/http/server.py", line 736, in __init__
    super().__init__(*args, **kwargs)
    ~~~~~~~~~~~~~~~~^^^^^^^^^^^^^^^^^
  File "/home/chener/miniconda3/lib/python3.14/socketserver.py", line 766, in __init__
    self.handle()
    ~~~~~~~~~~~^^
  File "/home/chener/miniconda3/lib/python3.14/http/server.py", line 500, in handle
    self.handle_one_request()
    ~~~~~~~~~~~~~~~~~~~~~~~^^
Traceback (most recent call last):
  File "/home/chener/miniconda3/lib/python3.14/http/server.py", line 488, in handle_one_request
    method()
    ~~~~~~^^
  File "/home/chener/LIBERO/astra_eval/viz/serve.py", line 33, in do_GET
    return SimpleHTTPRequestHandler.do_GET(self)
           ~~~~~~~~~~~~~~~~~~~~~~~~~~~~~~~^^^^^^
  File "/home/chener/miniconda3/lib/python3.14/socketserver.py", line 697, in process_request_thread
    self.finish_request(request, client_address)
    ~~~~~~~~~~~~~~~~~~~^^^^^^^^^^^^^^^^^^^^^^^^^
  File "/home/chener/miniconda3/lib/python3.14/http/server.py", line 743, in do_GET
    self.copyfile(f, self.wfile)
    ~~~~~~~~~~~~~^^^^^^^^^^^^^^^
  File "/home/chener/miniconda3/lib/python3.14/http/server.py", line 946, in copyfile
    shutil.copyfileobj(source, outputfile)
    ~~~~~~~~~~~~~~~~~~^^^^^^^^^^^^^^^^^^^^
  File "/home/chener/miniconda3/lib/python3.14/socketserver.py", line 362, in finish_request
    self.RequestHandlerClass(request, client_address, self)
    ~~~~~~~~~~~~~~~~~~~~~~~~^^^^^^^^^^^^^^^^^^^^^^^^^^^^^^^
  File "/home/chener/miniconda3/lib/python3.14/http/server.py", line 736, in __init__
    super().__init__(*args, **kwargs)
    ~~~~~~~~~~~~~~~~^^^^^^^^^^^^^^^^^
  File "/home/chener/miniconda3/lib/python3.14/shutil.py", line 257, in copyfileobj
    fdst_write(buf)
    ~~~~~~~~~~^^^^^
  File "/home/chener/miniconda3/lib/python3.14/socketserver.py", line 766, in __init__
    self.handle()
    ~~~~~~~~~~~^^
  File "/home/chener/miniconda3/lib/python3.14/http/server.py", line 500, in handle
    self.handle_one_request()
    ~~~~~~~~~~~~~~~~~~~~~~~^^
  File "/home/chener/miniconda3/lib/python3.14/socketserver.py", line 845, in write
    self._sock.sendall(b)
    ~~~~~~~~~~~~~~~~~~^^^
BrokenPipeError: [Errno 32] Broken pipe
----------------------------------------
  File "/home/chener/miniconda3/lib/python3.14/http/server.py", line 488, in handle_one_request
    method()
    ~~~~~~^^
  File "/home/chener/LIBERO/astra_eval/viz/serve.py", line 33, in do_GET
    return SimpleHTTPRequestHandler.do_GET(self)
           ~~~~~~~~~~~~~~~~~~~~~~~~~~~~~~~^^^^^^
  File "/home/chener/miniconda3/lib/python3.14/http/server.py", line 743, in do_GET
    self.copyfile(f, self.wfile)
    ~~~~~~~~~~~~~^^^^^^^^^^^^^^^
  File "/home/chener/miniconda3/lib/python3.14/http/server.py", line 946, in copyfile
    shutil.copyfileobj(source, outputfile)
    ~~~~~~~~~~~~~~~~~~^^^^^^^^^^^^^^^^^^^^
  File "/home/chener/miniconda3/lib/python3.14/shutil.py", line 257, in copyfileobj
    fdst_write(buf)
    ~~~~~~~~~~^^^^^
  File "/home/chener/miniconda3/lib/python3.14/socketserver.py", line 845, in write
    self._sock.sendall(b)
    ~~~~~~~~~~~~~~~~~~^^^
BrokenPipeError: [Errno 32] Broken pipe
----------------------------------------
22/Sep/2026 09:18:03 - "GET /ctrl/a25/0137_agentview.png HTTP/1.1" 200 -
22/Sep/2026 09:18:03 - "GET /ctrl/a25/0138_agentview.png HTTP/1.1" 200 -
22/Sep/2026 09:18:03 - "GET /ctrl/a25/0141_agentview.png HTTP/1.1" 200 -
22/Sep/2026 09:18:03 - "GET /ctrl/a25/0141_wrist.png HTTP/1.1" 200 -
22/Sep/2026 09:18:03 - "GET /ctrl/a25/0142_agentview.png HTTP/1.1" 200 -
22/Sep/2026 09:18:03 - "GET /ctrl/a25/0142_wrist.png HTTP/1.1" 200 -
22/Sep/2026 09:18:03 - "GET /ctrl/a25/0143_agentview.png HTTP/1.1" 200 -
22/Sep/2026 09:18:03 - "GET /ctrl/a25/0144_agentview.png HTTP/1.1" 200 -
22/Sep/2026 09:18:03 - "GET /ctrl/a25/0148_agentview.png HTTP/1.1" 200 -
22/Sep/2026 09:18:03 - "GET /ctrl/a25/0148_wrist.png HTTP/1.1" 200 -
22/Sep/2026 09:18:03 - "GET /ctrl/a25/0149_agentview.png HTTP/1.1" 200 -
22/Sep/2026 09:18:03 - "GET /ctrl/a25/0149_wrist.png HTTP/1.1" 200 -
22/Sep/2026 09:18:03 - "GET /ctrl/a25/0150_agentview.png HTTP/1.1" 200 -
22/Sep/2026 09:18:03 - "GET /ctrl/a25/0152_agentview.png HTTP/1.1" 200 -
22/Sep/2026 09:18:03 - "GET /ctrl/a25/0155_agentview.png HTTP/1.1" 200 -
22/Sep/2026 09:18:03 - "GET /ctrl/a25/0155_wrist.png HTTP/1.1" 200 -
22/Sep/2026 09:18:03 - "GET /ctrl/a25/0156_agentview.png HTTP/1.1" 200 -
22/Sep/2026 09:18:03 - "GET /ctrl/a25/0156_wrist.png HTTP/1.1" 200 -
22/Sep/2026 09:18:04 - "GET /ctrl/a25/0157_agentview.png HTTP/1.1" 200 -
----------------------------------------
Exception occurred during processing of request from ('127.0.0.1', 35034)
Traceback (most recent call last):
  File "/home/chener/miniconda3/lib/python3.14/socketserver.py", line 697, in process_request_thread
    self.finish_request(request, client_address)
    ~~~~~~~~~~~~~~~~~~~^^^^^^^^^^^^^^^^^^^^^^^^^
  File "/home/chener/miniconda3/lib/python3.14/socketserver.py", line 362, in finish_request
    self.RequestHandlerClass(request, client_address, self)
    ~~~~~~~~~~~~~~~~~~~~~~~~^^^^^^^^^^^^^^^^^^^^^^^^^^^^^^^
  File "/home/chener/miniconda3/lib/python3.14/http/server.py", line 736, in __init__
    super().__init__(*args, **kwargs)
    ~~~~~~~~~~~~~~~~^^^^^^^^^^^^^^^^^
  File "/home/chener/miniconda3/lib/python3.14/socketserver.py", line 766, in __init__
    self.handle()
    ~~~~~~~~~~~^^
  File "/home/chener/miniconda3/lib/python3.14/http/server.py", line 500, in handle
    self.handle_one_request()
    ~~~~~~~~~~~~~~~~~~~~~~~^^
  File "/home/chener/miniconda3/lib/python3.14/http/server.py", line 488, in handle_one_request
    method()
    ~~~~~~^^
  File "/home/chener/LIBERO/astra_eval/viz/serve.py", line 33, in do_GET
    return SimpleHTTPRequestHandler.do_GET(self)
           ~~~~~~~~~~~~~~~~~~~~~~~~~~~~~~~^^^^^^
  File "/home/chener/miniconda3/lib/python3.14/http/server.py", line 743, in do_GET
    self.copyfile(f, self.wfile)
    ~~~~~~~~~~~~~^^^^^^^^^^^^^^^
  File "/home/chener/miniconda3/lib/python3.14/http/server.py", line 946, in copyfile
    shutil.copyfileobj(source, outputfile)
    ~~~~~~~~~~~~~~~~~~^^^^^^^^^^^^^^^^^^^^
  File "/home/chener/miniconda3/lib/python3.14/shutil.py", line 257, in copyfileobj
    fdst_write(buf)
    ~~~~~~~~~~^^^^^
  File "/home/chener/miniconda3/lib/python3.14/socketserver.py", line 845, in write
    self._sock.sendall(b)
    ~~~~~~~~~~~~~~~~~~^^^
BrokenPipeError: [Errno 32] Broken pipe
----------------------------------------
22/Sep/2026 09:18:04 - "GET /ctrl/a25/0158_agentview.png HTTP/1.1" 200 -
22/Sep/2026 09:18:04 - "GET /ctrl/a25/0163_agentview.png HTTP/1.1" 200 -
22/Sep/2026 09:18:04 - "GET /ctrl/a25/0163_wrist.png HTTP/1.1" 200 -
22/Sep/2026 09:18:04 - "GET /ctrl/a25/0164_wrist.png HTTP/1.1" 200 -
22/Sep/2026 09:18:04 - "GET /ctrl/a25/0164_agentview.png HTTP/1.1" 200 -
22/Sep/2026 09:18:04 - "GET /ctrl/a25/0165_agentview.png HTTP/1.1" 200 -
22/Sep/2026 09:18:04 - "GET /ctrl/a25/0166_agentview.png HTTP/1.1" 200 -
22/Sep/2026 09:18:04 - "GET /ctrl/a25/0169_agentview.png HTTP/1.1" 200 -
22/Sep/2026 09:18:04 - "GET /ctrl/a25/0169_wrist.png HTTP/1.1" 200 -
--------------------------------------------------------------------------------

Exception occurred during processing of request fromException occurred during processing of request from  ('127.0.0.1', 35124)
('127.0.0.1', 35126)
Traceback (most recent call last):
Traceback (most recent call last):
  File "/home/chener/miniconda3/lib/python3.14/socketserver.py", line 697, in process_request_thread
    self.finish_request(request, client_address)
    ~~~~~~~~~~~~~~~~~~~^^^^^^^^^^^^^^^^^^^^^^^^^
  File "/home/chener/miniconda3/lib/python3.14/socketserver.py", line 697, in process_request_thread
    self.finish_request(request, client_address)
    ~~~~~~~~~~~~~~~~~~~^^^^^^^^^^^^^^^^^^^^^^^^^
  File "/home/chener/miniconda3/lib/python3.14/socketserver.py", line 362, in finish_request
    self.RequestHandlerClass(request, client_address, self)
    ~~~~~~~~~~~~~~~~~~~~~~~~^^^^^^^^^^^^^^^^^^^^^^^^^^^^^^^
  File "/home/chener/miniconda3/lib/python3.14/socketserver.py", line 362, in finish_request
    self.RequestHandlerClass(request, client_address, self)
    ~~~~~~~~~~~~~~~~~~~~~~~~^^^^^^^^^^^^^^^^^^^^^^^^^^^^^^^
  File "/home/chener/miniconda3/lib/python3.14/http/server.py", line 736, in __init__
    super().__init__(*args, **kwargs)
    ~~~~~~~~~~~~~~~~^^^^^^^^^^^^^^^^^
  File "/home/chener/miniconda3/lib/python3.14/socketserver.py", line 766, in __init__
    self.handle()
    ~~~~~~~~~~~^^
  File "/home/chener/miniconda3/lib/python3.14/http/server.py", line 500, in handle
    self.handle_one_request()
    ~~~~~~~~~~~~~~~~~~~~~~~^^
  File "/home/chener/miniconda3/lib/python3.14/http/server.py", line 488, in handle_one_request
    method()
    ~~~~~~^^
  File "/home/chener/LIBERO/astra_eval/viz/serve.py", line 33, in do_GET
    return SimpleHTTPRequestHandler.do_GET(self)
           ~~~~~~~~~~~~~~~~~~~~~~~~~~~~~~~^^^^^^
  File "/home/chener/miniconda3/lib/python3.14/http/server.py", line 743, in do_GET
    self.copyfile(f, self.wfile)
    ~~~~~~~~~~~~~^^^^^^^^^^^^^^^
  File "/home/chener/miniconda3/lib/python3.14/http/server.py", line 736, in __init__
    super().__init__(*args, **kwargs)
    ~~~~~~~~~~~~~~~~^^^^^^^^^^^^^^^^^
  File "/home/chener/miniconda3/lib/python3.14/socketserver.py", line 766, in __init__
    self.handle()
    ~~~~~~~~~~~^^
  File "/home/chener/miniconda3/lib/python3.14/http/server.py", line 500, in handle
    self.handle_one_request()
    ~~~~~~~~~~~~~~~~~~~~~~~^^
  File "/home/chener/miniconda3/lib/python3.14/http/server.py", line 488, in handle_one_request
    method()
    ~~~~~~^^
  File "/home/chener/LIBERO/astra_eval/viz/serve.py", line 33, in do_GET
    return SimpleHTTPRequestHandler.do_GET(self)
           ~~~~~~~~~~~~~~~~~~~~~~~~~~~~~~~^^^^^^
  File "/home/chener/miniconda3/lib/python3.14/http/server.py", line 946, in copyfile
    shutil.copyfileobj(source, outputfile)
    ~~~~~~~~~~~~~~~~~~^^^^^^^^^^^^^^^^^^^^
  File "/home/chener/miniconda3/lib/python3.14/http/server.py", line 743, in do_GET
    self.copyfile(f, self.wfile)
    ~~~~~~~~~~~~~^^^^^^^^^^^^^^^
  File "/home/chener/miniconda3/lib/python3.14/shutil.py", line 257, in copyfileobj
    fdst_write(buf)
    ~~~~~~~~~~^^^^^
  File "/home/chener/miniconda3/lib/python3.14/socketserver.py", line 845, in write
    self._sock.sendall(b)
    ~~~~~~~~~~~~~~~~~~^^^
  File "/home/chener/miniconda3/lib/python3.14/http/server.py", line 946, in copyfile
    shutil.copyfileobj(source, outputfile)
    ~~~~~~~~~~~~~~~~~~^^^^^^^^^^^^^^^^^^^^
  File "/home/chener/miniconda3/lib/python3.14/shutil.py", line 257, in copyfileobj
    fdst_write(buf)
    ~~~~~~~~~~^^^^^
BrokenPipeError: [Errno 32] Broken pipe
----------------------------------------
  File "/home/chener/miniconda3/lib/python3.14/socketserver.py", line 845, in write
    self._sock.sendall(b)
    ~~~~~~~~~~~~~~~~~~^^^
BrokenPipeError: [Errno 32] Broken pipe
----------------------------------------
22/Sep/2026 09:18:04 - "GET /ctrl/a25/0170_agentview.png HTTP/1.1" 200 -
22/Sep/2026 09:18:04 - "GET /ctrl/a25/0170_wrist.png HTTP/1.1" 200 -
22/Sep/2026 09:18:04 - "GET /ctrl/a25/0171_agentview.png HTTP/1.1" 200 -
22/Sep/2026 09:18:04 - "GET /ctrl/a25/0172_agentview.png HTTP/1.1" 200 -
22/Sep/2026 09:18:04 - "GET /ctrl/a25/0177_agentview.png HTTP/1.1" 200 -
22/Sep/2026 09:18:04 - "GET /ctrl/a25/0177_wrist.png HTTP/1.1" 200 -
22/Sep/2026 09:18:05 - "GET /ctrl/a25/0178_agentview.png HTTP/1.1" 200 -
22/Sep/2026 09:18:05 - "GET /ctrl/a25/0178_wrist.png HTTP/1.1" 200 -
22/Sep/2026 09:18:05 - "GET /ctrl/a25/0179_wrist.png HTTP/1.1" 200 -
22/Sep/2026 09:18:05 - "GET /ctrl/a25/0179_agentview.png HTTP/1.1" 200 -
22/Sep/2026 09:18:05 - "GET /ctrl/a25/0186_agentview.png HTTP/1.1" 200 -
22/Sep/2026 09:18:05 - "GET /ctrl/a25/0186_wrist.png HTTP/1.1" 200 -
22/Sep/2026 09:18:05 - "GET /ctrl/a25/0187_agentview.png HTTP/1.1" 200 -
22/Sep/2026 09:18:05 - "GET /ctrl/a25/0187_wrist.png HTTP/1.1" 200 -
22/Sep/2026 09:18:05 - "GET /ctrl/a25/0188_agentview.png HTTP/1.1" 200 -
22/Sep/2026 09:18:05 - "GET /ctrl/a25/0188_wrist.png HTTP/1.1" 200 -
22/Sep/2026 09:18:05 - "GET /ctrl/a25/0192_agentview.png HTTP/1.1" 200 -
22/Sep/2026 09:18:05 - "GET /ctrl/a25/0192_wrist.png HTTP/1.1" 200 -
----------------------------------------
Exception occurred during processing of request from ('127.0.0.1', 35296)
Traceback (most recent call last):
  File "/home/chener/miniconda3/lib/python3.14/socketserver.py", line 697, in process_request_thread
    self.finish_request(request, client_address)
    ~~~~~~~~~~~~~~~~~~~^^^^^^^^^^^^^^^^^^^^^^^^^
  File "/home/chener/miniconda3/lib/python3.14/socketserver.py", line 362, in finish_request
    self.RequestHandlerClass(request, client_address, self)
    ~~~~~~~~~~~~~~~~~~~~~~~~^^^^^^^^^^^^^^^^^^^^^^^^^^^^^^^
  File "/home/chener/miniconda3/lib/python3.14/http/server.py", line 736, in __init__
    super().__init__(*args, **kwargs)
    ~~~~~~~~~~~~~~~~^^^^^^^^^^^^^^^^^
  File "/home/chener/miniconda3/lib/python3.14/socketserver.py", line 766, in __init__
    self.handle()
    ~~~~~~~~~~~^^
  File "/home/chener/miniconda3/lib/python3.14/http/server.py", line 500, in handle
    self.handle_one_request()
    ~~~~~~~~~~~~~~~~~~~~~~~^^
  File "/home/chener/miniconda3/lib/python3.14/http/server.py", line 488, in handle_one_request
    method()
    ~~~~~~^^
  File "/home/chener/LIBERO/astra_eval/viz/serve.py", line 33, in do_GET
    return SimpleHTTPRequestHandler.do_GET(self)
           ~~~~~~~~~~~~~~~~~~~~~~~~~~~~~~~^^^^^^
  File "/home/chener/miniconda3/lib/python3.14/http/server.py", line 743, in do_GET
    self.copyfile(f, self.wfile)
    ~~~~~~~~~~~~~^^^^^^^^^^^^^^^
  File "/home/chener/miniconda3/lib/python3.14/http/server.py", line 946, in copyfile
    shutil.copyfileobj(source, outputfile)
    ~~~~~~~~~~~~~~~~~~^^^^^^^^^^^^^^^^^^^^
  File "/home/chener/miniconda3/lib/python3.14/shutil.py", line 257, in copyfileobj
    fdst_write(buf)
    ~~~~~~~~~~^^^^^
  File "/home/chener/miniconda3/lib/python3.14/socketserver.py", line 845, in write
    self._sock.sendall(b)
    ~~~~~~~~~~~~~~~~~~^^^
BrokenPipeError: [Errno 32] Broken pipe
----------------------------------------
22/Sep/2026 09:18:05 - "GET /ctrl/a25/0193_agentview.png HTTP/1.1" 200 -
22/Sep/2026 09:18:05 - "GET /ctrl/a25/0193_wrist.png HTTP/1.1" 200 -
----------------------------------------
Exception occurred during processing of request from ('127.0.0.1', 35304)
----------------------------------------
Exception occurred during processing of request from ('127.0.0.1', 35318)
Traceback (most recent call last):
Traceback (most recent call last):
  File "/home/chener/miniconda3/lib/python3.14/socketserver.py", line 697, in process_request_thread
    self.finish_request(request, client_address)
    ~~~~~~~~~~~~~~~~~~~^^^^^^^^^^^^^^^^^^^^^^^^^
  File "/home/chener/miniconda3/lib/python3.14/socketserver.py", line 697, in process_request_thread
    self.finish_request(request, client_address)
    ~~~~~~~~~~~~~~~~~~~^^^^^^^^^^^^^^^^^^^^^^^^^
  File "/home/chener/miniconda3/lib/python3.14/socketserver.py", line 362, in finish_request
    self.RequestHandlerClass(request, client_address, self)
    ~~~~~~~~~~~~~~~~~~~~~~~~^^^^^^^^^^^^^^^^^^^^^^^^^^^^^^^
  File "/home/chener/miniconda3/lib/python3.14/http/server.py", line 736, in __init__
    super().__init__(*args, **kwargs)
    ~~~~~~~~~~~~~~~~^^^^^^^^^^^^^^^^^
  File "/home/chener/miniconda3/lib/python3.14/socketserver.py", line 362, in finish_request
    self.RequestHandlerClass(request, client_address, self)
    ~~~~~~~~~~~~~~~~~~~~~~~~^^^^^^^^^^^^^^^^^^^^^^^^^^^^^^^
  File "/home/chener/miniconda3/lib/python3.14/socketserver.py", line 766, in __init__
    self.handle()
    ~~~~~~~~~~~^^
  File "/home/chener/miniconda3/lib/python3.14/http/server.py", line 500, in handle
    self.handle_one_request()
    ~~~~~~~~~~~~~~~~~~~~~~~^^
  File "/home/chener/miniconda3/lib/python3.14/http/server.py", line 736, in __init__
    super().__init__(*args, **kwargs)
    ~~~~~~~~~~~~~~~~^^^^^^^^^^^^^^^^^
  File "/home/chener/miniconda3/lib/python3.14/socketserver.py", line 766, in __init__
    self.handle()
    ~~~~~~~~~~~^^
  File "/home/chener/miniconda3/lib/python3.14/http/server.py", line 488, in handle_one_request
    method()
    ~~~~~~^^
  File "/home/chener/LIBERO/astra_eval/viz/serve.py", line 33, in do_GET
    return SimpleHTTPRequestHandler.do_GET(self)
           ~~~~~~~~~~~~~~~~~~~~~~~~~~~~~~~^^^^^^
  File "/home/chener/miniconda3/lib/python3.14/http/server.py", line 500, in handle
    self.handle_one_request()
    ~~~~~~~~~~~~~~~~~~~~~~~^^
  File "/home/chener/miniconda3/lib/python3.14/http/server.py", line 743, in do_GET
    self.copyfile(f, self.wfile)
    ~~~~~~~~~~~~~^^^^^^^^^^^^^^^
  File "/home/chener/miniconda3/lib/python3.14/http/server.py", line 946, in copyfile
    shutil.copyfileobj(source, outputfile)
    ~~~~~~~~~~~~~~~~~~^^^^^^^^^^^^^^^^^^^^
  File "/home/chener/miniconda3/lib/python3.14/shutil.py", line 257, in copyfileobj
    fdst_write(buf)
    ~~~~~~~~~~^^^^^
  File "/home/chener/miniconda3/lib/python3.14/socketserver.py", line 845, in write
    self._sock.sendall(b)
    ~~~~~~~~~~~~~~~~~~^^^
  File "/home/chener/miniconda3/lib/python3.14/http/server.py", line 488, in handle_one_request
    method()
    ~~~~~~^^
  File "/home/chener/LIBERO/astra_eval/viz/serve.py", line 33, in do_GET
    return SimpleHTTPRequestHandler.do_GET(self)
           ~~~~~~~~~~~~~~~~~~~~~~~~~~~~~~~^^^^^^
  File "/home/chener/miniconda3/lib/python3.14/http/server.py", line 743, in do_GET
    self.copyfile(f, self.wfile)
    ~~~~~~~~~~~~~^^^^^^^^^^^^^^^
  File "/home/chener/miniconda3/lib/python3.14/http/server.py", line 946, in copyfile
    shutil.copyfileobj(source, outputfile)
    ~~~~~~~~~~~~~~~~~~^^^^^^^^^^^^^^^^^^^^
  File "/home/chener/miniconda3/lib/python3.14/shutil.py", line 257, in copyfileobj
    fdst_write(buf)
    ~~~~~~~~~~^^^^^
BrokenPipeError: [Errno 32] Broken pipe
----------------------------------------
  File "/home/chener/miniconda3/lib/python3.14/socketserver.py", line 845, in write
    self._sock.sendall(b)
    ~~~~~~~~~~~~~~~~~~^^^
BrokenPipeError: [Errno 32] Broken pipe
----------------------------------------
22/Sep/2026 09:18:05 - "GET /ctrl/a25/0194_agentview.png HTTP/1.1" 200 -
22/Sep/2026 09:18:05 - "GET /ctrl/a25/0194_wrist.png HTTP/1.1" 200 -
----------------------------------------
Exception occurred during processing of request from ('127.0.0.1', 35324)
----------------------------------------
Exception occurred during processing of request from Traceback (most recent call last):
('127.0.0.1', 35340)  File "/home/chener/miniconda3/lib/python3.14/socketserver.py", line 697, in process_request_thread
    self.finish_request(request, client_address)
    ~~~~~~~~~~~~~~~~~~~^^^^^^^^^^^^^^^^^^^^^^^^^
  File "/home/chener/miniconda3/lib/python3.14/socketserver.py", line 362, in finish_request
    self.RequestHandlerClass(request, client_address, self)
    ~~~~~~~~~~~~~~~~~~~~~~~~^^^^^^^^^^^^^^^^^^^^^^^^^^^^^^^
  File "/home/chener/miniconda3/lib/python3.14/http/server.py", line 736, in __init__
    super().__init__(*args, **kwargs)
    ~~~~~~~~~~~~~~~~^^^^^^^^^^^^^^^^^

  File "/home/chener/miniconda3/lib/python3.14/socketserver.py", line 766, in __init__
    self.handle()
    ~~~~~~~~~~~^^
  File "/home/chener/miniconda3/lib/python3.14/http/server.py", line 500, in handle
    self.handle_one_request()
    ~~~~~~~~~~~~~~~~~~~~~~~^^
  File "/home/chener/miniconda3/lib/python3.14/http/server.py", line 488, in handle_one_request
    method()
    ~~~~~~^^
  File "/home/chener/LIBERO/astra_eval/viz/serve.py", line 33, in do_GET
    return SimpleHTTPRequestHandler.do_GET(self)
           ~~~~~~~~~~~~~~~~~~~~~~~~~~~~~~~^^^^^^
Traceback (most recent call last):
  File "/home/chener/miniconda3/lib/python3.14/http/server.py", line 743, in do_GET
    self.copyfile(f, self.wfile)
    ~~~~~~~~~~~~~^^^^^^^^^^^^^^^
  File "/home/chener/miniconda3/lib/python3.14/http/server.py", line 946, in copyfile
    shutil.copyfileobj(source, outputfile)
    ~~~~~~~~~~~~~~~~~~^^^^^^^^^^^^^^^^^^^^
  File "/home/chener/miniconda3/lib/python3.14/shutil.py", line 257, in copyfileobj
    fdst_write(buf)
    ~~~~~~~~~~^^^^^
  File "/home/chener/miniconda3/lib/python3.14/socketserver.py", line 845, in write
    self._sock.sendall(b)
    ~~~~~~~~~~~~~~~~~~^^^
BrokenPipeError: [Errno 32] Broken pipe
----------------------------------------
  File "/home/chener/miniconda3/lib/python3.14/socketserver.py", line 697, in process_request_thread
    self.finish_request(request, client_address)
    ~~~~~~~~~~~~~~~~~~~^^^^^^^^^^^^^^^^^^^^^^^^^
  File "/home/chener/miniconda3/lib/python3.14/socketserver.py", line 362, in finish_request
    self.RequestHandlerClass(request, client_address, self)
    ~~~~~~~~~~~~~~~~~~~~~~~~^^^^^^^^^^^^^^^^^^^^^^^^^^^^^^^
  File "/home/chener/miniconda3/lib/python3.14/http/server.py", line 736, in __init__
    super().__init__(*args, **kwargs)
    ~~~~~~~~~~~~~~~~^^^^^^^^^^^^^^^^^
  File "/home/chener/miniconda3/lib/python3.14/socketserver.py", line 766, in __init__
    self.handle()
    ~~~~~~~~~~~^^
  File "/home/chener/miniconda3/lib/python3.14/http/server.py", line 500, in handle
    self.handle_one_request()
    ~~~~~~~~~~~~~~~~~~~~~~~^^
  File "/home/chener/miniconda3/lib/python3.14/http/server.py", line 488, in handle_one_request
    method()
    ~~~~~~^^
  File "/home/chener/LIBERO/astra_eval/viz/serve.py", line 33, in do_GET
    return SimpleHTTPRequestHandler.do_GET(self)
           ~~~~~~~~~~~~~~~~~~~~~~~~~~~~~~~^^^^^^
  File "/home/chener/miniconda3/lib/python3.14/http/server.py", line 743, in do_GET
    self.copyfile(f, self.wfile)
    ~~~~~~~~~~~~~^^^^^^^^^^^^^^^
  File "/home/chener/miniconda3/lib/python3.14/http/server.py", line 946, in copyfile
    shutil.copyfileobj(source, outputfile)
    ~~~~~~~~~~~~~~~~~~^^^^^^^^^^^^^^^^^^^^
  File "/home/chener/miniconda3/lib/python3.14/shutil.py", line 257, in copyfileobj
    fdst_write(buf)
    ~~~~~~~~~~^^^^^
  File "/home/chener/miniconda3/lib/python3.14/socketserver.py", line 845, in write
    self._sock.sendall(b)
    ~~~~~~~~~~~~~~~~~~^^^
BrokenPipeError: [Errno 32] Broken pipe
----------------------------------------
22/Sep/2026 09:18:06 - "GET /ctrl/a25/0198_agentview.png HTTP/1.1" 200 -
22/Sep/2026 09:18:06 - "GET /ctrl/a25/0199_agentview.png HTTP/1.1" 200 -
----------------------------------------
22/Sep/2026 09:18:06 - "GET /ctrl/a25/0199_wrist.png HTTP/1.1" 200 -
Exception occurred during processing of request from ('127.0.0.1', 35358)
Traceback (most recent call last):
----------------------------------------
Exception occurred during processing of request from  File "/home/chener/miniconda3/lib/python3.14/socketserver.py", line 697, in process_request_thread
    self.finish_request(request, client_address)
    ~~~~~~~~~~~~~~~~~~~^^^^^^^^^^^^^^^^^^^^^^^^^
   File "/home/chener/miniconda3/lib/python3.14/socketserver.py", line 362, in finish_request
    self.RequestHandlerClass(request, client_address, self)
    ~~~~~~~~~~~~~~~~~~~~~~~~^^^^^^^^^^^^^^^^^^^^^^^^^^^^^^^
('127.0.0.1', 35372)
  File "/home/chener/miniconda3/lib/python3.14/http/server.py", line 736, in __init__
    super().__init__(*args, **kwargs)
    ~~~~~~~~~~~~~~~~^^^^^^^^^^^^^^^^^
  File "/home/chener/miniconda3/lib/python3.14/socketserver.py", line 766, in __init__
    self.handle()
    ~~~~~~~~~~~^^
  File "/home/chener/miniconda3/lib/python3.14/http/server.py", line 500, in handle
    self.handle_one_request()
    ~~~~~~~~~~~~~~~~~~~~~~~^^
  File "/home/chener/miniconda3/lib/python3.14/http/server.py", line 488, in handle_one_request
    method()
    ~~~~~~^^
  File "/home/chener/LIBERO/astra_eval/viz/serve.py", line 33, in do_GET
    return SimpleHTTPRequestHandler.do_GET(self)
           ~~~~~~~~~~~~~~~~~~~~~~~~~~~~~~~^^^^^^
Traceback (most recent call last):
  File "/home/chener/miniconda3/lib/python3.14/http/server.py", line 743, in do_GET
    self.copyfile(f, self.wfile)
    ~~~~~~~~~~~~~^^^^^^^^^^^^^^^
  File "/home/chener/miniconda3/lib/python3.14/http/server.py", line 946, in copyfile
    shutil.copyfileobj(source, outputfile)
    ~~~~~~~~~~~~~~~~~~^^^^^^^^^^^^^^^^^^^^
  File "/home/chener/miniconda3/lib/python3.14/shutil.py", line 257, in copyfileobj
    fdst_write(buf)
    ~~~~~~~~~~^^^^^
  File "/home/chener/miniconda3/lib/python3.14/socketserver.py", line 845, in write
    self._sock.sendall(b)
    ~~~~~~~~~~~~~~~~~~^^^
BrokenPipeError: [Errno 32] Broken pipe
----------------------------------------  File "/home/chener/miniconda3/lib/python3.14/socketserver.py", line 697, in process_request_thread
    self.finish_request(request, client_address)
    ~~~~~~~~~~~~~~~~~~~^^^^^^^^^^^^^^^^^^^^^^^^^

  File "/home/chener/miniconda3/lib/python3.14/socketserver.py", line 362, in finish_request
    self.RequestHandlerClass(request, client_address, self)
    ~~~~~~~~~~~~~~~~~~~~~~~~^^^^^^^^^^^^^^^^^^^^^^^^^^^^^^^
  File "/home/chener/miniconda3/lib/python3.14/http/server.py", line 736, in __init__
    super().__init__(*args, **kwargs)
    ~~~~~~~~~~~~~~~~^^^^^^^^^^^^^^^^^
  File "/home/chener/miniconda3/lib/python3.14/socketserver.py", line 766, in __init__
    self.handle()
    ~~~~~~~~~~~^^
  File "/home/chener/miniconda3/lib/python3.14/http/server.py", line 500, in handle
    self.handle_one_request()
    ~~~~~~~~~~~~~~~~~~~~~~~^^
  File "/home/chener/miniconda3/lib/python3.14/http/server.py", line 488, in handle_one_request
    method()
    ~~~~~~^^
  File "/home/chener/LIBERO/astra_eval/viz/serve.py", line 33, in do_GET
    return SimpleHTTPRequestHandler.do_GET(self)
           ~~~~~~~~~~~~~~~~~~~~~~~~~~~~~~~^^^^^^
  File "/home/chener/miniconda3/lib/python3.14/http/server.py", line 743, in do_GET
    self.copyfile(f, self.wfile)
    ~~~~~~~~~~~~~^^^^^^^^^^^^^^^
  File "/home/chener/miniconda3/lib/python3.14/http/server.py", line 946, in copyfile
    shutil.copyfileobj(source, outputfile)
    ~~~~~~~~~~~~~~~~~~^^^^^^^^^^^^^^^^^^^^
  File "/home/chener/miniconda3/lib/python3.14/shutil.py", line 257, in copyfileobj
    fdst_write(buf)
    ~~~~~~~~~~^^^^^
  File "/home/chener/miniconda3/lib/python3.14/socketserver.py", line 845, in write
    self._sock.sendall(b)
    ~~~~~~~~~~~~~~~~~~^^^
BrokenPipeError: [Errno 32] Broken pipe
----------------------------------------
22/Sep/2026 09:18:06 - "GET /ctrl/a25/0200_agentview.png HTTP/1.1" 200 -
22/Sep/2026 09:18:06 - "GET /ctrl/a25/0200_wrist.png HTTP/1.1" 200 -
----------------------------------------
Exception occurred during processing of request from ('127.0.0.1', 35380)
Traceback (most recent call last):
  File "/home/chener/miniconda3/lib/python3.14/socketserver.py", line 697, in process_request_thread
    self.finish_request(request, client_address)
    ~~~~~~~~~~~~~~~~~~~^^^^^^^^^^^^^^^^^^^^^^^^^
  File "/home/chener/miniconda3/lib/python3.14/socketserver.py", line 362, in finish_request
    self.RequestHandlerClass(request, client_address, self)
    ~~~~~~~~~~~~~~~~~~~~~~~~^^^^^^^^^^^^^^^^^^^^^^^^^^^^^^^
  File "/home/chener/miniconda3/lib/python3.14/http/server.py", line 736, in __init__
    super().__init__(*args, **kwargs)
    ~~~~~~~~~~~~~~~~^^^^^^^^^^^^^^^^^
  File "/home/chener/miniconda3/lib/python3.14/socketserver.py", line 766, in __init__
    self.handle()
    ~~~~~~~~~~~^^
  File "/home/chener/miniconda3/lib/python3.14/http/server.py", line 500, in handle
    self.handle_one_request()
    ~~~~~~~~~~~~~~~~~~~~~~~^^
  File "/home/chener/miniconda3/lib/python3.14/http/server.py", line 488, in handle_one_request
    method()
    ~~~~~~^^
  File "/home/chener/LIBERO/astra_eval/viz/serve.py", line 33, in do_GET
    return SimpleHTTPRequestHandler.do_GET(self)
           ~~~~~~~~~~~~~~~~~~~~~~~~~~~~~~~^^^^^^
  File "/home/chener/miniconda3/lib/python3.14/http/server.py", line 743, in do_GET
    self.copyfile(f, self.wfile)
    ~~~~~~~~~~~~~^^^^^^^^^^^^^^^
  File "/home/chener/miniconda3/lib/python3.14/http/server.py", line 946, in copyfile
    shutil.copyfileobj(source, outputfile)
    ~~~~~~~~~~~~~~~~~~^^^^^^^^^^^^^^^^^^^^
  File "/home/chener/miniconda3/lib/python3.14/shutil.py", line 257, in copyfileobj
    fdst_write(buf)
    ~~~~~~~~~~^^^^^
  File "/home/chener/miniconda3/lib/python3.14/socketserver.py", line 845, in write
    self._sock.sendall(b)
    ~~~~~~~~~~~~~~~~~~^^^
BrokenPipeError: [Errno 32] Broken pipe
----------------------------------------
22/Sep/2026 09:18:06 - "GET /ctrl/a25/0202_agentview.png HTTP/1.1" 200 -
22/Sep/2026 09:18:06 - "GET /ctrl/a25/0205_agentview.png HTTP/1.1" 200 -
22/Sep/2026 09:18:06 - "GET /ctrl/a25/0205_wrist.png HTTP/1.1" 200 -
22/Sep/2026 09:18:06 - "GET /ctrl/a25/0206_wrist.png HTTP/1.1" 200 -
22/Sep/2026 09:18:06 - "GET /ctrl/a25/0206_agentview.png HTTP/1.1" 200 -
22/Sep/2026 09:18:06 - "GET /ctrl/a25/0207_agentview.png HTTP/1.1" 200 -
----------------------------------------
Exception occurred during processing of request from ('127.0.0.1', 35434)
Traceback (most recent call last):
  File "/home/chener/miniconda3/lib/python3.14/socketserver.py", line 697, in process_request_thread
    self.finish_request(request, client_address)
    ~~~~~~~~~~~~~~~~~~~^^^^^^^^^^^^^^^^^^^^^^^^^
  File "/home/chener/miniconda3/lib/python3.14/socketserver.py", line 362, in finish_request
    self.RequestHandlerClass(request, client_address, self)
    ~~~~~~~~~~~~~~~~~~~~~~~~^^^^^^^^^^^^^^^^^^^^^^^^^^^^^^^
  File "/home/chener/miniconda3/lib/python3.14/http/server.py", line 736, in __init__
    super().__init__(*args, **kwargs)
    ~~~~~~~~~~~~~~~~^^^^^^^^^^^^^^^^^
  File "/home/chener/miniconda3/lib/python3.14/socketserver.py", line 766, in __init__
    self.handle()
    ~~~~~~~~~~~^^
  File "/home/chener/miniconda3/lib/python3.14/http/server.py", line 500, in handle
    self.handle_one_request()
    ~~~~~~~~~~~~~~~~~~~~~~~^^
  File "/home/chener/miniconda3/lib/python3.14/http/server.py", line 488, in handle_one_request
    method()
    ~~~~~~^^
  File "/home/chener/LIBERO/astra_eval/viz/serve.py", line 33, in do_GET
    return SimpleHTTPRequestHandler.do_GET(self)
           ~~~~~~~~~~~~~~~~~~~~~~~~~~~~~~~^^^^^^
  File "/home/chener/miniconda3/lib/python3.14/http/server.py", line 743, in do_GET
    self.copyfile(f, self.wfile)
    ~~~~~~~~~~~~~^^^^^^^^^^^^^^^
  File "/home/chener/miniconda3/lib/python3.14/http/server.py", line 946, in copyfile
    shutil.copyfileobj(source, outputfile)
    ~~~~~~~~~~~~~~~~~~^^^^^^^^^^^^^^^^^^^^
  File "/home/chener/miniconda3/lib/python3.14/shutil.py", line 257, in copyfileobj
    fdst_write(buf)
    ~~~~~~~~~~^^^^^
  File "/home/chener/miniconda3/lib/python3.14/socketserver.py", line 845, in write
    self._sock.sendall(b)
    ~~~~~~~~~~~~~~~~~~^^^
BrokenPipeError: [Errno 32] Broken pipe
----------------------------------------
22/Sep/2026 09:18:06 - "GET /ctrl/a25/0208_agentview.png HTTP/1.1" 200 -
22/Sep/2026 09:18:06 - "GET /ctrl/a25/0212_agentview.png HTTP/1.1" 200 -
----------------------------------------
22/Sep/2026 09:18:06 - "GET /ctrl/a25/0212_wrist.png HTTP/1.1" 200 -
Exception occurred during processing of request from ('127.0.0.1', 35458)
Traceback (most recent call last):
----------------------------------------  File "/home/chener/miniconda3/lib/python3.14/socketserver.py", line 697, in process_request_thread
    self.finish_request(request, client_address)
    ~~~~~~~~~~~~~~~~~~~^^^^^^^^^^^^^^^^^^^^^^^^^

  File "/home/chener/miniconda3/lib/python3.14/socketserver.py", line 362, in finish_request
    self.RequestHandlerClass(request, client_address, self)
    ~~~~~~~~~~~~~~~~~~~~~~~~^^^^^^^^^^^^^^^^^^^^^^^^^^^^^^^
Exception occurred during processing of request from ('127.0.0.1', 35460)
  File "/home/chener/miniconda3/lib/python3.14/http/server.py", line 736, in __init__
    super().__init__(*args, **kwargs)
    ~~~~~~~~~~~~~~~~^^^^^^^^^^^^^^^^^
  File "/home/chener/miniconda3/lib/python3.14/socketserver.py", line 766, in __init__
    self.handle()
    ~~~~~~~~~~~^^
  File "/home/chener/miniconda3/lib/python3.14/http/server.py", line 500, in handle
    self.handle_one_request()
    ~~~~~~~~~~~~~~~~~~~~~~~^^
  File "/home/chener/miniconda3/lib/python3.14/http/server.py", line 488, in handle_one_request
    method()
    ~~~~~~^^
  File "/home/chener/LIBERO/astra_eval/viz/serve.py", line 33, in do_GET
    return SimpleHTTPRequestHandler.do_GET(self)
           ~~~~~~~~~~~~~~~~~~~~~~~~~~~~~~~^^^^^^
  File "/home/chener/miniconda3/lib/python3.14/http/server.py", line 743, in do_GET
    self.copyfile(f, self.wfile)
    ~~~~~~~~~~~~~^^^^^^^^^^^^^^^
Traceback (most recent call last):
  File "/home/chener/miniconda3/lib/python3.14/http/server.py", line 946, in copyfile
    shutil.copyfileobj(source, outputfile)
    ~~~~~~~~~~~~~~~~~~^^^^^^^^^^^^^^^^^^^^
  File "/home/chener/miniconda3/lib/python3.14/shutil.py", line 257, in copyfileobj
    fdst_write(buf)
    ~~~~~~~~~~^^^^^
  File "/home/chener/miniconda3/lib/python3.14/socketserver.py", line 697, in process_request_thread
    self.finish_request(request, client_address)
    ~~~~~~~~~~~~~~~~~~~^^^^^^^^^^^^^^^^^^^^^^^^^
  File "/home/chener/miniconda3/lib/python3.14/socketserver.py", line 362, in finish_request
    self.RequestHandlerClass(request, client_address, self)
    ~~~~~~~~~~~~~~~~~~~~~~~~^^^^^^^^^^^^^^^^^^^^^^^^^^^^^^^
  File "/home/chener/miniconda3/lib/python3.14/http/server.py", line 736, in __init__
    super().__init__(*args, **kwargs)
    ~~~~~~~~~~~~~~~~^^^^^^^^^^^^^^^^^
  File "/home/chener/miniconda3/lib/python3.14/socketserver.py", line 766, in __init__
    self.handle()
    ~~~~~~~~~~~^^
  File "/home/chener/miniconda3/lib/python3.14/http/server.py", line 500, in handle
    self.handle_one_request()
    ~~~~~~~~~~~~~~~~~~~~~~~^^
  File "/home/chener/miniconda3/lib/python3.14/http/server.py", line 488, in handle_one_request
    method()
    ~~~~~~^^
  File "/home/chener/LIBERO/astra_eval/viz/serve.py", line 33, in do_GET
    return SimpleHTTPRequestHandler.do_GET(self)
           ~~~~~~~~~~~~~~~~~~~~~~~~~~~~~~~^^^^^^
  File "/home/chener/miniconda3/lib/python3.14/socketserver.py", line 845, in write
    self._sock.sendall(b)
    ~~~~~~~~~~~~~~~~~~^^^
  File "/home/chener/miniconda3/lib/python3.14/http/server.py", line 743, in do_GET
    self.copyfile(f, self.wfile)
    ~~~~~~~~~~~~~^^^^^^^^^^^^^^^
BrokenPipeError: [Errno 32] Broken pipe
----------------------------------------
  File "/home/chener/miniconda3/lib/python3.14/http/server.py", line 946, in copyfile
    shutil.copyfileobj(source, outputfile)
    ~~~~~~~~~~~~~~~~~~^^^^^^^^^^^^^^^^^^^^
  File "/home/chener/miniconda3/lib/python3.14/shutil.py", line 257, in copyfileobj
    fdst_write(buf)
    ~~~~~~~~~~^^^^^
  File "/home/chener/miniconda3/lib/python3.14/socketserver.py", line 845, in write
    self._sock.sendall(b)
    ~~~~~~~~~~~~~~~~~~^^^
BrokenPipeError: [Errno 32] Broken pipe
----------------------------------------
22/Sep/2026 09:18:06 - "GET /ctrl/a25/0214_wrist.png HTTP/1.1" 200 -
22/Sep/2026 09:18:06 - "GET /ctrl/a25/0214_agentview.png HTTP/1.1" 200 -
22/Sep/2026 09:18:06 - "GET /ctrl/a25/0215_agentview.png HTTP/1.1" 200 -
22/Sep/2026 09:18:06 - "GET /ctrl/a25/0216_agentview.png HTTP/1.1" 200 -
22/Sep/2026 09:18:07 - "GET /ctrl/a25/0219_agentview.png HTTP/1.1" 200 -
22/Sep/2026 09:18:07 - "GET /ctrl/a25/0219_wrist.png HTTP/1.1" 200 -
22/Sep/2026 09:18:07 - "GET /ctrl/a25/0220_agentview.png HTTP/1.1" 200 -
22/Sep/2026 09:18:07 - "GET /ctrl/a25/0221_agentview.png HTTP/1.1" 200 -
22/Sep/2026 09:18:07 - "GET /ctrl/a25/0221_wrist.png HTTP/1.1" 200 -
22/Sep/2026 09:18:07 - "GET /ctrl/a25/0223_agentview.png HTTP/1.1" 200 -
22/Sep/2026 09:18:07 - "GET /ctrl/a25/0224_agentview.png HTTP/1.1" 200 -
22/Sep/2026 09:18:07 - "GET /ctrl/a25/0224_wrist.png HTTP/1.1" 200 -
